/*******************************************************************************
 * Size: 16 px
 * Bpp: 4
 * Opts: --font /System/Library/Fonts/Supplemental/Arial Unicode.ttf --size 16 --bpp 4 --format lvgl --lv-font-name font_zh_16 --lv-include lvgl.h --no-compress -r 0x20-0x7E -r 0xB0 -r 0x3000 -r 0xFF0C --symbols 天氣溫度濕體感風速更新連線中失敗休眠電池未取得資料錯誤重試無網路秒分時前剛才第次設定手機掃描配熱點密碼擲筊聖笑陰立搖動請誠心默念所求之事神明允可依此而行一不問過再宜極為罕見慎出結果晴多雲有霧淞毛細雨凍陣小大雪冰雹珠雷暴強沙塵台臺北市桃園竹苗栗彰化南投林嘉義高雄屏東蘭花蓮澎湖金門馬祖基隆鄉鎮區縣 -o /Users/lazyjerry/Documents/PlatformIO/Projects/my-first-esp32/src/fonts/font_zh_16.c
 ******************************************************************************/

#ifdef LV_LVGL_H_INCLUDE_SIMPLE
#include "lvgl.h"
#else
#include "lvgl.h"
#endif

#ifndef FONT_ZH_16
#define FONT_ZH_16 1
#endif

#if FONT_ZH_16

/*-----------------
 *    BITMAPS
 *----------------*/

/*Store the image of the glyphs*/
static LV_ATTRIBUTE_LARGE_CONST const uint8_t glyph_bitmap[] = {
    /* U+0020 " " */

    /* U+0021 "!" */
    0xaf, 0x1a, 0xf1, 0xaf, 0x19, 0xf0, 0x8f, 0x7,
    0xe0, 0x6d, 0x5, 0xc0, 0x3b, 0x0, 0x10, 0x6b,
    0x9, 0xf0,

    /* U+0022 "\"" */
    0x5f, 0x49, 0xf0, 0x5f, 0x49, 0xf0, 0x4f, 0x28,
    0xe0, 0x1f, 0x5, 0xc0, 0x4, 0x1, 0x30,

    /* U+0023 "#" */
    0x0, 0xe, 0x40, 0x3e, 0x0, 0x1, 0xf1, 0x7,
    0xb0, 0x0, 0x5d, 0x0, 0xb7, 0xd, 0xff, 0xff,
    0xff, 0xfb, 0x33, 0xd8, 0x35, 0xf4, 0x20, 0xf,
    0x30, 0x5d, 0x0, 0x2, 0xf0, 0x8, 0xa0, 0xd,
    0xff, 0xff, 0xff, 0xfb, 0x2a, 0xa3, 0x3f, 0x63,
    0x20, 0xb7, 0x1, 0xf1, 0x0, 0xe, 0x40, 0x4e,
    0x0, 0x1, 0xf1, 0x7, 0xb0, 0x0,

    /* U+0024 "$" */
    0x0, 0x0, 0x60, 0x0, 0x0, 0x4, 0xaf, 0x93,
    0x0, 0x6, 0xfa, 0xec, 0xf3, 0x0, 0xe8, 0xd,
    0xd, 0xb0, 0x1f, 0x40, 0xd0, 0x44, 0x0, 0xf8,
    0xd, 0x0, 0x0, 0x8, 0xfa, 0xe0, 0x0, 0x0,
    0x6, 0xdf, 0xf9, 0x0, 0x0, 0x0, 0xe8, 0xfa,
    0x0, 0x0, 0xd, 0x7, 0xf0, 0x3c, 0x10, 0xd0,
    0x4f, 0x22, 0xf6, 0xd, 0x8, 0xf0, 0xb, 0xf6,
    0xe7, 0xf8, 0x0, 0x9, 0xef, 0xe9, 0x0, 0x0,
    0x0, 0xd0, 0x0, 0x0, 0x0, 0x6, 0x0, 0x0,

    /* U+0025 "%" */
    0xa, 0xfc, 0x20, 0x0, 0x98, 0x0, 0x8, 0xc1,
    0x9b, 0x0, 0x1e, 0x10, 0x0, 0xc7, 0x3, 0xf0,
    0x9, 0x80, 0x0, 0xc, 0x60, 0x3f, 0x2, 0xe1,
    0x0, 0x0, 0x8b, 0x8, 0xc0, 0xa7, 0x0, 0x0,
    0x1, 0xcf, 0xd2, 0x3e, 0x0, 0x0, 0x0, 0x0,
    0x0, 0xb, 0x70, 0x8d, 0xb1, 0x0, 0x0, 0x3,
    0xe0, 0x7d, 0x29, 0xc0, 0x0, 0x0, 0xc6, 0xb,
    0x70, 0x2f, 0x0, 0x0, 0x4d, 0x0, 0xb7, 0x2,
    0xf1, 0x0, 0xc, 0x50, 0x7, 0xc1, 0x8d, 0x0,
    0x5, 0xd0, 0x0, 0xa, 0xfc, 0x20,

    /* U+0026 "&" */
    0x0, 0x9, 0xee, 0x80, 0x0, 0x0, 0x8, 0xe5,
    0x7f, 0x50, 0x0, 0x0, 0xd9, 0x0, 0xd9, 0x0,
    0x0, 0xa, 0xe0, 0x1f, 0x50, 0x0, 0x0, 0x2f,
    0xbd, 0x90, 0x0, 0x0, 0x4, 0xef, 0xb0, 0x0,
    0x0, 0x6, 0xf8, 0x8f, 0x60, 0x93, 0x1, 0xf9,
    0x0, 0xbf, 0x8f, 0x40, 0x4f, 0x40, 0x0, 0xdf,
    0xd0, 0x2, 0xf8, 0x0, 0x9, 0xfd, 0x0, 0xa,
    0xf8, 0x5b, 0xfa, 0xfc, 0x10, 0x8, 0xef, 0xc5,
    0x5, 0xc0, 0x0, 0x0, 0x0, 0x0, 0x0, 0x0,

    /* U+0027 "'" */
    0x4f, 0x54, 0xf5, 0x3f, 0x30, 0xf1, 0x4, 0x0,

    /* U+0028 "(" */
    0x0, 0x9, 0x70, 0x3, 0xe0, 0x0, 0xc7, 0x0,
    0x3f, 0x10, 0x9, 0xc0, 0x0, 0xd9, 0x0, 0xf,
    0x70, 0x0, 0xf7, 0x0, 0xf, 0x70, 0x0, 0xd9,
    0x0, 0x8, 0xd0, 0x0, 0x3f, 0x10, 0x0, 0xc7,
    0x0, 0x4, 0xe0, 0x0, 0x9, 0x70,

    /* U+0029 ")" */
    0x2d, 0x0, 0x0, 0x99, 0x0, 0x2, 0xf1, 0x0,
    0xc, 0x80, 0x0, 0x7e, 0x0, 0x4, 0xf2, 0x0,
    0x2f, 0x40, 0x1, 0xf5, 0x0, 0x2f, 0x40, 0x4,
    0xf2, 0x0, 0x7e, 0x0, 0xc, 0x90, 0x2, 0xf2,
    0x0, 0x99, 0x0, 0x2d, 0x0, 0x0,

    /* U+002A "*" */
    0x0, 0x6a, 0x0, 0x27, 0x79, 0x64, 0x3b, 0xef,
    0xb5, 0x2, 0xed, 0x40, 0x9, 0x74, 0xd0, 0x0,
    0x0, 0x0,

    /* U+002B "+" */
    0x0, 0x0, 0x0, 0x0, 0x0, 0x0, 0xf, 0x50,
    0x0, 0x0, 0x0, 0xf5, 0x0, 0x0, 0x11, 0x1f,
    0x61, 0x10, 0x1f, 0xff, 0xff, 0xff, 0x70, 0x44,
    0x4f, 0x84, 0x42, 0x0, 0x0, 0xf5, 0x0, 0x0,
    0x0, 0xf, 0x50, 0x0, 0x0, 0x0, 0xf5, 0x0,
    0x0,

    /* U+002C "," */
    0x6b, 0x9, 0xf0, 0xd, 0x5, 0xa0, 0x20, 0x0,

    /* U+002D "-" */
    0x38, 0x88, 0x67, 0xff, 0xfd,

    /* U+002E "." */
    0x6b, 0x9, 0xf0,

    /* U+002F "/" */
    0x0, 0xd, 0x50, 0x1, 0xf0, 0x0, 0x6c, 0x0,
    0xa, 0x70, 0x0, 0xe3, 0x0, 0x3e, 0x0, 0x7,
    0xa0, 0x0, 0xc6, 0x0, 0xf, 0x10, 0x5, 0xd0,
    0x0, 0x98, 0x0, 0xd, 0x40, 0x0,

    /* U+0030 "0" */
    0x0, 0x5d, 0xfd, 0x40, 0x0, 0x4f, 0x84, 0x9f,
    0x30, 0xc, 0xa0, 0x0, 0xcb, 0x0, 0xf5, 0x0,
    0x7, 0xf0, 0x3f, 0x30, 0x0, 0x5f, 0x14, 0xf2,
    0x0, 0x4, 0xf2, 0x4f, 0x20, 0x0, 0x4f, 0x23,
    0xf3, 0x0, 0x5, 0xf1, 0x1f, 0x50, 0x0, 0x7f,
    0x0, 0xcb, 0x0, 0xc, 0xa0, 0x5, 0xf8, 0x49,
    0xf3, 0x0, 0x6, 0xdf, 0xd4, 0x0,

    /* U+0031 "1" */
    0x0, 0x3, 0xf0, 0x2, 0xef, 0x6, 0xfe, 0xf3,
    0xf7, 0x6f, 0x11, 0x6, 0xf0, 0x0, 0x6f, 0x0,
    0x6, 0xf0, 0x0, 0x6f, 0x0, 0x6, 0xf0, 0x0,
    0x6f, 0x0, 0x6, 0xf0, 0x0, 0x6f,

    /* U+0032 "2" */
    0x0, 0x7d, 0xfd, 0x60, 0x0, 0x8f, 0x74, 0x8f,
    0x70, 0xf, 0x70, 0x0, 0x9e, 0x1, 0x82, 0x0,
    0x7, 0xf0, 0x0, 0x0, 0x0, 0xbc, 0x0, 0x0,
    0x0, 0x6f, 0x40, 0x0, 0x0, 0x6f, 0x80, 0x0,
    0x0, 0x7f, 0x80, 0x0, 0x0, 0x8f, 0x60, 0x0,
    0x0, 0x7f, 0x50, 0x0, 0x0, 0x1f, 0xc7, 0x77,
    0x77, 0x6, 0xff, 0xff, 0xff, 0xf1,

    /* U+0033 "3" */
    0x0, 0x7d, 0xfc, 0x30, 0x0, 0x7f, 0x74, 0xaf,
    0x20, 0xe, 0x80, 0x0, 0xe8, 0x0, 0x31, 0x0,
    0xd, 0x90, 0x0, 0x0, 0x18, 0xf3, 0x0, 0x0,
    0x6f, 0xf8, 0x0, 0x0, 0x2, 0x37, 0xf9, 0x0,
    0x0, 0x0, 0x8, 0xf1, 0x16, 0x10, 0x0, 0x5f,
    0x31, 0xf7, 0x0, 0x9, 0xf0, 0x9, 0xf6, 0x49,
    0xf7, 0x0, 0x7, 0xdf, 0xd6, 0x0,

    /* U+0034 "4" */
    0x0, 0x0, 0xd, 0x90, 0x0, 0x0, 0x8, 0xf9,
    0x0, 0x0, 0x3, 0xfe, 0x90, 0x0, 0x0, 0xd7,
    0xc9, 0x0, 0x0, 0x8c, 0xc, 0x90, 0x0, 0x2f,
    0x30, 0xc9, 0x0, 0xc, 0x80, 0xc, 0x90, 0x7,
    0xe2, 0x11, 0xda, 0x10, 0xcf, 0xff, 0xff, 0xff,
    0x23, 0x44, 0x44, 0xdb, 0x40, 0x0, 0x0, 0xc,
    0x90, 0x0, 0x0, 0x0, 0xc9, 0x0,

    /* U+0035 "5" */
    0x0, 0xff, 0xff, 0xfb, 0x0, 0x3f, 0x77, 0x77,
    0x50, 0x6, 0xf0, 0x0, 0x0, 0x0, 0x9c, 0x0,
    0x0, 0x0, 0xc, 0xcc, 0xff, 0x80, 0x0, 0xfe,
    0x64, 0x9f, 0x90, 0x4, 0x20, 0x0, 0x9f, 0x10,
    0x0, 0x0, 0x5, 0xf3, 0x16, 0x10, 0x0, 0x5f,
    0x31, 0xf7, 0x0, 0xa, 0xe0, 0xa, 0xf7, 0x49,
    0xf5, 0x0, 0x8, 0xdf, 0xd5, 0x0,

    /* U+0036 "6" */
    0x0, 0x3c, 0xfe, 0x80, 0x0, 0x3f, 0xa4, 0x6f,
    0x80, 0xb, 0xb0, 0x0, 0x7c, 0x0, 0xf4, 0x0,
    0x0, 0x0, 0x3f, 0x3b, 0xff, 0x80, 0x4, 0xfd,
    0x94, 0x8f, 0x80, 0x5f, 0xa0, 0x0, 0x9f, 0x4,
    0xf5, 0x0, 0x4, 0xf2, 0x2f, 0x60, 0x0, 0x4f,
    0x20, 0xdb, 0x0, 0x9, 0xe0, 0x5, 0xf9, 0x48,
    0xf6, 0x0, 0x4, 0xcf, 0xe7, 0x0,

    /* U+0037 "7" */
    0x3f, 0xff, 0xff, 0xff, 0x31, 0x77, 0x77, 0x7e,
    0xd0, 0x0, 0x0, 0x5, 0xf3, 0x0, 0x0, 0x1,
    0xe8, 0x0, 0x0, 0x0, 0x8f, 0x10, 0x0, 0x0,
    0xf, 0x80, 0x0, 0x0, 0x7, 0xf1, 0x0, 0x0,
    0x0, 0xcb, 0x0, 0x0, 0x0, 0x1f, 0x60, 0x0,
    0x0, 0x5, 0xf2, 0x0, 0x0, 0x0, 0x7f, 0x0,
    0x0, 0x0, 0x9, 0xd0, 0x0, 0x0,

    /* U+0038 "8" */
    0x0, 0x6d, 0xfc, 0x40, 0x0, 0x5f, 0x84, 0x9f,
    0x30, 0xb, 0xb0, 0x0, 0xda, 0x0, 0xca, 0x0,
    0xc, 0xb0, 0x7, 0xf4, 0x6, 0xf4, 0x0, 0xa,
    0xff, 0xf8, 0x0, 0x9, 0xf6, 0x48, 0xf9, 0x2,
    0xf5, 0x0, 0x8, 0xf1, 0x4f, 0x20, 0x0, 0x4f,
    0x32, 0xf6, 0x0, 0x8, 0xf1, 0xa, 0xf7, 0x47,
    0xf8, 0x0, 0x7, 0xdf, 0xd7, 0x0,

    /* U+0039 "9" */
    0x0, 0x8e, 0xfc, 0x30, 0x0, 0x9f, 0x74, 0x8f,
    0x30, 0x1f, 0x70, 0x0, 0xab, 0x4, 0xf2, 0x0,
    0x6, 0xf0, 0x2f, 0x40, 0x0, 0x8f, 0x20, 0xce,
    0x41, 0x5e, 0xf3, 0x2, 0xcf, 0xfd, 0x6f, 0x20,
    0x0, 0x22, 0x5, 0xf1, 0x5, 0x10, 0x0, 0x9e,
    0x0, 0xe8, 0x0, 0xe, 0x90, 0x8, 0xf6, 0x4b,
    0xe2, 0x0, 0x8, 0xef, 0xb2, 0x0,

    /* U+003A ":" */
    0x9f, 0x6, 0xb0, 0x0, 0x0, 0x0, 0x0, 0x0,
    0x0, 0x0, 0x6, 0xb0, 0x9f, 0x0,

    /* U+003B ";" */
    0x9f, 0x6, 0xb0, 0x0, 0x0, 0x0, 0x0, 0x0,
    0x0, 0x0, 0x6, 0xb0, 0x9f, 0x0, 0xd0, 0x5a,
    0x2, 0x0,

    /* U+003C "<" */
    0x0, 0x0, 0x0, 0x0, 0x0, 0x0, 0x0, 0x3,
    0xa7, 0x0, 0x0, 0x5c, 0xfc, 0x30, 0x6, 0xdf,
    0xa3, 0x0, 0x1e, 0xe8, 0x10, 0x0, 0x1, 0xef,
    0x81, 0x0, 0x0, 0x0, 0x6d, 0xfa, 0x30, 0x0,
    0x0, 0x5, 0xcf, 0xc3, 0x0, 0x0, 0x0, 0x3b,
    0x70, 0x0, 0x0, 0x0, 0x0,

    /* U+003D "=" */
    0x1f, 0xff, 0xff, 0xff, 0x70, 0x66, 0x66, 0x66,
    0x62, 0x0, 0x0, 0x0, 0x0, 0x0, 0x11, 0x11,
    0x11, 0x10, 0x1f, 0xff, 0xff, 0xff, 0x70, 0x44,
    0x44, 0x44, 0x42,

    /* U+003E ">" */
    0x0, 0x0, 0x0, 0x0, 0x1, 0xd6, 0x0, 0x0,
    0x0, 0xa, 0xfe, 0x71, 0x0, 0x0, 0x1, 0x8e,
    0xf9, 0x10, 0x0, 0x0, 0x6, 0xdf, 0x50, 0x0,
    0x0, 0x5c, 0xf6, 0x0, 0x17, 0xef, 0x92, 0x0,
    0x9f, 0xe8, 0x10, 0x0, 0x1d, 0x60, 0x0, 0x0,
    0x0, 0x0, 0x0, 0x0, 0x0,

    /* U+003F "?" */
    0x0, 0x7d, 0xfd, 0x60, 0x0, 0x8f, 0x74, 0x8f,
    0x90, 0xf, 0x80, 0x0, 0x9f, 0x1, 0x82, 0x0,
    0x6, 0xf1, 0x0, 0x0, 0x0, 0xcc, 0x0, 0x0,
    0x0, 0xbe, 0x20, 0x0, 0x0, 0xae, 0x20, 0x0,
    0x0, 0x2f, 0x50, 0x0, 0x0, 0x4, 0xf1, 0x0,
    0x0, 0x0, 0x1, 0x0, 0x0, 0x0, 0x4, 0xb2,
    0x0, 0x0, 0x0, 0x5f, 0x30, 0x0,

    /* U+0040 "@" */
    0x0, 0x0, 0x6, 0xbe, 0xfe, 0xc7, 0x0, 0x0,
    0x0, 0x2, 0xde, 0x84, 0x34, 0x8e, 0xe2, 0x0,
    0x0, 0x2f, 0x90, 0x0, 0x0, 0x0, 0x9e, 0x10,
    0x0, 0xc9, 0x0, 0x9e, 0xe6, 0x8d, 0xb, 0xa0,
    0x5, 0xe0, 0xb, 0xe5, 0x5e, 0xea, 0x2, 0xf0,
    0xb, 0x70, 0x6f, 0x20, 0x5, 0xf7, 0x0, 0xe3,
    0xe, 0x20, 0xda, 0x0, 0x3, 0xf4, 0x0, 0xe4,
    0xf, 0x10, 0xf6, 0x0, 0x4, 0xf1, 0x0, 0xf2,
    0xf, 0x11, 0xf5, 0x0, 0x9, 0xe0, 0x6, 0xd0,
    0xf, 0x30, 0xe9, 0x0, 0x3f, 0xa0, 0x2f, 0x50,
    0xa, 0x90, 0x8f, 0x87, 0xef, 0xd7, 0xf9, 0x0,
    0x3, 0xf3, 0xa, 0xfd, 0x38, 0xfd, 0x60, 0x21,
    0x0, 0x8e, 0x50, 0x0, 0x0, 0x0, 0x8, 0xf2,
    0x0, 0x7, 0xfc, 0x74, 0x34, 0x59, 0xed, 0x30,
    0x0, 0x0, 0x18, 0xce, 0xff, 0xda, 0x50, 0x0,

    /* U+0041 "A" */
    0x0, 0x0, 0xc, 0xf3, 0x0, 0x0, 0x0, 0x0,
    0x2f, 0xd9, 0x0, 0x0, 0x0, 0x0, 0x8d, 0x7f,
    0x0, 0x0, 0x0, 0x0, 0xe8, 0x1f, 0x60, 0x0,
    0x0, 0x4, 0xf2, 0xb, 0xc0, 0x0, 0x0, 0xa,
    0xc0, 0x5, 0xf2, 0x0, 0x0, 0xf, 0x70, 0x1,
    0xf8, 0x0, 0x0, 0x5f, 0xff, 0xff, 0xfe, 0x0,
    0x0, 0xbc, 0x33, 0x33, 0x6f, 0x50, 0x1, 0xf6,
    0x0, 0x0, 0xe, 0xb0, 0x7, 0xf1, 0x0, 0x0,
    0x8, 0xf1, 0xd, 0xc0, 0x0, 0x0, 0x3, 0xf7,

    /* U+0042 "B" */
    0xdf, 0xff, 0xfe, 0xa1, 0xd, 0xd7, 0x77, 0x9f,
    0xc0, 0xdb, 0x0, 0x0, 0x5f, 0x2d, 0xb0, 0x0,
    0x4, 0xf3, 0xdb, 0x22, 0x23, 0xcd, 0xd, 0xff,
    0xff, 0xff, 0x20, 0xdc, 0x55, 0x56, 0xce, 0x2d,
    0xb0, 0x0, 0x0, 0xea, 0xdb, 0x0, 0x0, 0xc,
    0xcd, 0xb0, 0x0, 0x1, 0xea, 0xdd, 0x77, 0x78,
    0xef, 0x3d, 0xff, 0xff, 0xeb, 0x40,

    /* U+0043 "C" */
    0x0, 0x4, 0xbe, 0xfc, 0x60, 0x0, 0x8, 0xfb,
    0x76, 0xaf, 0xa0, 0x5, 0xf8, 0x0, 0x0, 0x7f,
    0x50, 0xce, 0x0, 0x0, 0x0, 0xa5, 0xf, 0x90,
    0x0, 0x0, 0x0, 0x2, 0xf7, 0x0, 0x0, 0x0,
    0x0, 0x2f, 0x60, 0x0, 0x0, 0x0, 0x0, 0xf8,
    0x0, 0x0, 0x0, 0x20, 0xc, 0xd0, 0x0, 0x0,
    0xd, 0xc0, 0x5f, 0x70, 0x0, 0x7, 0xf5, 0x0,
    0xaf, 0xb6, 0x7b, 0xfa, 0x0, 0x0, 0x6c, 0xff,
    0xc6, 0x0,

    /* U+0044 "D" */
    0xbf, 0xff, 0xfe, 0xb4, 0x0, 0xbe, 0x77, 0x78,
    0xdf, 0x50, 0xbc, 0x0, 0x0, 0xc, 0xe0, 0xbc,
    0x0, 0x0, 0x3, 0xf6, 0xbc, 0x0, 0x0, 0x0,
    0xfa, 0xbc, 0x0, 0x0, 0x0, 0xdb, 0xbc, 0x0,
    0x0, 0x0, 0xdb, 0xbc, 0x0, 0x0, 0x0, 0xf9,
    0xbc, 0x0, 0x0, 0x3, 0xf6, 0xbc, 0x0, 0x0,
    0xc, 0xe0, 0xbe, 0x77, 0x78, 0xdf, 0x50, 0xbf,
    0xff, 0xfe, 0xb3, 0x0,

    /* U+0045 "E" */
    0xbf, 0xff, 0xff, 0xff, 0x9b, 0xe7, 0x77, 0x77,
    0x74, 0xbc, 0x0, 0x0, 0x0, 0xb, 0xc0, 0x0,
    0x0, 0x0, 0xbc, 0x22, 0x22, 0x22, 0xb, 0xff,
    0xff, 0xff, 0xf2, 0xbd, 0x55, 0x55, 0x55, 0xb,
    0xc0, 0x0, 0x0, 0x0, 0xbc, 0x0, 0x0, 0x0,
    0xb, 0xc0, 0x0, 0x0, 0x0, 0xbe, 0x77, 0x77,
    0x77, 0x5b, 0xff, 0xff, 0xff, 0xfd,

    /* U+0046 "F" */
    0xbf, 0xff, 0xff, 0xff, 0xb, 0xe7, 0x77, 0x77,
    0x70, 0xbc, 0x0, 0x0, 0x0, 0xb, 0xc0, 0x0,
    0x0, 0x0, 0xbd, 0x22, 0x22, 0x20, 0xb, 0xff,
    0xff, 0xff, 0x30, 0xbd, 0x55, 0x55, 0x50, 0xb,
    0xc0, 0x0, 0x0, 0x0, 0xbc, 0x0, 0x0, 0x0,
    0xb, 0xc0, 0x0, 0x0, 0x0, 0xbc, 0x0, 0x0,
    0x0, 0xb, 0xc0, 0x0, 0x0, 0x0,

    /* U+0047 "G" */
    0x0, 0x3, 0xae, 0xfe, 0xa3, 0x0, 0x0, 0x6f,
    0xd8, 0x68, 0xdf, 0x40, 0x3, 0xf9, 0x0, 0x0,
    0xc, 0xd0, 0xb, 0xe0, 0x0, 0x0, 0x3, 0xa1,
    0xf, 0x90, 0x0, 0x0, 0x0, 0x0, 0x1f, 0x60,
    0x0, 0x2, 0x22, 0x20, 0x2f, 0x70, 0x0, 0x6f,
    0xff, 0xf6, 0xf, 0x90, 0x0, 0x25, 0x55, 0xf6,
    0xb, 0xe0, 0x0, 0x0, 0x0, 0xf6, 0x3, 0xfb,
    0x0, 0x0, 0x5, 0xf6, 0x0, 0x6f, 0xe9, 0x78,
    0xdf, 0xc1, 0x0, 0x2, 0xae, 0xfe, 0xb5, 0x0,

    /* U+0048 "H" */
    0xbc, 0x0, 0x0, 0x4, 0xf4, 0xbc, 0x0, 0x0,
    0x4, 0xf4, 0xbc, 0x0, 0x0, 0x4, 0xf4, 0xbc,
    0x0, 0x0, 0x4, 0xf4, 0xbd, 0x22, 0x22, 0x25,
    0xf4, 0xbf, 0xff, 0xff, 0xff, 0xf4, 0xbd, 0x55,
    0x55, 0x57, 0xf4, 0xbc, 0x0, 0x0, 0x4, 0xf4,
    0xbc, 0x0, 0x0, 0x4, 0xf4, 0xbc, 0x0, 0x0,
    0x4, 0xf4, 0xbc, 0x0, 0x0, 0x4, 0xf4, 0xbc,
    0x0, 0x0, 0x4, 0xf4,

    /* U+0049 "I" */
    0x8f, 0x8f, 0x8f, 0x8f, 0x8f, 0x8f, 0x8f, 0x8f,
    0x8f, 0x8f, 0x8f, 0x8f,

    /* U+004A "J" */
    0x0, 0x0, 0xc, 0xb0, 0x0, 0x0, 0xcb, 0x0,
    0x0, 0xc, 0xb0, 0x0, 0x0, 0xcb, 0x0, 0x0,
    0xc, 0xb0, 0x0, 0x0, 0xcb, 0x0, 0x0, 0xc,
    0xb0, 0x0, 0x0, 0xcb, 0x59, 0x0, 0xd, 0xb6,
    0xf1, 0x0, 0xf9, 0x2f, 0xc7, 0xbf, 0x30, 0x4d,
    0xfd, 0x50,

    /* U+004B "K" */
    0xdb, 0x0, 0x0, 0x2e, 0xd1, 0xdb, 0x0, 0x2,
    0xed, 0x10, 0xdb, 0x0, 0x1e, 0xd1, 0x0, 0xdb,
    0x1, 0xdd, 0x10, 0x0, 0xdb, 0x1d, 0xe1, 0x0,
    0x0, 0xdc, 0xcf, 0xf2, 0x0, 0x0, 0xdf, 0xe3,
    0xfc, 0x0, 0x0, 0xde, 0x20, 0x6f, 0x70, 0x0,
    0xdb, 0x0, 0xb, 0xf3, 0x0, 0xdb, 0x0, 0x1,
    0xed, 0x0, 0xdb, 0x0, 0x0, 0x5f, 0x90, 0xdb,
    0x0, 0x0, 0xb, 0xf4,

    /* U+004C "L" */
    0xcb, 0x0, 0x0, 0x0, 0xcb, 0x0, 0x0, 0x0,
    0xcb, 0x0, 0x0, 0x0, 0xcb, 0x0, 0x0, 0x0,
    0xcb, 0x0, 0x0, 0x0, 0xcb, 0x0, 0x0, 0x0,
    0xcb, 0x0, 0x0, 0x0, 0xcb, 0x0, 0x0, 0x0,
    0xcb, 0x0, 0x0, 0x0, 0xcb, 0x0, 0x0, 0x0,
    0xcd, 0x77, 0x77, 0x72, 0xcf, 0xff, 0xff, 0xf6,

    /* U+004D "M" */
    0xcf, 0xa0, 0x0, 0x0, 0x1f, 0xf1, 0xcf, 0xf0,
    0x0, 0x0, 0x6f, 0xf1, 0xcb, 0xf4, 0x0, 0x0,
    0xbc, 0xf1, 0xca, 0xc9, 0x0, 0x1, 0xf7, 0xf1,
    0xca, 0x6e, 0x0, 0x6, 0xc5, 0xf1, 0xca, 0x1f,
    0x30, 0xb, 0x75, 0xf1, 0xca, 0xc, 0x90, 0xf,
    0x25, 0xf1, 0xca, 0x7, 0xe0, 0x5d, 0x5, 0xf1,
    0xca, 0x2, 0xf3, 0xb7, 0x5, 0xf1, 0xca, 0x0,
    0xd8, 0xf2, 0x5, 0xf1, 0xca, 0x0, 0x8f, 0xd0,
    0x5, 0xf1, 0xca, 0x0, 0x2f, 0x80, 0x5, 0xf1,

    /* U+004E "N" */
    0xbf, 0x20, 0x0, 0x2, 0xf4, 0xbf, 0xc0, 0x0,
    0x2, 0xf4, 0xbe, 0xf6, 0x0, 0x2, 0xf4, 0xbb,
    0xae, 0x10, 0x2, 0xf4, 0xbb, 0x1f, 0xa0, 0x2,
    0xf4, 0xbb, 0x6, 0xf4, 0x2, 0xf4, 0xbb, 0x0,
    0xce, 0x2, 0xf4, 0xbb, 0x0, 0x2f, 0x92, 0xf4,
    0xbb, 0x0, 0x8, 0xf6, 0xf4, 0xbb, 0x0, 0x0,
    0xde, 0xf4, 0xbb, 0x0, 0x0, 0x3f, 0xf4, 0xbb,
    0x0, 0x0, 0x9, 0xf4,

    /* U+004F "O" */
    0x0, 0x4, 0xbe, 0xfd, 0x81, 0x0, 0x0, 0x8f,
    0xc7, 0x69, 0xfd, 0x10, 0x5, 0xf8, 0x0, 0x0,
    0x2e, 0xc0, 0xc, 0xd0, 0x0, 0x0, 0x6, 0xf4,
    0x1f, 0x80, 0x0, 0x0, 0x0, 0xf8, 0x3f, 0x50,
    0x0, 0x0, 0x0, 0xea, 0x3f, 0x50, 0x0, 0x0,
    0x0, 0xea, 0x1f, 0x70, 0x0, 0x0, 0x0, 0xf9,
    0xd, 0xd0, 0x0, 0x0, 0x6, 0xf4, 0x5, 0xf8,
    0x0, 0x0, 0x2e, 0xc0, 0x0, 0x8f, 0xc7, 0x69,
    0xfd, 0x10, 0x0, 0x4, 0xbe, 0xfd, 0x81, 0x0,

    /* U+0050 "P" */
    0xcf, 0xff, 0xff, 0xd6, 0xc, 0xd7, 0x77, 0x8c,
    0xf6, 0xcc, 0x0, 0x0, 0xd, 0xcc, 0xc0, 0x0,
    0x0, 0xaf, 0xcc, 0x0, 0x0, 0xc, 0xdc, 0xc2,
    0x22, 0x39, 0xf8, 0xcf, 0xff, 0xff, 0xf9, 0xc,
    0xd5, 0x54, 0x41, 0x0, 0xcc, 0x0, 0x0, 0x0,
    0xc, 0xc0, 0x0, 0x0, 0x0, 0xcc, 0x0, 0x0,
    0x0, 0xc, 0xc0, 0x0, 0x0, 0x0,

    /* U+0051 "Q" */
    0x0, 0x4, 0xbe, 0xfd, 0x80, 0x0, 0x0, 0x8f,
    0xc7, 0x69, 0xfd, 0x10, 0x5, 0xf8, 0x0, 0x0,
    0x2e, 0xc0, 0xc, 0xd0, 0x0, 0x0, 0x6, 0xf4,
    0x1f, 0x70, 0x0, 0x0, 0x0, 0xf9, 0x3f, 0x50,
    0x0, 0x0, 0x0, 0xea, 0x3f, 0x50, 0x0, 0x0,
    0x0, 0xea, 0x1f, 0x70, 0x0, 0x0, 0x0, 0xf8,
    0xc, 0xd0, 0x0, 0x21, 0x6, 0xf4, 0x4, 0xf8,
    0x0, 0x7f, 0x8e, 0xb0, 0x0, 0x8f, 0xc7, 0x6b,
    0xff, 0x40, 0x0, 0x4, 0xbf, 0xfd, 0x79, 0xf8,
    0x0, 0x0, 0x0, 0x0, 0x0, 0x46,

    /* U+0052 "R" */
    0xbf, 0xff, 0xff, 0xeb, 0x20, 0xb, 0xd5, 0x55,
    0x58, 0xee, 0x0, 0xbc, 0x0, 0x0, 0x4, 0xf5,
    0xb, 0xc0, 0x0, 0x0, 0x3f, 0x50, 0xbd, 0x22,
    0x22, 0x4c, 0xe1, 0xb, 0xff, 0xff, 0xff, 0xc3,
    0x0, 0xbd, 0x55, 0x7e, 0xb0, 0x0, 0xb, 0xc0,
    0x0, 0x3f, 0xb0, 0x0, 0xbc, 0x0, 0x0, 0x8f,
    0x60, 0xb, 0xc0, 0x0, 0x0, 0xee, 0x0, 0xbc,
    0x0, 0x0, 0x6, 0xf8, 0xb, 0xc0, 0x0, 0x0,
    0xc, 0xf1,

    /* U+0053 "S" */
    0x0, 0x3b, 0xef, 0xd7, 0x0, 0x4, 0xfd, 0x87,
    0xaf, 0xc0, 0xb, 0xd0, 0x0, 0x6, 0xf4, 0xc,
    0xb0, 0x0, 0x0, 0x93, 0x7, 0xf9, 0x30, 0x0,
    0x0, 0x0, 0x8f, 0xfe, 0xb6, 0x0, 0x0, 0x0,
    0x48, 0xcf, 0xd1, 0x0, 0x0, 0x0, 0x3, 0xfa,
    0x3f, 0x40, 0x0, 0x0, 0xac, 0xe, 0xc0, 0x0,
    0x1, 0xea, 0x5, 0xfe, 0x97, 0x9e, 0xf3, 0x0,
    0x4b, 0xef, 0xea, 0x20,

    /* U+0054 "T" */
    0xaf, 0xff, 0xff, 0xff, 0xf6, 0x47, 0x77, 0xfc,
    0x77, 0x73, 0x0, 0x0, 0xea, 0x0, 0x0, 0x0,
    0x0, 0xea, 0x0, 0x0, 0x0, 0x0, 0xea, 0x0,
    0x0, 0x0, 0x0, 0xea, 0x0, 0x0, 0x0, 0x0,
    0xea, 0x0, 0x0, 0x0, 0x0, 0xea, 0x0, 0x0,
    0x0, 0x0, 0xea, 0x0, 0x0, 0x0, 0x0, 0xea,
    0x0, 0x0, 0x0, 0x0, 0xea, 0x0, 0x0, 0x0,
    0x0, 0xea, 0x0, 0x0,

    /* U+0055 "U" */
    0xbc, 0x0, 0x0, 0x4, 0xf4, 0xbc, 0x0, 0x0,
    0x4, 0xf4, 0xbc, 0x0, 0x0, 0x4, 0xf4, 0xbc,
    0x0, 0x0, 0x4, 0xf4, 0xbc, 0x0, 0x0, 0x4,
    0xf4, 0xbc, 0x0, 0x0, 0x4, 0xf4, 0xbc, 0x0,
    0x0, 0x4, 0xf4, 0xbc, 0x0, 0x0, 0x4, 0xf3,
    0x9e, 0x0, 0x0, 0x6, 0xf2, 0x6f, 0x50, 0x0,
    0xc, 0xe0, 0xd, 0xfa, 0x78, 0xdf, 0x50, 0x1,
    0x9d, 0xfe, 0xc4, 0x0,

    /* U+0056 "V" */
    0xbe, 0x0, 0x0, 0x0, 0x2f, 0x55, 0xf3, 0x0,
    0x0, 0x8, 0xf0, 0xf, 0x90, 0x0, 0x0, 0xda,
    0x0, 0x9e, 0x0, 0x0, 0x3f, 0x40, 0x3, 0xf4,
    0x0, 0x9, 0xd0, 0x0, 0xd, 0x90, 0x0, 0xe8,
    0x0, 0x0, 0x8e, 0x0, 0x4f, 0x20, 0x0, 0x2,
    0xf4, 0xa, 0xc0, 0x0, 0x0, 0xc, 0xa0, 0xf6,
    0x0, 0x0, 0x0, 0x6f, 0x5f, 0x0, 0x0, 0x0,
    0x0, 0xfd, 0xa0, 0x0, 0x0, 0x0, 0xa, 0xf4,
    0x0, 0x0,

    /* U+0057 "W" */
    0xad, 0x0, 0x0, 0x7f, 0xa0, 0x0, 0xb, 0xc6,
    0xf1, 0x0, 0xb, 0xee, 0x0, 0x0, 0xe8, 0x2f,
    0x40, 0x0, 0xf7, 0xf2, 0x0, 0x2f, 0x40, 0xe8,
    0x0, 0x4f, 0x1e, 0x70, 0x6, 0xf0, 0xa, 0xb0,
    0x8, 0xc0, 0xab, 0x0, 0xac, 0x0, 0x6f, 0x0,
    0xc8, 0x6, 0xf0, 0xe, 0x70, 0x2, 0xf2, 0x1f,
    0x30, 0x2f, 0x31, 0xf3, 0x0, 0xe, 0x65, 0xf0,
    0x0, 0xd7, 0x5f, 0x0, 0x0, 0xa9, 0x9b, 0x0,
    0x9, 0xb9, 0xb0, 0x0, 0x6, 0xdc, 0x70, 0x0,
    0x5e, 0xc6, 0x0, 0x0, 0x2f, 0xf2, 0x0, 0x1,
    0xff, 0x20, 0x0, 0x0, 0xee, 0x0, 0x0, 0xc,
    0xe0, 0x0,

    /* U+0058 "X" */
    0x1f, 0xb0, 0x0, 0x0, 0xbd, 0x0, 0x6f, 0x60,
    0x0, 0x7f, 0x30, 0x0, 0xbf, 0x20, 0x3f, 0x70,
    0x0, 0x1, 0xeb, 0xd, 0xc0, 0x0, 0x0, 0x5,
    0xfc, 0xf1, 0x0, 0x0, 0x0, 0xb, 0xf7, 0x0,
    0x0, 0x0, 0x1, 0xef, 0xc0, 0x0, 0x0, 0x0,
    0xbe, 0x5f, 0x80, 0x0, 0x0, 0x7f, 0x40, 0xaf,
    0x30, 0x0, 0x2f, 0x90, 0x1, 0xed, 0x0, 0xd,
    0xe0, 0x0, 0x4, 0xf8, 0x9, 0xf4, 0x0, 0x0,
    0xa, 0xf3,

    /* U+0059 "Y" */
    0x9f, 0x30, 0x0, 0x0, 0x8f, 0x41, 0xed, 0x0,
    0x0, 0x2f, 0x90, 0x5, 0xf7, 0x0, 0xc, 0xe0,
    0x0, 0xa, 0xf2, 0x6, 0xf4, 0x0, 0x0, 0x1f,
    0xb1, 0xe9, 0x0, 0x0, 0x0, 0x6f, 0xce, 0x0,
    0x0, 0x0, 0x0, 0xcf, 0x40, 0x0, 0x0, 0x0,
    0x8, 0xf0, 0x0, 0x0, 0x0, 0x0, 0x8f, 0x0,
    0x0, 0x0, 0x0, 0x8, 0xf0, 0x0, 0x0, 0x0,
    0x0, 0x8f, 0x0, 0x0, 0x0, 0x0, 0x8, 0xf0,
    0x0, 0x0,

    /* U+005A "Z" */
    0xf, 0xff, 0xff, 0xff, 0xf2, 0x7, 0x77, 0x77,
    0x7e, 0xf1, 0x0, 0x0, 0x0, 0x8f, 0x50, 0x0,
    0x0, 0x5, 0xf8, 0x0, 0x0, 0x0, 0x2f, 0xc0,
    0x0, 0x0, 0x0, 0xde, 0x10, 0x0, 0x0, 0xa,
    0xf3, 0x0, 0x0, 0x0, 0x6f, 0x60, 0x0, 0x0,
    0x3, 0xfa, 0x0, 0x0, 0x0, 0x1d, 0xd0, 0x0,
    0x0, 0x0, 0x9f, 0x97, 0x77, 0x77, 0x72, 0xbf,
    0xff, 0xff, 0xff, 0xf5,

    /* U+005B "[" */
    0xef, 0xf3, 0xe9, 0x30, 0xe8, 0x0, 0xe8, 0x0,
    0xe8, 0x0, 0xe8, 0x0, 0xe8, 0x0, 0xe8, 0x0,
    0xe8, 0x0, 0xe8, 0x0, 0xe8, 0x0, 0xe8, 0x0,
    0xe8, 0x0, 0xe9, 0x30, 0xef, 0xf3,

    /* U+005C "\\" */
    0xd4, 0x0, 0x9, 0x80, 0x0, 0x5d, 0x0, 0x0,
    0xf1, 0x0, 0xc, 0x60, 0x0, 0x7a, 0x0, 0x3,
    0xe0, 0x0, 0xe, 0x30, 0x0, 0xa7, 0x0, 0x6,
    0xc0, 0x0, 0x1f, 0x0, 0x0, 0xd5,

    /* U+005D "]" */
    0xbf, 0xf5, 0x24, 0xf5, 0x0, 0xf5, 0x0, 0xf5,
    0x0, 0xf5, 0x0, 0xf5, 0x0, 0xf5, 0x0, 0xf5,
    0x0, 0xf5, 0x0, 0xf5, 0x0, 0xf5, 0x0, 0xf5,
    0x0, 0xf5, 0x24, 0xf5, 0xbf, 0xf5,

    /* U+005E "^" */
    0x0, 0x7, 0x30, 0x0, 0x0, 0x3f, 0xc0, 0x0,
    0x0, 0xab, 0xf2, 0x0, 0x1, 0xf3, 0xb9, 0x0,
    0x8, 0xd0, 0x5f, 0x10, 0xe, 0x70, 0xe, 0x70,
    0x5f, 0x10, 0x8, 0xd0,

    /* U+005F "_" */
    0x1d, 0xdd, 0xdd, 0xdd, 0xd1,

    /* U+0060 "`" */
    0x15, 0x30, 0xb, 0xd0, 0x1, 0xe5,

    /* U+0061 "a" */
    0x0, 0x8d, 0xfe, 0xa0, 0x0, 0xae, 0x53, 0x7f,
    0x90, 0xc, 0x50, 0x0, 0xac, 0x0, 0x0, 0x3,
    0x6d, 0xc0, 0x4, 0xcf, 0xfd, 0xdd, 0x2, 0xfb,
    0x41, 0xa, 0xd0, 0x5f, 0x20, 0x0, 0xdd, 0x2,
    0xf8, 0x1, 0x9f, 0xd0, 0x5, 0xdf, 0xd8, 0x6f,
    0x10,

    /* U+0062 "b" */
    0xe7, 0x0, 0x0, 0x0, 0xe7, 0x0, 0x0, 0x0,
    0xe7, 0x0, 0x0, 0x0, 0xe8, 0xaf, 0xe7, 0x0,
    0xef, 0xa4, 0x8f, 0x70, 0xed, 0x0, 0x9, 0xe0,
    0xe7, 0x0, 0x4, 0xf2, 0xe6, 0x0, 0x3, 0xf4,
    0xe7, 0x0, 0x4, 0xf2, 0xec, 0x0, 0x9, 0xe0,
    0xef, 0x94, 0x8f, 0x60, 0xe7, 0xbf, 0xd6, 0x0,

    /* U+0063 "c" */
    0x0, 0x7d, 0xfc, 0x40, 0x8, 0xf7, 0x49, 0xf3,
    0x1f, 0x70, 0x0, 0xc7, 0x4f, 0x20, 0x0, 0x0,
    0x5f, 0x10, 0x0, 0x0, 0x3f, 0x20, 0x0, 0x33,
    0x1f, 0x70, 0x0, 0xca, 0x8, 0xf7, 0x49, 0xf3,
    0x0, 0x8e, 0xfc, 0x40,

    /* U+0064 "d" */
    0x0, 0x0, 0x0, 0xac, 0x0, 0x0, 0x0, 0xac,
    0x0, 0x0, 0x0, 0xac, 0x0, 0x9e, 0xf9, 0xac,
    0x9, 0xf6, 0x4b, 0xfc, 0x1f, 0x70, 0x0, 0xec,
    0x4f, 0x20, 0x0, 0xac, 0x6f, 0x0, 0x0, 0x8c,
    0x5f, 0x10, 0x0, 0x9c, 0x1f, 0x50, 0x0, 0xdc,
    0x8, 0xe3, 0x18, 0xfc, 0x0, 0x8e, 0xfa, 0x9c,

    /* U+0065 "e" */
    0x0, 0x7d, 0xfd, 0x50, 0x0, 0x7f, 0x84, 0x8f,
    0x50, 0xf, 0x90, 0x0, 0x8e, 0x4, 0xf4, 0x0,
    0x4, 0xf2, 0x5f, 0xff, 0xff, 0xff, 0x44, 0xf5,
    0x33, 0x33, 0x30, 0x1f, 0x70, 0x0, 0x5b, 0x10,
    0x8f, 0x74, 0x6f, 0xa0, 0x0, 0x7d, 0xfe, 0x80,
    0x0,

    /* U+0066 "f" */
    0x2, 0xcf, 0xd0, 0x8f, 0x75, 0x9, 0xc0, 0xe,
    0xff, 0xf6, 0x2a, 0xd2, 0x0, 0xac, 0x0, 0xa,
    0xc0, 0x0, 0xac, 0x0, 0xa, 0xc0, 0x0, 0xac,
    0x0, 0xa, 0xc0, 0x0, 0xac, 0x0,

    /* U+0067 "g" */
    0x0, 0x9e, 0xfa, 0x7d, 0x9, 0xf6, 0x4b, 0xfd,
    0x1f, 0x60, 0x0, 0xed, 0x5f, 0x10, 0x0, 0x9d,
    0x6f, 0x0, 0x0, 0x7d, 0x5f, 0x10, 0x0, 0x8d,
    0x1f, 0x60, 0x0, 0xdd, 0x9, 0xf6, 0x4b, 0xfd,
    0x0, 0x8e, 0xf9, 0xac, 0x5, 0x10, 0x0, 0xba,
    0xe, 0xb4, 0x48, 0xf4, 0x3, 0xbe, 0xfc, 0x40,

    /* U+0068 "h" */
    0xe7, 0x0, 0x0, 0xe, 0x70, 0x0, 0x0, 0xe7,
    0x0, 0x0, 0xe, 0x89, 0xfe, 0x90, 0xef, 0xb5,
    0x8f, 0x8e, 0xd0, 0x0, 0xbc, 0xe9, 0x0, 0x9,
    0xde, 0x70, 0x0, 0x9d, 0xe7, 0x0, 0x9, 0xde,
    0x70, 0x0, 0x9d, 0xe7, 0x0, 0x9, 0xde, 0x70,
    0x0, 0x9d,

    /* U+0069 "i" */
    0xe7, 0xa5, 0x0, 0xe7, 0xe7, 0xe7, 0xe7, 0xe7,
    0xe7, 0xe7, 0xe7, 0xe7,

    /* U+006A "j" */
    0x0, 0xe7, 0x0, 0xa5, 0x0, 0x0, 0x0, 0xe7,
    0x0, 0xe7, 0x0, 0xe7, 0x0, 0xe7, 0x0, 0xe7,
    0x0, 0xe7, 0x0, 0xe7, 0x0, 0xe7, 0x0, 0xe7,
    0x0, 0xf7, 0x26, 0xf5, 0x9f, 0xb0,

    /* U+006B "k" */
    0xf7, 0x0, 0x0, 0xf, 0x70, 0x0, 0x0, 0xf7,
    0x0, 0x0, 0xf, 0x70, 0xa, 0xf3, 0xf7, 0x9,
    0xf3, 0xf, 0x77, 0xf4, 0x0, 0xfd, 0xfa, 0x0,
    0xf, 0xfb, 0xf2, 0x0, 0xf8, 0xd, 0xc0, 0xf,
    0x70, 0x4f, 0x60, 0xf7, 0x0, 0xae, 0x1f, 0x70,
    0x1, 0xfa,

    /* U+006C "l" */
    0xe7, 0xe7, 0xe7, 0xe7, 0xe7, 0xe7, 0xe7, 0xe7,
    0xe7, 0xe7, 0xe7, 0xe7,

    /* U+006D "m" */
    0xf6, 0xbf, 0xe7, 0x2b, 0xfd, 0x50, 0xff, 0x72,
    0x8f, 0xe6, 0x2a, 0xf1, 0xfb, 0x0, 0x1f, 0x90,
    0x2, 0xf4, 0xf7, 0x0, 0xf, 0x60, 0x1, 0xf5,
    0xf7, 0x0, 0xf, 0x60, 0x1, 0xf5, 0xf7, 0x0,
    0xf, 0x60, 0x1, 0xf5, 0xf7, 0x0, 0xf, 0x60,
    0x1, 0xf5, 0xf7, 0x0, 0xf, 0x60, 0x1, 0xf5,
    0xf7, 0x0, 0xf, 0x60, 0x1, 0xf5,

    /* U+006E "n" */
    0xe7, 0xaf, 0xe9, 0xe, 0xf7, 0x25, 0xf8, 0xeb,
    0x0, 0xb, 0xce, 0x80, 0x0, 0x9d, 0xe8, 0x0,
    0x9, 0xde, 0x80, 0x0, 0x9d, 0xe8, 0x0, 0x9,
    0xde, 0x80, 0x0, 0x9d, 0xe8, 0x0, 0x9, 0xd0,

    /* U+006F "o" */
    0x0, 0x7d, 0xfd, 0x60, 0x0, 0x9f, 0x74, 0x8f,
    0x80, 0x2f, 0x70, 0x0, 0x9f, 0x15, 0xf1, 0x0,
    0x3, 0xf4, 0x6f, 0x0, 0x0, 0x2f, 0x55, 0xf1,
    0x0, 0x3, 0xf4, 0x2f, 0x70, 0x0, 0x9f, 0x0,
    0x9f, 0x74, 0x8f, 0x80, 0x0, 0x7d, 0xfd, 0x60,
    0x0,

    /* U+0070 "p" */
    0xe7, 0xaf, 0xe8, 0x0, 0xef, 0xa3, 0x7f, 0x70,
    0xed, 0x0, 0x8, 0xe0, 0xe7, 0x0, 0x3, 0xf2,
    0xe6, 0x0, 0x2, 0xf4, 0xe7, 0x0, 0x4, 0xf3,
    0xec, 0x0, 0x9, 0xe0, 0xef, 0x94, 0x8f, 0x60,
    0xe9, 0xbf, 0xd6, 0x0, 0xe8, 0x0, 0x0, 0x0,
    0xe8, 0x0, 0x0, 0x0, 0xe8, 0x0, 0x0, 0x0,

    /* U+0071 "q" */
    0x0, 0x9e, 0xfa, 0x8d, 0x9, 0xf6, 0x3b, 0xfd,
    0x1f, 0x70, 0x0, 0xed, 0x4f, 0x20, 0x0, 0x9d,
    0x5f, 0x10, 0x0, 0x7d, 0x4f, 0x20, 0x0, 0x8d,
    0x1f, 0x70, 0x0, 0xdd, 0x8, 0xf7, 0x4a, 0xfd,
    0x0, 0x7e, 0xfa, 0xad, 0x0, 0x0, 0x0, 0x9d,
    0x0, 0x0, 0x0, 0x9d, 0x0, 0x0, 0x0, 0x9d,

    /* U+0072 "r" */
    0xf7, 0xde, 0x5f, 0xf8, 0x61, 0xfb, 0x0, 0xf,
    0x70, 0x0, 0xf7, 0x0, 0xf, 0x70, 0x0, 0xf7,
    0x0, 0xf, 0x70, 0x0, 0xf7, 0x0, 0x0,

    /* U+0073 "s" */
    0x3, 0xcf, 0xea, 0x10, 0x1f, 0xa4, 0x5d, 0xb0,
    0x3f, 0x20, 0x3, 0x80, 0xe, 0xe9, 0x40, 0x0,
    0x2, 0xaf, 0xff, 0x70, 0x0, 0x0, 0x3a, 0xf3,
    0x5e, 0x0, 0x2, 0xf5, 0x1e, 0xb4, 0x4b, 0xe1,
    0x3, 0xbe, 0xeb, 0x20,

    /* U+0074 "t" */
    0x0, 0x0, 0x0, 0x49, 0x0, 0xb, 0xb0, 0x0,
    0xbb, 0x0, 0xbf, 0xff, 0x11, 0xbb, 0x20, 0xb,
    0xb0, 0x0, 0xbb, 0x0, 0xb, 0xb0, 0x0, 0xbb,
    0x0, 0xb, 0xb0, 0x0, 0xae, 0x61, 0x3, 0xef,
    0x30,

    /* U+0075 "u" */
    0xf7, 0x0, 0x9, 0xcf, 0x70, 0x0, 0x9c, 0xf7,
    0x0, 0x9, 0xcf, 0x70, 0x0, 0x9c, 0xf7, 0x0,
    0x9, 0xce, 0x70, 0x0, 0xac, 0xd8, 0x0, 0xd,
    0xc9, 0xe3, 0x29, 0xfc, 0x1a, 0xfe, 0x97, 0xc0,

    /* U+0076 "v" */
    0x9d, 0x0, 0x0, 0xca, 0x4f, 0x30, 0x2, 0xf4,
    0xe, 0x80, 0x7, 0xe0, 0x9, 0xd0, 0xc, 0x90,
    0x3, 0xf2, 0x2f, 0x30, 0x0, 0xd7, 0x7e, 0x0,
    0x0, 0x8c, 0xc8, 0x0, 0x0, 0x2f, 0xf3, 0x0,
    0x0, 0xd, 0xd0, 0x0,

    /* U+0077 "w" */
    0xca, 0x0, 0xf, 0xa0, 0x0, 0xf5, 0x8e, 0x0,
    0x4f, 0xe0, 0x5, 0xf0, 0x3f, 0x20, 0x8d, 0xf2,
    0x9, 0xb0, 0xe, 0x60, 0xc7, 0xf6, 0xd, 0x70,
    0xa, 0xa0, 0xf3, 0xb9, 0x1f, 0x20, 0x5, 0xe4,
    0xf0, 0x7d, 0x6e, 0x0, 0x1, 0xfb, 0xb0, 0x3f,
    0xc9, 0x0, 0x0, 0xcf, 0x70, 0xf, 0xf4, 0x0,
    0x0, 0x8f, 0x30, 0xb, 0xf0, 0x0,

    /* U+0078 "x" */
    0x5f, 0x60, 0x5, 0xf5, 0xa, 0xe1, 0x1e, 0xa0,
    0x1, 0xe9, 0xae, 0x10, 0x0, 0x5f, 0xf4, 0x0,
    0x0, 0x1f, 0xf1, 0x0, 0x0, 0x9e, 0xea, 0x0,
    0x4, 0xf5, 0x5f, 0x40, 0xd, 0xb0, 0xb, 0xd0,
    0x9f, 0x20, 0x2, 0xf9,

    /* U+0079 "y" */
    0x8e, 0x0, 0x0, 0xbb, 0x2f, 0x40, 0x1, 0xf5,
    0xd, 0xa0, 0x7, 0xe0, 0x7, 0xf0, 0xc, 0x90,
    0x1, 0xf5, 0x2f, 0x30, 0x0, 0xbb, 0x7d, 0x0,
    0x0, 0x5f, 0xc8, 0x0, 0x0, 0xf, 0xf2, 0x0,
    0x0, 0xb, 0xc0, 0x0, 0x0, 0xe, 0x60, 0x0,
    0x7, 0xbe, 0x0, 0x0, 0xe, 0xd3, 0x0, 0x0,

    /* U+007A "z" */
    0x6f, 0xff, 0xff, 0xf6, 0x13, 0x33, 0x3c, 0xe1,
    0x0, 0x0, 0x6f, 0x30, 0x0, 0x3, 0xf7, 0x0,
    0x0, 0x1e, 0xa0, 0x0, 0x0, 0xcd, 0x0, 0x0,
    0xa, 0xf2, 0x0, 0x0, 0x6f, 0x94, 0x44, 0x42,
    0xaf, 0xff, 0xff, 0xfa,

    /* U+007B "{" */
    0x0, 0x4d, 0xf0, 0xc, 0xc4, 0x0, 0xe6, 0x0,
    0xf, 0x50, 0x0, 0xf4, 0x0, 0x7f, 0x10, 0x8f,
    0x30, 0x2, 0xbb, 0x0, 0x1, 0xf2, 0x0, 0xf,
    0x50, 0x0, 0xf5, 0x0, 0xe, 0x60, 0x0, 0xd6,
    0x0, 0xa, 0xc4, 0x0, 0x2d, 0xf0,

    /* U+007C "|" */
    0x8b, 0x8b, 0x8b, 0x8b, 0x8b, 0x8b, 0x8b, 0x8b,
    0x8b, 0x8b, 0x8b, 0x8b, 0x8b, 0x8b, 0x8b,

    /* U+007D "}" */
    0x9e, 0x80, 0x2, 0x8f, 0x20, 0x0, 0xf4, 0x0,
    0xf, 0x40, 0x0, 0xf5, 0x0, 0xa, 0xc2, 0x0,
    0xc, 0xe0, 0x6, 0xe5, 0x0, 0xd7, 0x0, 0xf,
    0x50, 0x0, 0xf4, 0x0, 0xf, 0x40, 0x1, 0xf3,
    0x3, 0x9f, 0x10, 0x9e, 0x70, 0x0,

    /* U+007E "~" */
    0x3, 0x87, 0x30, 0x0, 0x33, 0xff, 0xff, 0xd9,
    0xca, 0x46, 0x2, 0x7d, 0xfc, 0x30, 0x0, 0x0,
    0x0, 0x0,

    /* U+00B0 "°" */
    0x2c, 0xd6, 0xb, 0x41, 0xc2, 0xd0, 0x8, 0x5b,
    0x41, 0xc2, 0x2c, 0xd6, 0x0,

    /* U+3000 "　" */

    /* U+4E00 "一" */
    0x0, 0x0, 0x0, 0x0, 0x0, 0x0, 0x0, 0x1f,
    0xff, 0xff, 0xff, 0xff, 0xff, 0xf5, 0x4, 0x44,
    0x44, 0x44, 0x44, 0x44, 0x41,

    /* U+4E0D "不" */
    0x7f, 0xff, 0xff, 0xff, 0xff, 0xff, 0xfe, 0x1,
    0x33, 0x33, 0x34, 0xfa, 0x33, 0x33, 0x30, 0x0,
    0x0, 0x0, 0xae, 0x0, 0x0, 0x0, 0x0, 0x0,
    0x0, 0x5f, 0xb0, 0x0, 0x0, 0x0, 0x0, 0x0,
    0x3f, 0xeb, 0x7d, 0x30, 0x0, 0x0, 0x0, 0x4f,
    0x89, 0xb0, 0x9f, 0x70, 0x0, 0x0, 0x8f, 0x80,
    0x9b, 0x0, 0x4f, 0x90, 0x4, 0xee, 0x40, 0x9,
    0xb0, 0x0, 0x4f, 0x80, 0x39, 0x10, 0x0, 0x9b,
    0x0, 0x0, 0x58, 0x0, 0x0, 0x0, 0x9, 0xb0,
    0x0, 0x0, 0x0, 0x0, 0x0, 0x0, 0x9b, 0x0,
    0x0, 0x0, 0x0, 0x0, 0x0, 0x9, 0xb0, 0x0,
    0x0, 0x0, 0x0, 0x0, 0x0, 0x9b, 0x0, 0x0,
    0x0, 0x0, 0x0, 0x0, 0x9, 0xb0, 0x0, 0x0,
    0x0,

    /* U+4E2D "中" */
    0x0, 0x0, 0xe, 0x50, 0x0, 0x0, 0x0, 0x0,
    0xe, 0x50, 0x0, 0x0, 0x33, 0x33, 0x3f, 0x73,
    0x33, 0x31, 0xef, 0xff, 0xff, 0xff, 0xff, 0xf5,
    0xe5, 0x0, 0xe, 0x50, 0x0, 0xe5, 0xe5, 0x0,
    0xe, 0x50, 0x0, 0xe5, 0xe5, 0x0, 0xe, 0x50,
    0x0, 0xe5, 0xe8, 0x55, 0x5f, 0x85, 0x55, 0xf5,
    0xee, 0xdd, 0xdf, 0xed, 0xdd, 0xf5, 0xc4, 0x0,
    0xe, 0x50, 0x0, 0xb4, 0x0, 0x0, 0xe, 0x50,
    0x0, 0x0, 0x0, 0x0, 0xe, 0x50, 0x0, 0x0,
    0x0, 0x0, 0xe, 0x50, 0x0, 0x0, 0x0, 0x0,
    0xe, 0x50, 0x0, 0x0,

    /* U+4E4B "之" */
    0x0, 0x0, 0x0, 0xd5, 0x0, 0x0, 0x0, 0x0,
    0x0, 0x0, 0xd, 0x50, 0x0, 0x0, 0x0, 0x1,
    0x11, 0x11, 0xd6, 0x11, 0x11, 0x0, 0x0, 0xff,
    0xff, 0xff, 0xff, 0xff, 0xf4, 0x0, 0x0, 0x11,
    0x11, 0x11, 0x11, 0x9e, 0x0, 0x0, 0x0, 0x0,
    0x0, 0x0, 0x4f, 0x40, 0x0, 0x0, 0x0, 0x0,
    0x0, 0x4f, 0x60, 0x0, 0x0, 0x0, 0x0, 0x0,
    0x6f, 0x70, 0x0, 0x0, 0x0, 0x20, 0x1, 0xae,
    0x40, 0x0, 0x0, 0x0, 0xc, 0x87, 0xec, 0x10,
    0x0, 0x0, 0x0, 0x2, 0xff, 0xd5, 0x0, 0x0,
    0x0, 0x0, 0x0, 0xad, 0xea, 0x20, 0x0, 0x0,
    0x0, 0x0, 0x7f, 0x32, 0xbf, 0xfe, 0xef, 0xff,
    0xfe, 0x5, 0x60, 0x0, 0x14, 0x44, 0x44, 0x44,
    0x30,

    /* U+4E8B "事" */
    0x0, 0x0, 0x0, 0x9, 0xa0, 0x0, 0x0, 0x0,
    0xd, 0xee, 0xee, 0xef, 0xfe, 0xee, 0xee, 0xe0,
    0x2, 0x35, 0x55, 0x5b, 0xc5, 0x55, 0x53, 0x20,
    0x0, 0x2f, 0xff, 0xff, 0xff, 0xff, 0xf3, 0x0,
    0x0, 0x2f, 0x10, 0x9, 0xa0, 0x1, 0xf3, 0x0,
    0x0, 0x2f, 0xff, 0xff, 0xff, 0xff, 0xf3, 0x0,
    0x0, 0x13, 0x33, 0x3a, 0xb3, 0x33, 0x31, 0x0,
    0x0, 0x8f, 0xff, 0xff, 0xff, 0xff, 0xfb, 0x0,
    0x2, 0x22, 0x22, 0x2a, 0xa2, 0x22, 0x9c, 0x20,
    0xf, 0xff, 0xff, 0xff, 0xff, 0xff, 0xff, 0xf3,
    0x0, 0x12, 0x22, 0x2a, 0xb2, 0x22, 0x9b, 0x0,
    0x0, 0x8f, 0xff, 0xff, 0xff, 0xff, 0xfa, 0x0,
    0x0, 0x0, 0x2, 0x1b, 0xa0, 0x0, 0x0, 0x0,
    0x0, 0x0, 0xc, 0xfe, 0x50, 0x0, 0x0, 0x0,
    0x0, 0x0, 0x0, 0x0, 0x0, 0x0, 0x0, 0x0,

    /* U+4F11 "休" */
    0x0, 0x0, 0x0, 0x0, 0x0, 0x0, 0x0, 0x0,
    0x0, 0x0, 0xa5, 0x0, 0xf, 0x30, 0x0, 0x0,
    0x0, 0x0, 0xe4, 0x0, 0xf, 0x30, 0x0, 0x0,
    0x0, 0x4, 0xe1, 0x11, 0x1f, 0x41, 0x11, 0x0,
    0x0, 0xc, 0x8e, 0xff, 0xff, 0xff, 0xff, 0x80,
    0x0, 0x6f, 0x41, 0x11, 0xff, 0xf5, 0x11, 0x0,
    0x3, 0xff, 0x40, 0x4, 0xef, 0xd9, 0x0, 0x0,
    0x1f, 0x6e, 0x40, 0x9, 0x9f, 0x8e, 0x0, 0x0,
    0x3, 0xe, 0x40, 0x1f, 0x3f, 0x3d, 0x70, 0x0,
    0x0, 0xe, 0x40, 0xab, 0xf, 0x35, 0xf2, 0x0,
    0x0, 0xe, 0x46, 0xf1, 0xf, 0x30, 0xad, 0x20,
    0x0, 0xe, 0x8f, 0x40, 0xf, 0x30, 0xb, 0xd0,
    0x0, 0xe, 0x41, 0x0, 0xf, 0x30, 0x0, 0x10,
    0x0, 0xe, 0x40, 0x0, 0xf, 0x30, 0x0, 0x0,
    0x0, 0xe, 0x40, 0x0, 0xf, 0x30, 0x0, 0x0,

    /* U+4F9D "依" */
    0x0, 0x0, 0x0, 0x0, 0x0, 0x0, 0x0, 0x0,
    0x0, 0x0, 0xb7, 0x0, 0xe, 0x50, 0x0, 0x0,
    0x0, 0x0, 0xf4, 0x0, 0xe, 0x50, 0x0, 0x0,
    0x0, 0x5, 0xe4, 0x44, 0x4f, 0x84, 0x44, 0x30,
    0x0, 0xc, 0x8d, 0xee, 0xfe, 0xee, 0xee, 0xa0,
    0x0, 0x5f, 0x30, 0x4, 0xe1, 0x61, 0x0, 0x0,
    0x0, 0xef, 0x20, 0xc, 0x82, 0xf3, 0x8, 0x0,
    0xb, 0xef, 0x20, 0x8f, 0x10, 0xf6, 0xae, 0x20,
    0x2b, 0x3f, 0x29, 0xff, 0x0, 0xdf, 0xc2, 0x0,
    0x0, 0x1f, 0x9e, 0x7f, 0x0, 0x8e, 0x0, 0x0,
    0x0, 0x1f, 0x21, 0x3f, 0x0, 0x3f, 0x30, 0x0,
    0x0, 0x1f, 0x20, 0x3f, 0x0, 0xc, 0xc0, 0x0,
    0x0, 0x1f, 0x20, 0x3f, 0x5a, 0xa3, 0xf8, 0x0,
    0x0, 0x1f, 0x27, 0xcf, 0xe9, 0x30, 0x6f, 0x90,
    0x0, 0x1f, 0x28, 0x83, 0x0, 0x0, 0x4, 0x70,

    /* U+5141 "允" */
    0x0, 0x0, 0x0, 0x61, 0x0, 0x0, 0x0, 0x0,
    0x0, 0x3, 0xf4, 0x0, 0x0, 0x0, 0x0, 0x0,
    0xc, 0xa0, 0x2, 0x0, 0x0, 0x0, 0x0, 0x7e,
    0x10, 0x1e, 0x90, 0x0, 0x0, 0x3, 0xf4, 0x0,
    0x3, 0xf8, 0x0, 0x3, 0xff, 0xff, 0xff, 0xff,
    0xff, 0x30, 0x0, 0x65, 0x44, 0x32, 0x21, 0xb,
    0xb0, 0x0, 0x0, 0x48, 0x0, 0x94, 0x2, 0x10,
    0x0, 0x0, 0x8b, 0x0, 0xe6, 0x0, 0x0, 0x0,
    0x0, 0xa9, 0x0, 0xe6, 0x0, 0x0, 0x0, 0x0,
    0xf5, 0x0, 0xe6, 0x0, 0x22, 0x0, 0x7, 0xe0,
    0x0, 0xe6, 0x0, 0x8c, 0x0, 0x6f, 0x60, 0x0,
    0xe6, 0x0, 0xb9, 0x4c, 0xf7, 0x0, 0x0, 0xbf,
    0xff, 0xf3, 0x2b, 0x30, 0x0, 0x0, 0x3, 0x33,
    0x10,

    /* U+518D "再" */
    0x5f, 0xff, 0xff, 0xff, 0xff, 0xff, 0xfb, 0x0,
    0x22, 0x22, 0x28, 0xd2, 0x22, 0x22, 0x10, 0x0,
    0x0, 0x0, 0x7c, 0x0, 0x0, 0x0, 0x0, 0x1f,
    0xff, 0xff, 0xff, 0xff, 0xf7, 0x0, 0x1, 0xf3,
    0x11, 0x7c, 0x11, 0x1d, 0x70, 0x0, 0x1f, 0x31,
    0x17, 0xc1, 0x11, 0xd7, 0x0, 0x1, 0xff, 0xff,
    0xff, 0xff, 0xff, 0x70, 0x0, 0x1f, 0x21, 0x17,
    0xc1, 0x11, 0xd7, 0x0, 0x1, 0xf1, 0x0, 0x6c,
    0x0, 0xc, 0x70, 0xe, 0xff, 0xff, 0xff, 0xff,
    0xff, 0xff, 0xf4, 0x34, 0xf4, 0x33, 0x33, 0x33,
    0x3d, 0x93, 0x0, 0x1f, 0x10, 0x0, 0x0, 0x0,
    0xc7, 0x0, 0x1, 0xf1, 0x0, 0x0, 0x3, 0x2d,
    0x60, 0x0, 0x1f, 0x10, 0x0, 0x1, 0xff, 0xe2,
    0x0,

    /* U+51B0 "冰" */
    0x2, 0x0, 0x0, 0x0, 0x3f, 0x0, 0x0, 0x0,
    0xd, 0xe6, 0x0, 0x0, 0x3f, 0x0, 0x0, 0x0,
    0x0, 0x5f, 0x80, 0x0, 0x3f, 0x0, 0x0, 0x0,
    0x0, 0x2, 0x43, 0x33, 0x5f, 0x30, 0x1d, 0x20,
    0x0, 0x0, 0xdf, 0xff, 0x9f, 0x71, 0xca, 0x0,
    0x0, 0x0, 0x0, 0xf, 0x6f, 0xdd, 0xb0, 0x0,
    0x0, 0x3, 0x0, 0x5f, 0x4f, 0xf9, 0x0, 0x0,
    0x0, 0xd, 0x60, 0xba, 0x3f, 0x9c, 0x0, 0x0,
    0x0, 0x3f, 0x23, 0xf4, 0x3f, 0x1f, 0x60, 0x0,
    0x0, 0x9c, 0xd, 0xa0, 0x3f, 0x6, 0xf3, 0x0,
    0x2, 0xf5, 0xbe, 0x10, 0x3f, 0x0, 0x8f, 0x50,
    0xc, 0xc3, 0xd1, 0x0, 0x3f, 0x0, 0x7, 0xc0,
    0x2b, 0x20, 0x0, 0x22, 0x6f, 0x0, 0x0, 0x0,
    0x0, 0x0, 0x0, 0x6f, 0xfb, 0x0, 0x0, 0x0,
    0x0, 0x0, 0x0, 0x0, 0x0, 0x0, 0x0, 0x0,

    /* U+51CD "凍" */
    0x1, 0x0, 0x1, 0x11, 0x1f, 0x41, 0x11, 0x0,
    0x8, 0xe4, 0x8f, 0xff, 0xff, 0xff, 0xff, 0xe0,
    0x0, 0x5f, 0x71, 0x11, 0x1f, 0x41, 0x11, 0x10,
    0x0, 0x4, 0x4a, 0xee, 0xef, 0xfe, 0xee, 0x0,
    0x0, 0x0, 0xb, 0x82, 0x2f, 0x52, 0x6f, 0x0,
    0x0, 0x1, 0xb, 0xec, 0xcf, 0xdc, 0xdf, 0x0,
    0x0, 0xb, 0x7b, 0xa5, 0x5f, 0x75, 0x7f, 0x0,
    0x0, 0xe, 0x4b, 0x93, 0x3f, 0x63, 0x6f, 0x0,
    0x0, 0x4f, 0xb, 0xff, 0xff, 0xff, 0xfe, 0x0,
    0x0, 0xa9, 0x0, 0xa, 0xcf, 0xcc, 0x0, 0x0,
    0x2, 0xf2, 0x0, 0xae, 0x2f, 0x3c, 0xc0, 0x0,
    0xb, 0xa0, 0x4d, 0xd2, 0xf, 0x30, 0xcd, 0x30,
    0xa, 0x15, 0xf8, 0x0, 0xf, 0x30, 0x9, 0xf2,
    0x0, 0x0, 0x10, 0x0, 0xf, 0x30, 0x0, 0x0,

    /* U+51FA "出" */
    0x0, 0x0, 0xe, 0x60, 0x0, 0x0, 0x8b, 0x0,
    0xe, 0x60, 0x0, 0xe5, 0x8b, 0x0, 0xe, 0x60,
    0x0, 0xe5, 0x8b, 0x0, 0xe, 0x60, 0x0, 0xe5,
    0x8b, 0x0, 0xe, 0x60, 0x0, 0xe5, 0x8f, 0xee,
    0xef, 0xee, 0xee, 0xf5, 0x24, 0x44, 0x4f, 0x94,
    0x44, 0x41, 0x41, 0x0, 0xe, 0x60, 0x0, 0x22,
    0xe5, 0x0, 0xe, 0x60, 0x0, 0xaa, 0xe5, 0x0,
    0xe, 0x60, 0x0, 0xaa, 0xe5, 0x0, 0xe, 0x60,
    0x0, 0xaa, 0xe8, 0x44, 0x4f, 0x84, 0x44, 0xba,
    0xef, 0xff, 0xff, 0xff, 0xff, 0xfa, 0xe5, 0x0,
    0x0, 0x0, 0x0, 0xaa,

    /* U+5206 "分" */
    0x0, 0x0, 0x10, 0x0, 0x3, 0x0, 0x0, 0x0,
    0x0, 0xd5, 0x0, 0x5f, 0x0, 0x0, 0x0, 0x7,
    0xe0, 0x0, 0xe, 0x60, 0x0, 0x0, 0x3f, 0x50,
    0x0, 0x5, 0xf2, 0x0, 0x4, 0xf8, 0x0, 0x0,
    0x0, 0xae, 0x30, 0x7f, 0x93, 0x33, 0x33, 0x33,
    0x39, 0xf9, 0x45, 0x1f, 0xff, 0xff, 0xff, 0xf2,
    0x45, 0x0, 0x0, 0x8, 0xb0, 0x2, 0xf1, 0x0,
    0x0, 0x0, 0xc, 0x80, 0x4, 0xf0, 0x0, 0x0,
    0x0, 0x1f, 0x30, 0x5, 0xe0, 0x0, 0x0, 0x0,
    0xac, 0x0, 0x7, 0xd0, 0x0, 0x0, 0x6, 0xf3,
    0x0, 0xa, 0xa0, 0x0, 0x0, 0x8f, 0x60, 0x95,
    0x4f, 0x70, 0x0, 0x5e, 0xe4, 0x0, 0xae, 0xfc,
    0x10, 0x0, 0x16, 0x0, 0x0, 0x0, 0x0, 0x0,
    0x0,

    /* U+524D "前" */
    0x0, 0x5, 0x0, 0x0, 0x4, 0x20, 0x0, 0x0,
    0x4f, 0x80, 0x0, 0xe, 0x70, 0x0, 0x11, 0x16,
    0xf4, 0x11, 0xad, 0x11, 0x10, 0xef, 0xff, 0xff,
    0xff, 0xff, 0xff, 0xfa, 0x1, 0x11, 0x11, 0x11,
    0x11, 0x14, 0x10, 0x5, 0xaa, 0xaa, 0x90, 0x21,
    0xf, 0x40, 0x8, 0xd7, 0x7a, 0xe0, 0xa9, 0xf,
    0x40, 0x8, 0xc3, 0x37, 0xe0, 0xa9, 0xf, 0x40,
    0x8, 0xfd, 0xde, 0xe0, 0xa9, 0xf, 0x40, 0x8,
    0xb0, 0x5, 0xe0, 0xa9, 0xf, 0x40, 0x8, 0xec,
    0xcd, 0xe0, 0xa9, 0xf, 0x40, 0x8, 0xd6, 0x69,
    0xe0, 0xa9, 0xf, 0x40, 0x8, 0xb0, 0x5, 0xe0,
    0x0, 0xf, 0x40, 0x8, 0xb0, 0x27, 0xd0, 0x2,
    0x4f, 0x40, 0x7, 0xa1, 0xff, 0x70, 0xb, 0xfd,
    0x10, 0x0, 0x0, 0x0, 0x0, 0x0, 0x0, 0x0,

    /* U+525B "剛" */
    0x4f, 0xff, 0xff, 0xff, 0xf1, 0x0, 0xe4, 0x4e,
    0x85, 0x25, 0xd5, 0xf1, 0xc1, 0xe4, 0x4e, 0x7c,
    0x6, 0xf2, 0xf2, 0xf2, 0xe4, 0x4e, 0xf, 0x3b,
    0x92, 0xf2, 0xf2, 0xe4, 0x4e, 0x5c, 0x7f, 0x86,
    0xf2, 0xf2, 0xe4, 0x4e, 0xcd, 0xfd, 0xda, 0xf2,
    0xf2, 0xe4, 0x4e, 0x22, 0xe3, 0x43, 0xf2, 0xf2,
    0xe4, 0x4e, 0x96, 0xe3, 0xf6, 0xf2, 0xf2, 0xe4,
    0x4e, 0x96, 0xe3, 0xf6, 0xf2, 0xf2, 0xe4, 0x4e,
    0x96, 0xe3, 0xf6, 0xf2, 0xf2, 0xe4, 0x4e, 0x9f,
    0xff, 0xf6, 0xf1, 0xf1, 0xe4, 0x4e, 0x87, 0x22,
    0xe5, 0xf1, 0x0, 0xe4, 0x4e, 0x0, 0x3, 0x67,
    0xf1, 0x12, 0xf4, 0x4e, 0x0, 0x3, 0xdd, 0x80,
    0x7f, 0xd1, 0x0, 0x0, 0x0, 0x0, 0x0, 0x0,
    0x0,

    /* U+52D5 "動" */
    0x5f, 0xff, 0xfe, 0xa7, 0x10, 0xf4, 0x0, 0x37,
    0x66, 0xda, 0x66, 0x50, 0xf4, 0x0, 0x9f, 0xff,
    0xff, 0xff, 0xe0, 0xf4, 0x0, 0x3, 0x44, 0xd9,
    0x44, 0x7e, 0xfe, 0xea, 0x9, 0xff, 0xff, 0xff,
    0x44, 0xf7, 0x9c, 0x9, 0xa1, 0xc7, 0x1f, 0x30,
    0xf4, 0x6b, 0x9, 0xff, 0xff, 0xff, 0x30, 0xf3,
    0x7b, 0x9, 0xb2, 0xd8, 0x3f, 0x30, 0xf1, 0x8b,
    0x9, 0xfe, 0xff, 0xef, 0x32, 0xf0, 0x9a, 0x2,
    0x44, 0xd9, 0x44, 0x5, 0xd0, 0xa9, 0xf, 0xff,
    0xff, 0xff, 0x8a, 0x80, 0xc7, 0x2, 0x33, 0xd8,
    0x33, 0x4f, 0x20, 0xf3, 0x79, 0xab, 0xff, 0xff,
    0xfb, 0xab, 0xe0, 0x6a, 0x86, 0x43, 0x13, 0xd1,
    0x68, 0x30, 0x0, 0x0, 0x0, 0x0, 0x0, 0x0,
    0x0,

    /* U+5316 "化" */
    0x0, 0x0, 0x11, 0x0, 0x0, 0x0, 0x0, 0x0,
    0x0, 0x0, 0x8b, 0x4, 0xe0, 0x0, 0x0, 0x0,
    0x0, 0x0, 0xe6, 0x4, 0xe0, 0x0, 0x1, 0x0,
    0x0, 0x6, 0xf0, 0x4, 0xe0, 0x0, 0x9d, 0x0,
    0x0, 0xd, 0x80, 0x4, 0xe0, 0x7, 0xf3, 0x0,
    0x0, 0x8f, 0x60, 0x4, 0xe0, 0x7f, 0x40, 0x0,
    0x4, 0xff, 0x60, 0x4, 0xfa, 0xe4, 0x0, 0x0,
    0x2f, 0x9d, 0x60, 0x4, 0xfc, 0x20, 0x0, 0x0,
    0x6, 0xd, 0x60, 0x4, 0xe0, 0x0, 0x0, 0x0,
    0x0, 0xd, 0x60, 0x4, 0xe0, 0x0, 0x0, 0x0,
    0x0, 0xd, 0x60, 0x4, 0xe0, 0x0, 0x3, 0xa0,
    0x0, 0xd, 0x60, 0x4, 0xe0, 0x0, 0x5, 0xe0,
    0x0, 0xd, 0x60, 0x4, 0xf0, 0x0, 0xa, 0xb0,
    0x0, 0xd, 0x60, 0x1, 0xef, 0xff, 0xff, 0x40,
    0x0, 0xd, 0x60, 0x0, 0x3, 0x44, 0x41, 0x0,

    /* U+5317 "北" */
    0x0, 0x0, 0x5, 0xd0, 0xe, 0x40, 0x0, 0x0,
    0x0, 0x0, 0x5, 0xd0, 0xe, 0x40, 0x0, 0x0,
    0x0, 0x0, 0x5, 0xd0, 0xe, 0x40, 0x0, 0x0,
    0x0, 0x0, 0x5, 0xd0, 0xe, 0x40, 0x5, 0x0,
    0x1, 0x44, 0x48, 0xd0, 0xe, 0x41, 0x9f, 0x50,
    0x5, 0xff, 0xff, 0xd0, 0xe, 0xcf, 0xd4, 0x0,
    0x0, 0x0, 0x5, 0xd0, 0xe, 0xb4, 0x0, 0x0,
    0x0, 0x0, 0x5, 0xd0, 0xe, 0x40, 0x0, 0x0,
    0x0, 0x0, 0x5, 0xd0, 0xe, 0x40, 0x0, 0x0,
    0x0, 0x0, 0x5, 0xd0, 0xe, 0x40, 0x1, 0x40,
    0x0, 0x0, 0x28, 0xd0, 0xe, 0x40, 0x3, 0xf1,
    0x8, 0xbe, 0xff, 0xd0, 0xe, 0x50, 0x7, 0xe0,
    0x8, 0x95, 0x15, 0xd0, 0xb, 0xff, 0xff, 0x70,
    0x0, 0x0, 0x5, 0xd0, 0x0, 0x34, 0x42, 0x0,

    /* U+5340 "區" */
    0xef, 0xff, 0xff, 0xff, 0xff, 0xff, 0x7e, 0x73,
    0x33, 0x33, 0x33, 0x33, 0x31, 0xe5, 0x3, 0xff,
    0xff, 0xff, 0xd0, 0xe, 0x50, 0x3f, 0x22, 0x22,
    0x6e, 0x0, 0xe5, 0x3, 0xf5, 0x55, 0x58, 0xe0,
    0xe, 0x50, 0x3e, 0xee, 0xee, 0xed, 0x0, 0xe5,
    0x13, 0x33, 0x30, 0x33, 0x33, 0xe, 0x55, 0xff,
    0xfe, 0x4f, 0xff, 0xf0, 0xe5, 0x5e, 0x4, 0xe4,
    0xf0, 0x1f, 0xe, 0x55, 0xe0, 0x4e, 0x4f, 0x1,
    0xf0, 0xe5, 0x5f, 0xff, 0xe4, 0xff, 0xff, 0xe,
    0x63, 0x44, 0x44, 0x24, 0x44, 0x42, 0xef, 0xff,
    0xff, 0xff, 0xff, 0xff, 0xde, 0x61, 0x11, 0x11,
    0x11, 0x11, 0x11,

    /* U+5357 "南" */
    0x0, 0x0, 0x0, 0x8b, 0x0, 0x0, 0x0, 0xd,
    0xff, 0xff, 0xff, 0xff, 0xff, 0xff, 0xf1, 0x33,
    0x33, 0x33, 0x9c, 0x33, 0x33, 0x33, 0x0, 0x23,
    0x33, 0x39, 0xc3, 0x33, 0x33, 0x0, 0xd, 0xff,
    0xff, 0xff, 0xff, 0xff, 0xf0, 0x0, 0xd6, 0x1d,
    0x50, 0x3, 0xd0, 0x2f, 0x0, 0xd, 0x60, 0x6f,
    0x20, 0xab, 0x2, 0xf0, 0x0, 0xd6, 0x35, 0xe8,
    0x7f, 0x74, 0x2f, 0x0, 0xd, 0x69, 0xdd, 0xef,
    0xdd, 0xc2, 0xf0, 0x0, 0xd6, 0x33, 0x39, 0xc3,
    0x33, 0x3f, 0x0, 0xd, 0x6e, 0xff, 0xff, 0xff,
    0xf5, 0xf0, 0x0, 0xd6, 0x0, 0x8, 0xb0, 0x0,
    0x2f, 0x0, 0xd, 0x60, 0x0, 0x8b, 0x1, 0x37,
    0xf0, 0x0, 0xd6, 0x0, 0x8, 0xb0, 0x3f, 0xfb,
    0x0,

    /* U+53D6 "取" */
    0x1f, 0xff, 0xff, 0xff, 0xf7, 0x0, 0x0, 0x0,
    0x2, 0x9c, 0x22, 0x4f, 0x68, 0x77, 0x77, 0x30,
    0x0, 0x8b, 0x0, 0x2f, 0x6f, 0xff, 0xff, 0x50,
    0x0, 0x8c, 0x33, 0x5f, 0x1d, 0x60, 0xe, 0x40,
    0x0, 0x8f, 0xff, 0xff, 0x1b, 0x80, 0xf, 0x10,
    0x0, 0x8b, 0x0, 0x2f, 0x18, 0xb0, 0x2e, 0x0,
    0x0, 0x8b, 0x0, 0x2f, 0x15, 0xe0, 0x6b, 0x0,
    0x0, 0x8f, 0xff, 0xff, 0x10, 0xf4, 0xb6, 0x0,
    0x0, 0x8c, 0x22, 0x4f, 0x10, 0xab, 0xf1, 0x0,
    0x0, 0x8b, 0x0, 0x2f, 0x10, 0x3f, 0xa0, 0x0,
    0x0, 0x8c, 0x7a, 0xdf, 0x10, 0x5f, 0xc0, 0x0,
    0xc, 0xfe, 0xb8, 0x6f, 0x13, 0xf7, 0xcc, 0x10,
    0x3, 0x20, 0x0, 0x2f, 0x6f, 0x70, 0x1b, 0xe2,
    0x0, 0x0, 0x0, 0x2f, 0x25, 0x0, 0x0, 0x50,

    /* U+53EF "可" */
    0x5f, 0xff, 0xff, 0xff, 0xff, 0xff, 0xfe, 0x13,
    0x33, 0x33, 0x33, 0x33, 0x7e, 0x33, 0x0, 0x0,
    0x0, 0x0, 0x0, 0x5e, 0x0, 0x0, 0x3, 0x33,
    0x33, 0x10, 0x5e, 0x0, 0x0, 0x4f, 0xff, 0xff,
    0x80, 0x5e, 0x0, 0x0, 0x4e, 0x0, 0xc, 0x80,
    0x5e, 0x0, 0x0, 0x4e, 0x0, 0xc, 0x80, 0x5e,
    0x0, 0x0, 0x4e, 0x0, 0xc, 0x80, 0x5e, 0x0,
    0x0, 0x4f, 0x44, 0x4d, 0x80, 0x5e, 0x0, 0x0,
    0x4f, 0xff, 0xff, 0x80, 0x5e, 0x0, 0x0, 0x4e,
    0x0, 0xb, 0x70, 0x5e, 0x0, 0x0, 0x0, 0x0,
    0x0, 0x0, 0x5e, 0x0, 0x0, 0x0, 0x0, 0x0,
    0x44, 0x9d, 0x0, 0x0, 0x0, 0x0, 0x0, 0xdf,
    0xf7, 0x0,

    /* U+53F0 "台" */
    0x0, 0x0, 0x0, 0x0, 0x0, 0x0, 0x0, 0x0,
    0x0, 0x8, 0xd0, 0x0, 0x0, 0x0, 0x0, 0x0,
    0xf, 0x70, 0x0, 0x0, 0x0, 0x0, 0x0, 0x8e,
    0x0, 0x89, 0x0, 0x0, 0x0, 0x2, 0xf5, 0x0,
    0x3e, 0xc1, 0x0, 0x2, 0x2b, 0xd4, 0x45, 0x58,
    0xfc, 0x0, 0xe, 0xff, 0xfe, 0xed, 0xcb, 0xbf,
    0xa0, 0x1, 0x10, 0x0, 0x0, 0x0, 0x4, 0xb0,
    0x0, 0xef, 0xff, 0xff, 0xff, 0xf4, 0x0, 0x0,
    0xe7, 0x33, 0x33, 0x33, 0xf4, 0x0, 0x0, 0xe5,
    0x0, 0x0, 0x0, 0xe4, 0x0, 0x0, 0xe5, 0x0,
    0x0, 0x0, 0xe4, 0x0, 0x0, 0xe9, 0x55, 0x55,
    0x55, 0xf4, 0x0, 0x0, 0xee, 0xdd, 0xdd, 0xdd,
    0xf4, 0x0, 0x0, 0xe5, 0x0, 0x0, 0x0, 0xe4,
    0x0,

    /* U+554F "問" */
    0x1f, 0xff, 0xff, 0xc4, 0xff, 0xff, 0xf3, 0x1f,
    0x42, 0x2a, 0xc4, 0xe2, 0x23, 0xf3, 0x1f, 0x53,
    0x3a, 0xc4, 0xf3, 0x34, 0xf3, 0x1f, 0xff, 0xff,
    0xc4, 0xff, 0xff, 0xf3, 0x1f, 0x43, 0x3a, 0xc4,
    0xf3, 0x33, 0xf3, 0x1f, 0xff, 0xfe, 0xb4, 0xff,
    0xff, 0xf3, 0x1f, 0x20, 0x0, 0x0, 0x0, 0x0,
    0xf3, 0x1f, 0x20, 0xef, 0xff, 0xff, 0x20, 0xf3,
    0x1f, 0x20, 0xf7, 0x33, 0x3f, 0x20, 0xf3, 0x1f,
    0x20, 0xf5, 0x0, 0xf, 0x20, 0xf3, 0x1f, 0x20,
    0xf8, 0x55, 0x5f, 0x20, 0xf3, 0x1f, 0x20, 0xcd,
    0xdd, 0xdd, 0x20, 0xf3, 0x1f, 0x20, 0x0, 0x0,
    0x0, 0x33, 0xf3, 0x1f, 0x20, 0x0, 0x0, 0x0,
    0xcf, 0xd1,

    /* U+5609 "嘉" */
    0x0, 0x0, 0x0, 0x8, 0xc0, 0x0, 0x0, 0x0,
    0x5, 0xdd, 0xdd, 0xde, 0xfd, 0xdd, 0xdd, 0x80,
    0x1, 0x46, 0x66, 0x6b, 0xd6, 0x66, 0x65, 0x10,
    0x0, 0x4f, 0xff, 0xff, 0xff, 0xff, 0xf8, 0x0,
    0x0, 0x6, 0x99, 0x99, 0x99, 0x99, 0x90, 0x0,
    0x0, 0xb, 0xb7, 0x77, 0x77, 0x78, 0xf0, 0x0,
    0x0, 0xb, 0xff, 0xff, 0xff, 0xff, 0xf0, 0x0,
    0x0, 0x2, 0x3d, 0xc3, 0x35, 0xf6, 0x30, 0x0,
    0xd, 0xee, 0xee, 0xfe, 0xee, 0xfe, 0xee, 0xe4,
    0x5, 0x55, 0xcb, 0x55, 0x58, 0x88, 0x88, 0x51,
    0x0, 0xee, 0xff, 0xee, 0x3f, 0xff, 0xff, 0x10,
    0x0, 0x47, 0xf5, 0x5f, 0x2f, 0x40, 0x1f, 0x10,
    0x1, 0x6e, 0xd5, 0x5f, 0xf, 0xff, 0xff, 0x10,
    0xc, 0xc6, 0x1d, 0xf8, 0xf, 0x63, 0x4f, 0x10,
    0x0, 0x0, 0x0, 0x0, 0x0, 0x0, 0x0, 0x0,

    /* U+5712 "園" */
    0x5f, 0xff, 0xff, 0xff, 0xff, 0xff, 0xf4, 0x5e,
    0x22, 0x22, 0x59, 0x22, 0x22, 0xe4, 0x5e, 0x3,
    0xbb, 0xcf, 0xbb, 0x90, 0xe4, 0x5e, 0x2, 0x55,
    0x9e, 0x55, 0x50, 0xe4, 0x5e, 0x9f, 0xff, 0xff,
    0xff, 0xfa, 0xe4, 0x5e, 0x12, 0xaa, 0xaa, 0xaa,
    0x71, 0xe4, 0x5e, 0x1, 0xf8, 0x88, 0x8c, 0xa0,
    0xe4, 0x5e, 0x1, 0xfd, 0xdd, 0xde, 0xa0, 0xe4,
    0x5e, 0x0, 0x4c, 0xe8, 0x45, 0xd2, 0xe4, 0x5e,
    0x49, 0xef, 0x9c, 0xff, 0x90, 0xe4, 0x5e, 0x5a,
    0x3a, 0x80, 0x2b, 0xe4, 0xe4, 0x5e, 0x0, 0x8,
    0x60, 0x0, 0x65, 0xe4, 0x5f, 0xff, 0xff, 0xff,
    0xff, 0xff, 0xf4, 0x5f, 0x33, 0x33, 0x33, 0x33,
    0x33, 0xf4, 0x1, 0x0, 0x0, 0x0, 0x0, 0x0,
    0x0,

    /* U+57FA "基" */
    0x0, 0x0, 0x0, 0x0, 0x0, 0x0, 0x0, 0x0,
    0x0, 0x0, 0xc7, 0x0, 0x0, 0xf, 0x30, 0x0,
    0x0, 0xcd, 0xfe, 0xdd, 0xdd, 0xdf, 0xdd, 0x50,
    0x0, 0x22, 0xc8, 0x22, 0x22, 0x2f, 0x52, 0x10,
    0x0, 0x0, 0xcf, 0xff, 0xff, 0xff, 0x30, 0x0,
    0x0, 0x0, 0xc8, 0x22, 0x22, 0x2f, 0x30, 0x0,
    0x0, 0x0, 0xcf, 0xee, 0xee, 0xef, 0x30, 0x0,
    0x0, 0x0, 0xc8, 0x22, 0x22, 0x2f, 0x30, 0x0,
    0x3, 0xdd, 0xfe, 0xdd, 0xdd, 0xdf, 0xdd, 0xa0,
    0x1, 0x55, 0xaf, 0x57, 0x95, 0x8f, 0x75, 0x40,
    0x0, 0x3a, 0xf7, 0x27, 0xd2, 0x2a, 0xf9, 0x30,
    0xd, 0xfa, 0x7e, 0xef, 0xfe, 0xee, 0x39, 0xf9,
    0x2, 0x10, 0x0, 0x6, 0xd0, 0x0, 0x0, 0x0,
    0x1, 0xee, 0xee, 0xef, 0xfe, 0xee, 0xee, 0xb0,
    0x0, 0x33, 0x33, 0x33, 0x33, 0x33, 0x33, 0x20,

    /* U+5875 "塵" */
    0x0, 0xff, 0xff, 0xff, 0xff, 0xff, 0xff, 0xe0,
    0x0, 0xf6, 0x23, 0xf4, 0x28, 0xc2, 0x22, 0x20,
    0x0, 0xf6, 0x34, 0xf5, 0x38, 0xc3, 0x33, 0x0,
    0x0, 0xff, 0xff, 0xff, 0xff, 0xff, 0xff, 0x30,
    0x0, 0xf6, 0x34, 0xf5, 0x38, 0xc3, 0x3f, 0x30,
    0x0, 0xff, 0xff, 0xff, 0xff, 0xff, 0xff, 0x30,
    0x0, 0xf4, 0x8c, 0x66, 0x3d, 0x74, 0x8d, 0x0,
    0x0, 0xf4, 0x8e, 0xbb, 0x5d, 0xec, 0x94, 0x70,
    0x0, 0xf4, 0x9c, 0x68, 0x7d, 0x83, 0x38, 0xd0,
    0x0, 0xf7, 0xec, 0xba, 0x9b, 0xdd, 0xdc, 0x30,
    0x3, 0xf1, 0xad, 0xdd, 0xef, 0xdd, 0xdd, 0x0,
    0x6, 0xe0, 0x35, 0x55, 0xbc, 0x55, 0x55, 0x0,
    0xd, 0x82, 0x22, 0x22, 0x9b, 0x22, 0x22, 0x20,
    0x1d, 0x1f, 0xff, 0xff, 0xff, 0xff, 0xff, 0xf0,
    0x0, 0x0, 0x0, 0x0, 0x0, 0x0, 0x0, 0x0,

    /* U+591A "多" */
    0x0, 0x0, 0x0, 0x58, 0x0, 0x0, 0x0, 0x0,
    0x0, 0x6, 0xf7, 0x0, 0x0, 0x0, 0x0, 0x1,
    0xaf, 0xff, 0xff, 0xf6, 0x0, 0x3, 0x9f, 0xc5,
    0x44, 0x4c, 0xe2, 0x0, 0xb, 0xc6, 0xd7, 0x1,
    0xbf, 0x30, 0x0, 0x0, 0x0, 0x3e, 0xae, 0xf8,
    0x0, 0x0, 0x0, 0x4, 0x9f, 0xd7, 0xda, 0x0,
    0x0, 0x3c, 0xff, 0xa4, 0x2d, 0xff, 0xee, 0xe8,
    0x7, 0x30, 0x7, 0xfb, 0x44, 0x46, 0xf6, 0x0,
    0x17, 0xee, 0x81, 0x0, 0xc, 0xa0, 0x0, 0x9e,
    0x71, 0xbd, 0x12, 0xdc, 0x0, 0x0, 0x0, 0x0,
    0xb, 0xdf, 0x90, 0x0, 0x0, 0x0, 0x16, 0xbf,
    0xc4, 0x0, 0x0, 0x26, 0xad, 0xfe, 0x93, 0x0,
    0x0, 0x0, 0x1c, 0x96, 0x20, 0x0, 0x0, 0x0,
    0x0,

    /* U+5927 "大" */
    0x0, 0x0, 0x0, 0x31, 0x0, 0x0, 0x0, 0x0,
    0x0, 0x0, 0xc7, 0x0, 0x0, 0x0, 0x0, 0x0,
    0x0, 0xd7, 0x0, 0x0, 0x0, 0x0, 0x0, 0x0,
    0xd7, 0x0, 0x0, 0x0, 0x3, 0x44, 0x44, 0xe9,
    0x44, 0x44, 0x40, 0xe, 0xff, 0xff, 0xff, 0xff,
    0xff, 0xf2, 0x0, 0x0, 0x3, 0xfc, 0x90, 0x0,
    0x0, 0x0, 0x0, 0x7, 0xe7, 0xd0, 0x0, 0x0,
    0x0, 0x0, 0xc, 0x92, 0xf2, 0x0, 0x0, 0x0,
    0x0, 0x5f, 0x20, 0xca, 0x0, 0x0, 0x0, 0x1,
    0xea, 0x0, 0x5f, 0x20, 0x0, 0x0, 0xc, 0xe1,
    0x0, 0xb, 0xd1, 0x0, 0x2, 0xcf, 0x30, 0x0,
    0x1, 0xcd, 0x20, 0x5f, 0xd2, 0x0, 0x0, 0x0,
    0x1b, 0xf6, 0x17, 0x0, 0x0, 0x0, 0x0, 0x0,
    0x74,

    /* U+5929 "天" */
    0x1f, 0xff, 0xff, 0xff, 0xff, 0xff, 0xfa, 0x0,
    0x33, 0x33, 0x37, 0xf3, 0x33, 0x33, 0x20, 0x0,
    0x0, 0x0, 0x5f, 0x0, 0x0, 0x0, 0x0, 0x0,
    0x0, 0x6, 0xe0, 0x0, 0x0, 0x0, 0x0, 0x0,
    0x0, 0x7e, 0x0, 0x0, 0x0, 0x0, 0x8e, 0xee,
    0xef, 0xfe, 0xee, 0xee, 0x30, 0x2, 0x44, 0x44,
    0xee, 0xe4, 0x44, 0x40, 0x0, 0x0, 0x0, 0x2f,
    0x6f, 0x20, 0x0, 0x0, 0x0, 0x0, 0xa, 0xc0,
    0xd9, 0x0, 0x0, 0x0, 0x0, 0x6, 0xf3, 0x4,
    0xf4, 0x0, 0x0, 0x0, 0x6, 0xf6, 0x0, 0xa,
    0xf4, 0x0, 0x0, 0x1a, 0xf6, 0x0, 0x0, 0xa,
    0xf7, 0x0, 0x7f, 0xd4, 0x0, 0x0, 0x0, 0x7,
    0xfd, 0x11, 0x60, 0x0, 0x0, 0x0, 0x0, 0x1,
    0x50,

    /* U+5931 "失" */
    0x0, 0x0, 0x0, 0x1f, 0x20, 0x0, 0x0, 0x0,
    0x0, 0x86, 0x1, 0xf2, 0x0, 0x0, 0x0, 0x0,
    0xd, 0x83, 0x4f, 0x53, 0x33, 0x0, 0x0, 0x4,
    0xff, 0xff, 0xff, 0xff, 0xf3, 0x0, 0x0, 0xd9,
    0x0, 0x2f, 0x10, 0x0, 0x0, 0x0, 0x8e, 0x10,
    0x3, 0xf0, 0x0, 0x0, 0x0, 0x4, 0x63, 0x33,
    0x7f, 0x33, 0x33, 0x31, 0x0, 0xff, 0xff, 0xff,
    0xff, 0xff, 0xff, 0x60, 0x0, 0x0, 0x1, 0xfa,
    0xf0, 0x0, 0x0, 0x0, 0x0, 0x0, 0x9d, 0xe,
    0x70, 0x0, 0x0, 0x0, 0x0, 0x7f, 0x30, 0x5f,
    0x40, 0x0, 0x0, 0x0, 0x9f, 0x60, 0x0, 0x9f,
    0x60, 0x0, 0x5, 0xde, 0x40, 0x0, 0x0, 0x8f,
    0xb2, 0x5, 0xfa, 0x10, 0x0, 0x0, 0x0, 0x4d,
    0xc0, 0x2, 0x0, 0x0, 0x0, 0x0, 0x0, 0x0,
    0x0,

    /* U+5B9A "定" */
    0x0, 0x0, 0x0, 0x5, 0xe0, 0x0, 0x0, 0x0,
    0x1, 0x55, 0x55, 0x58, 0xe5, 0x55, 0x55, 0x10,
    0x4, 0xfd, 0xdd, 0xdd, 0xdd, 0xdd, 0xdf, 0x50,
    0x4, 0xe0, 0x0, 0x0, 0x0, 0x0, 0xe, 0x50,
    0x3, 0xa2, 0x44, 0x44, 0x44, 0x44, 0x3c, 0x40,
    0x0, 0x8, 0xee, 0xee, 0xfe, 0xee, 0xa0, 0x0,
    0x0, 0x0, 0x0, 0x3, 0xf0, 0x0, 0x0, 0x0,
    0x0, 0x5, 0xe0, 0x3, 0xf0, 0x0, 0x0, 0x0,
    0x0, 0x6, 0xc0, 0x3, 0xff, 0xff, 0xfc, 0x0,
    0x0, 0xa, 0xb0, 0x3, 0xf3, 0x33, 0x32, 0x0,
    0x0, 0xe, 0xf6, 0x3, 0xf0, 0x0, 0x0, 0x0,
    0x0, 0x9e, 0x6f, 0xb8, 0xf1, 0x0, 0x0, 0x0,
    0x8, 0xf4, 0x2, 0xaf, 0xff, 0xff, 0xff, 0xe0,
    0xc, 0x50, 0x0, 0x0, 0x13, 0x34, 0x44, 0x20,
    0x0, 0x0, 0x0, 0x0, 0x0, 0x0, 0x0, 0x0,

    /* U+5B9C "宜" */
    0x0, 0x0, 0x0, 0xa, 0xa0, 0x0, 0x0, 0x0,
    0x2, 0xee, 0xee, 0xef, 0xfe, 0xee, 0xee, 0x40,
    0x3, 0xf5, 0x44, 0x44, 0x44, 0x44, 0x4e, 0x50,
    0x3, 0xf1, 0x23, 0x33, 0x33, 0x33, 0xd, 0x50,
    0x1, 0x70, 0xdf, 0xff, 0xff, 0xff, 0x5, 0x20,
    0x0, 0x0, 0xd6, 0x0, 0x0, 0x3f, 0x0, 0x0,
    0x0, 0x0, 0xdd, 0xcc, 0xcc, 0xdf, 0x0, 0x0,
    0x0, 0x0, 0xd9, 0x55, 0x55, 0x7f, 0x0, 0x0,
    0x0, 0x0, 0xd6, 0x0, 0x0, 0x3f, 0x0, 0x0,
    0x0, 0x0, 0xdf, 0xee, 0xee, 0xff, 0x0, 0x0,
    0x0, 0x0, 0xd8, 0x33, 0x33, 0x5f, 0x0, 0x0,
    0x0, 0x0, 0xd6, 0x0, 0x0, 0x3f, 0x0, 0x0,
    0xe, 0xee, 0xff, 0xee, 0xee, 0xff, 0xee, 0xe3,
    0x4, 0x44, 0x44, 0x44, 0x44, 0x44, 0x44, 0x41,

    /* U+5BC6 "密" */
    0x0, 0x0, 0x0, 0xd6, 0x0, 0x0, 0x0, 0x4,
    0xff, 0xff, 0xff, 0xff, 0xff, 0xff, 0x70, 0x4f,
    0x33, 0x37, 0x53, 0x33, 0x33, 0xc7, 0x4, 0xe0,
    0x0, 0x8f, 0x50, 0x2d, 0x3b, 0x70, 0x15, 0x87,
    0x93, 0x4a, 0x4e, 0xa1, 0x43, 0x0, 0x3f, 0x3e,
    0x41, 0x9f, 0x72, 0xf6, 0x0, 0x4f, 0x70, 0xea,
    0xed, 0x36, 0x75, 0xf3, 0x1, 0x60, 0x6f, 0xf6,
    0x0, 0xb6, 0x9, 0xd0, 0x5a, 0xfd, 0xaf, 0xff,
    0xfd, 0x0, 0x14, 0x6, 0x95, 0x0, 0x1b, 0x72,
    0x0, 0x10, 0x0, 0x3, 0xf0, 0x0, 0xd6, 0x0,
    0xe, 0x40, 0x0, 0x3f, 0x0, 0xd, 0x60, 0x0,
    0xe4, 0x0, 0x3, 0xff, 0xff, 0xff, 0xff, 0xff,
    0x40, 0x0, 0x3f, 0x22, 0x22, 0x22, 0x22, 0xe4,
    0x0, 0x0, 0x0, 0x0, 0x0, 0x0, 0x0, 0x0,
    0x0,

    /* U+5C0F "小" */
    0x0, 0x0, 0x0, 0x5e, 0x0, 0x0, 0x0, 0x0,
    0x0, 0x0, 0x5, 0xe0, 0x0, 0x0, 0x0, 0x0,
    0x0, 0x0, 0x5e, 0x0, 0x0, 0x0, 0x0, 0x0,
    0x42, 0x5, 0xe0, 0x26, 0x0, 0x0, 0x0, 0xd,
    0x70, 0x5e, 0x4, 0xf8, 0x0, 0x0, 0x4, 0xf1,
    0x5, 0xe0, 0x5, 0xf4, 0x0, 0x0, 0xd9, 0x0,
    0x5e, 0x0, 0x9, 0xe0, 0x0, 0x8e, 0x10, 0x5,
    0xe0, 0x0, 0x1e, 0x70, 0x5f, 0x50, 0x0, 0x5e,
    0x0, 0x0, 0x8d, 0x1, 0x50, 0x0, 0x5, 0xe0,
    0x0, 0x1, 0x40, 0x0, 0x0, 0x0, 0x5e, 0x0,
    0x0, 0x0, 0x0, 0x0, 0x0, 0x5, 0xe0, 0x0,
    0x0, 0x0, 0x0, 0x0, 0x43, 0x9d, 0x0, 0x0,
    0x0, 0x0, 0x0, 0xc, 0xfe, 0x60, 0x0, 0x0,
    0x0, 0x0, 0x0, 0x0, 0x0, 0x0, 0x0, 0x0,
    0x0,

    /* U+5C4F "屏" */
    0x5, 0xff, 0xff, 0xff, 0xff, 0xff, 0xf3, 0x0,
    0x5e, 0x22, 0x22, 0x22, 0x22, 0x2f, 0x30, 0x5,
    0xd0, 0x0, 0x0, 0x0, 0x0, 0xf3, 0x0, 0x5f,
    0xff, 0xff, 0xff, 0xff, 0xff, 0x30, 0x5, 0xe3,
    0x4e, 0x83, 0x33, 0x4e, 0x50, 0x0, 0x5d, 0x0,
    0x4f, 0x50, 0xc, 0xa0, 0x0, 0x5, 0xd1, 0xdd,
    0xfe, 0xde, 0xfe, 0xd6, 0x0, 0x5d, 0x5, 0x5e,
    0x95, 0x6f, 0x55, 0x20, 0x5, 0xd0, 0x0, 0xd5,
    0x2, 0xf0, 0x0, 0x0, 0x6d, 0x9e, 0xef, 0xee,
    0xef, 0xdd, 0xd1, 0x9, 0xb3, 0x45, 0xf6, 0x46,
    0xf5, 0x44, 0x0, 0xe7, 0x0, 0x8e, 0x0, 0x2f,
    0x10, 0x0, 0x7f, 0x24, 0xaf, 0x50, 0x2, 0xf1,
    0x0, 0x8, 0x72, 0xfb, 0x30, 0x0, 0x2f, 0x10,
    0x0, 0x0, 0x0, 0x0, 0x0, 0x0, 0x0, 0x0,
    0x0,

    /* U+5E02 "市" */
    0x0, 0x0, 0x0, 0x9a, 0x0, 0x0, 0x0, 0x23,
    0x33, 0x33, 0xab, 0x33, 0x33, 0x32, 0xcf, 0xff,
    0xff, 0xff, 0xff, 0xff, 0xfe, 0x0, 0x0, 0x0,
    0x8a, 0x0, 0x0, 0x0, 0x0, 0x0, 0x0, 0x8a,
    0x0, 0x0, 0x0, 0x0, 0xef, 0xff, 0xff, 0xff,
    0xff, 0x20, 0x0, 0xe7, 0x33, 0xab, 0x33, 0x4f,
    0x20, 0x0, 0xe5, 0x0, 0x8a, 0x0, 0x1f, 0x20,
    0x0, 0xe5, 0x0, 0x8a, 0x0, 0x1f, 0x20, 0x0,
    0xe5, 0x0, 0x8a, 0x0, 0x1f, 0x20, 0x0, 0xe5,
    0x0, 0x8a, 0x0, 0x1f, 0x20, 0x0, 0xe5, 0x0,
    0x8a, 0xc, 0xfe, 0x0, 0x0, 0x51, 0x0, 0x8a,
    0x1, 0x21, 0x0, 0x0, 0x0, 0x0, 0x8a, 0x0,
    0x0, 0x0,

    /* U+5EA6 "度" */
    0x0, 0x0, 0x0, 0x2, 0xf2, 0x0, 0x0, 0x0,
    0x0, 0xef, 0xff, 0xff, 0xff, 0xff, 0xff, 0xa0,
    0x0, 0xe7, 0x35, 0x93, 0x33, 0x59, 0x33, 0x20,
    0x0, 0xe5, 0x25, 0xf2, 0x22, 0x6e, 0x22, 0x0,
    0x0, 0xeb, 0xff, 0xff, 0xff, 0xff, 0xff, 0x50,
    0x0, 0xe4, 0x4, 0xf0, 0x0, 0x4e, 0x0, 0x0,
    0x0, 0xe4, 0x4, 0xfe, 0xee, 0xee, 0x0, 0x0,
    0x0, 0xf4, 0x0, 0x33, 0x33, 0x33, 0x0, 0x0,
    0x0, 0xf4, 0xff, 0xff, 0xff, 0xff, 0xd0, 0x0,
    0x0, 0xf3, 0x29, 0xe4, 0x22, 0x4e, 0x90, 0x0,
    0x3, 0xf1, 0x0, 0xbd, 0x27, 0xf9, 0x0, 0x0,
    0x7, 0xd0, 0x0, 0x1d, 0xff, 0x90, 0x0, 0x0,
    0xd, 0x84, 0x7b, 0xfc, 0x7a, 0xfe, 0x97, 0x40,
    0x2d, 0x2d, 0xb7, 0x30, 0x0, 0x5, 0x9c, 0xa0,
    0x0, 0x0, 0x0, 0x0, 0x0, 0x0, 0x0, 0x0,

    /* U+5F37 "強" */
    0x0, 0x0, 0x0, 0x0, 0x62, 0x0, 0x0, 0xe,
    0xff, 0xfc, 0x0, 0x1f, 0x61, 0x10, 0x0, 0x22,
    0x28, 0xc0, 0x8, 0xd0, 0xbd, 0x10, 0x0, 0x0,
    0x7c, 0x1, 0xf5, 0x0, 0xdd, 0x0, 0x0, 0x7,
    0xc9, 0xef, 0xde, 0xef, 0xf9, 0x2, 0xff, 0xfc,
    0x47, 0x67, 0xf2, 0x14, 0xd0, 0x3f, 0x33, 0x21,
    0x33, 0x6f, 0x33, 0x30, 0x5, 0xe0, 0x0, 0x5f,
    0xff, 0xff, 0xff, 0x0, 0x6e, 0x66, 0x65, 0xe0,
    0x3f, 0x1, 0xf0, 0x7, 0xea, 0xcd, 0x5e, 0x36,
    0xf3, 0x4f, 0x0, 0x34, 0x6, 0xd5, 0xff, 0xff,
    0xff, 0xf0, 0x0, 0x0, 0x7c, 0x0, 0x3, 0xf0,
    0x58, 0x0, 0x0, 0x9, 0xa0, 0x0, 0x4f, 0x25,
    0xf5, 0x0, 0x64, 0xd8, 0xdf, 0xff, 0xfe, 0xdd,
    0xd0, 0xb, 0xfb, 0x3, 0x32, 0x0, 0x0, 0x1c,
    0x10,

    /* U+5F70 "彰" */
    0x0, 0x0, 0x3f, 0x0, 0x0, 0x0, 0x8, 0x40,
    0x9, 0xff, 0xff, 0xff, 0xf5, 0x0, 0x5f, 0x30,
    0x1, 0x1e, 0x61, 0x6e, 0x10, 0x5, 0xf7, 0x0,
    0x4, 0x4b, 0xc4, 0xcb, 0x44, 0xaf, 0x70, 0x0,
    0xe, 0xee, 0xee, 0xee, 0xec, 0x93, 0x6, 0x80,
    0x0, 0x78, 0x88, 0x88, 0x60, 0x0, 0x5f, 0x60,
    0x0, 0xdb, 0x88, 0x8b, 0xc0, 0x8, 0xf7, 0x0,
    0x0, 0xdf, 0xff, 0xff, 0xc4, 0xdf, 0x60, 0x0,
    0x0, 0xdb, 0x88, 0x8b, 0xc2, 0xa2, 0x1, 0xc1,
    0x0, 0xcf, 0xff, 0xff, 0xb0, 0x0, 0xb, 0xb0,
    0x15, 0x55, 0x6f, 0x55, 0x55, 0x0, 0xad, 0x10,
    0x3d, 0xdd, 0xef, 0xdd, 0xdd, 0x2b, 0xd1, 0x0,
    0x0, 0x0, 0x2f, 0x0, 0x17, 0xea, 0x10, 0x0,
    0x0, 0x0, 0x2f, 0x0, 0x4b, 0x40, 0x0, 0x0,

    /* U+5F97 "得" */
    0x0, 0x0, 0x71, 0x0, 0x0, 0x0, 0x0, 0x0,
    0x0, 0x3f, 0x2b, 0xff, 0xff, 0xff, 0x80, 0x0,
    0xd, 0x90, 0xb9, 0x22, 0x22, 0xb8, 0x0, 0xa,
    0xd0, 0xb, 0xa4, 0x44, 0x4c, 0x80, 0x9, 0xe2,
    0x10, 0xbf, 0xee, 0xee, 0xf8, 0x0, 0x63, 0xc,
    0x7b, 0x92, 0x22, 0x2b, 0x80, 0x0, 0x6, 0xe1,
    0xbf, 0xff, 0xff, 0xf8, 0x0, 0x4, 0xf6, 0x3,
    0x33, 0x33, 0x33, 0x31, 0x5, 0xff, 0x41, 0xff,
    0xff, 0xff, 0xff, 0x51, 0xb5, 0xe4, 0x33, 0x33,
    0x33, 0x8d, 0x33, 0x0, 0xe, 0x4f, 0xff, 0xff,
    0xff, 0xff, 0xf0, 0x0, 0xe4, 0x8, 0x93, 0x0,
    0x6d, 0x0, 0x0, 0xe, 0x40, 0x17, 0xf6, 0x6,
    0xd0, 0x0, 0x0, 0xe4, 0x0, 0x3, 0x43, 0x9c,
    0x0, 0x0, 0xe, 0x40, 0x0, 0x3, 0xee, 0x50,
    0x0,

    /* U+5FC3 "心" */
    0x0, 0x0, 0x5, 0x80, 0x0, 0x0, 0x0, 0x0,
    0x0, 0x0, 0x3, 0xdb, 0x10, 0x0, 0x0, 0x0,
    0x0, 0x0, 0x0, 0x1c, 0xc0, 0x0, 0x0, 0x0,
    0x0, 0x0, 0x4, 0x11, 0xe9, 0x0, 0x0, 0x0,
    0x0, 0x1, 0xf, 0x40, 0x35, 0x2, 0x0, 0x0,
    0x0, 0x3f, 0xf, 0x40, 0x0, 0xc, 0xb0, 0x0,
    0x0, 0x8b, 0xf, 0x40, 0x0, 0x1, 0xf7, 0x0,
    0x0, 0xe6, 0xf, 0x40, 0x0, 0x0, 0x5f, 0x10,
    0x6, 0xe0, 0xf, 0x40, 0x0, 0x0, 0xc, 0xa0,
    0xe, 0x70, 0xf, 0x40, 0x0, 0x4e, 0x4, 0xf2,
    0x18, 0x0, 0xf, 0x40, 0x0, 0x6e, 0x0, 0x40,
    0x0, 0x0, 0xe, 0x50, 0x0, 0xba, 0x0, 0x0,
    0x0, 0x0, 0x9, 0xff, 0xff, 0xf3, 0x0, 0x0,
    0x0, 0x0, 0x0, 0x34, 0x44, 0x10, 0x0, 0x0,

    /* U+5FF5 "念" */
    0x0, 0x0, 0x0, 0x5, 0x10, 0x0, 0x0, 0x0,
    0x0, 0x0, 0x0, 0x7f, 0x80, 0x0, 0x0, 0x0,
    0x0, 0x0, 0x5, 0xf8, 0xf7, 0x0, 0x0, 0x0,
    0x0, 0x0, 0x7f, 0x50, 0x4f, 0xb1, 0x0, 0x0,
    0x0, 0x2c, 0xf7, 0x44, 0x46, 0xef, 0x81, 0x0,
    0x2a, 0xf9, 0x7f, 0xff, 0xff, 0xb5, 0xdf, 0xb0,
    0x29, 0x20, 0x0, 0x0, 0x0, 0x0, 0x4, 0x60,
    0x0, 0xb, 0xff, 0xff, 0xff, 0xff, 0x10, 0x0,
    0x0, 0x2, 0x44, 0x44, 0x46, 0xfc, 0x0, 0x0,
    0x0, 0x0, 0x0, 0x11, 0x8f, 0xc1, 0x0, 0x0,
    0x0, 0x0, 0x0, 0xae, 0xc6, 0x0, 0x0, 0x0,
    0x0, 0x55, 0x3e, 0xa, 0xe2, 0x0, 0xb5, 0x0,
    0x1, 0xe7, 0x4f, 0x0, 0x80, 0x65, 0x5f, 0x40,
    0x2e, 0xc0, 0x4f, 0x33, 0x33, 0xc8, 0x8, 0xe0,
    0x18, 0x0, 0x1e, 0xff, 0xff, 0xd2, 0x0, 0x30,

    /* U+611F "感" */
    0x0, 0x0, 0x0, 0x0, 0xf, 0x46, 0x30, 0x0,
    0x2, 0x33, 0x33, 0x33, 0xe7, 0xad, 0x30, 0x0,
    0xdf, 0xff, 0xff, 0xff, 0xff, 0xff, 0x40, 0xd,
    0x86, 0x66, 0x66, 0xc9, 0x7, 0x30, 0x0, 0xd9,
    0x99, 0x99, 0x9a, 0xc0, 0xe3, 0x0, 0xd, 0x5d,
    0xdd, 0xdd, 0x4f, 0x7e, 0x0, 0x0, 0xe4, 0xf7,
    0x56, 0xf1, 0xcf, 0x83, 0x10, 0x1f, 0x2f, 0x86,
    0x7f, 0x19, 0xf4, 0x79, 0x8, 0xd0, 0xee, 0xee,
    0xe8, 0xfc, 0xed, 0x61, 0xa4, 0x1, 0x46, 0xb4,
    0xa3, 0x9, 0xc1, 0x0, 0x3e, 0x7f, 0x9, 0xe2,
    0x25, 0xf6, 0x0, 0x7f, 0x94, 0xf0, 0x5, 0xc,
    0x65, 0xf5, 0x2d, 0x60, 0x1e, 0xfe, 0xee, 0xf1,
    0x7, 0x90, 0x0, 0x0, 0x13, 0x44, 0x31, 0x0,
    0x0,

    /* U+614E "慎" */
    0x0, 0xf, 0x36, 0xff, 0xff, 0xef, 0xff, 0xe0,
    0x0, 0xf, 0x31, 0x33, 0x38, 0xe3, 0x33, 0x20,
    0x0, 0x2f, 0x60, 0x2, 0x27, 0xe2, 0x21, 0x0,
    0x3, 0xff, 0xf6, 0x3f, 0xff, 0xff, 0xfa, 0x0,
    0x7, 0xbf, 0x9f, 0x5f, 0x77, 0x77, 0xca, 0x0,
    0xd, 0x6f, 0x3b, 0x7f, 0x77, 0x77, 0xca, 0x0,
    0x18, 0xf, 0x30, 0x3f, 0xee, 0xee, 0xfa, 0x0,
    0x0, 0xf, 0x30, 0x3f, 0x33, 0x33, 0xaa, 0x0,
    0x0, 0xf, 0x30, 0x3f, 0xff, 0xff, 0xfa, 0x0,
    0x0, 0xf, 0x30, 0x12, 0x22, 0x22, 0x22, 0x10,
    0x0, 0xf, 0x3f, 0xff, 0xff, 0xff, 0xff, 0xf3,
    0x0, 0xf, 0x31, 0x13, 0xb3, 0x1a, 0x92, 0x10,
    0x0, 0xf, 0x33, 0x8f, 0xc1, 0x5, 0xde, 0x40,
    0x0, 0xf, 0x3a, 0xd6, 0x0, 0x0, 0x8, 0xd0,
    0x0, 0x0, 0x0, 0x0, 0x0, 0x0, 0x0, 0x0,

    /* U+6240 "所" */
    0x0, 0x0, 0x0, 0x0, 0x0, 0x0, 0x4c, 0x50,
    0xe, 0xff, 0xff, 0xff, 0x34, 0x8d, 0xfb, 0x20,
    0x2, 0x22, 0x22, 0x22, 0x8f, 0xe9, 0x30, 0x0,
    0x0, 0x0, 0x0, 0x0, 0x8c, 0x0, 0x0, 0x0,
    0x0, 0x78, 0x88, 0x81, 0x8c, 0x0, 0x0, 0x0,
    0x0, 0xee, 0xee, 0xf3, 0x8d, 0x33, 0x33, 0x31,
    0x0, 0xe5, 0x1, 0xf3, 0x8f, 0xff, 0xff, 0xf5,
    0x0, 0xe5, 0x1, 0xf3, 0x8c, 0x4, 0xe0, 0x0,
    0x0, 0xee, 0xdd, 0xf3, 0x8c, 0x4, 0xe0, 0x0,
    0x0, 0xf8, 0x55, 0x51, 0x8c, 0x4, 0xe0, 0x0,
    0x0, 0xf4, 0x0, 0x0, 0xab, 0x4, 0xe0, 0x0,
    0x2, 0xf1, 0x0, 0x0, 0xd8, 0x4, 0xe0, 0x0,
    0x8, 0xc0, 0x0, 0x3, 0xf4, 0x4, 0xe0, 0x0,
    0x3f, 0x50, 0x0, 0xc, 0xc0, 0x4, 0xe0, 0x0,
    0x2a, 0x0, 0x0, 0x2d, 0x20, 0x4, 0xe0, 0x0,
    0x0, 0x0, 0x0, 0x0, 0x0, 0x0, 0x0, 0x0,

    /* U+624B "手" */
    0x0, 0x0, 0x0, 0x0, 0x0, 0x2, 0x0, 0x0,
    0x0, 0x1, 0x25, 0x7a, 0xee, 0x50, 0x2e, 0xff,
    0xff, 0xfe, 0xa7, 0x40, 0x0, 0x2, 0x32, 0x20,
    0xb8, 0x0, 0x0, 0x0, 0x0, 0x0, 0x0, 0xb8,
    0x0, 0x0, 0x0, 0x8, 0xff, 0xff, 0xff, 0xff,
    0xff, 0x10, 0x1, 0x33, 0x33, 0xc9, 0x33, 0x33,
    0x0, 0x0, 0x0, 0x0, 0xb8, 0x0, 0x0, 0x0,
    0x23, 0x33, 0x33, 0xc9, 0x33, 0x33, 0x31, 0xdf,
    0xff, 0xff, 0xff, 0xff, 0xff, 0xf6, 0x0, 0x0,
    0x0, 0xb8, 0x0, 0x0, 0x0, 0x0, 0x0, 0x0,
    0xb8, 0x0, 0x0, 0x0, 0x0, 0x0, 0x0, 0xb8,
    0x0, 0x0, 0x0, 0x0, 0x1, 0x33, 0xd7, 0x0,
    0x0, 0x0, 0x0, 0x0, 0xff, 0xf4, 0x0, 0x0,
    0x0,

    /* U+624D "才" */
    0x0, 0x0, 0x0, 0x0, 0x9a, 0x0, 0x0, 0x0,
    0x0, 0x0, 0x0, 0x9a, 0x0, 0x0, 0x2, 0x22,
    0x22, 0x22, 0xab, 0x22, 0x21, 0x1f, 0xff, 0xff,
    0xff, 0xff, 0xff, 0xfe, 0x0, 0x0, 0x0, 0x0,
    0x9a, 0x40, 0x0, 0x0, 0x0, 0x0, 0x0, 0x9f,
    0xf2, 0x0, 0x0, 0x0, 0x0, 0x0, 0xbf, 0x50,
    0x0, 0x0, 0x0, 0x0, 0x2c, 0xfa, 0x0, 0x0,
    0x0, 0x0, 0x8, 0xfa, 0xaa, 0x0, 0x0, 0x0,
    0x18, 0xfd, 0x40, 0x9a, 0x0, 0x0, 0x5c, 0xfc,
    0x50, 0x0, 0x9a, 0x0, 0x0, 0x38, 0x30, 0x0,
    0x0, 0x9a, 0x0, 0x0, 0x0, 0x0, 0x2, 0x53,
    0xca, 0x0, 0x0, 0x0, 0x0, 0x1, 0xef, 0xe4,
    0x0, 0x0,

    /* U+6295 "投" */
    0x0, 0xb, 0x80, 0x4, 0xff, 0xff, 0x50, 0x0,
    0x0, 0xb, 0x80, 0x4, 0xe2, 0x2e, 0x50, 0x0,
    0x2, 0x3c, 0x93, 0x14, 0xe0, 0xe, 0x50, 0x0,
    0xc, 0xff, 0xff, 0x58, 0xc0, 0xe, 0x57, 0x70,
    0x0, 0xb, 0x80, 0x3f, 0x60, 0xd, 0xde, 0x70,
    0x0, 0xb, 0x80, 0xa7, 0x0, 0x1, 0x54, 0x0,
    0x0, 0xb, 0x85, 0x8e, 0xee, 0xee, 0xe1, 0x0,
    0x1, 0x5d, 0xfd, 0x48, 0xe3, 0x39, 0xe0, 0x0,
    0x1f, 0xee, 0x90, 0x0, 0xf4, 0xd, 0x80, 0x0,
    0x1, 0xb, 0x80, 0x0, 0x7d, 0x9e, 0x10, 0x0,
    0x0, 0xb, 0x80, 0x0, 0xd, 0xf4, 0x0, 0x0,
    0x0, 0xb, 0x80, 0x1, 0xaf, 0xdd, 0x30, 0x0,
    0x1, 0x2c, 0x73, 0x9f, 0xc1, 0xa, 0xfb, 0x40,
    0x8, 0xfe, 0x37, 0xb4, 0x0, 0x0, 0x4c, 0xa0,
    0x0, 0x0, 0x0, 0x0, 0x0, 0x0, 0x0, 0x0,

    /* U+6383 "掃" */
    0x0, 0xf, 0x40, 0x9f, 0xff, 0xff, 0xf5, 0x0,
    0x0, 0xf4, 0x1, 0x22, 0x22, 0x2e, 0x50, 0x3,
    0x3f, 0x63, 0x2f, 0xff, 0xff, 0xf5, 0x0, 0xff,
    0xff, 0xe0, 0x44, 0x44, 0x4f, 0x50, 0x0, 0xf,
    0x40, 0x8e, 0xee, 0xee, 0xf5, 0x0, 0x0, 0xf4,
    0x3, 0x44, 0x44, 0x44, 0x20, 0x0, 0xf, 0x8c,
    0xff, 0xff, 0xff, 0xff, 0x90, 0x28, 0xfe, 0xc9,
    0x11, 0x5e, 0x11, 0x99, 0x1d, 0x8f, 0x41, 0x9d,
    0xde, 0xfd, 0xd9, 0x10, 0x0, 0xf4, 0x9, 0xc5,
    0x8f, 0x5b, 0x90, 0x0, 0xf, 0x40, 0x9a, 0x4,
    0xe0, 0x99, 0x0, 0x0, 0xf4, 0x9, 0xa0, 0x4e,
    0x3c, 0x90, 0x1, 0x3f, 0x30, 0x9a, 0x4, 0xe8,
    0xc3, 0x0, 0x6f, 0xd0, 0x0, 0x0, 0x4e, 0x0,
    0x0, 0x0, 0x0, 0x0, 0x0, 0x0, 0x0, 0x0,
    0x0,

    /* U+63CF "描" */
    0x0, 0xe, 0x40, 0x9, 0xa0, 0xa, 0x90, 0x0,
    0x0, 0xe, 0x42, 0x3a, 0xb3, 0x3b, 0xa3, 0x30,
    0x0, 0xe, 0x4c, 0xff, 0xff, 0xff, 0xff, 0xf1,
    0xb, 0xcf, 0xd8, 0x9, 0xa0, 0xa, 0x90, 0x0,
    0x6, 0x7f, 0x94, 0x9, 0x90, 0x9, 0x90, 0x0,
    0x0, 0xe, 0x40, 0xbf, 0xff, 0xff, 0xfe, 0x0,
    0x0, 0xe, 0x54, 0xc9, 0x3a, 0xb3, 0x7e, 0x0,
    0x0, 0x4f, 0xfa, 0xc7, 0x9, 0xa0, 0x5e, 0x0,
    0x1e, 0xef, 0x60, 0xcf, 0xef, 0xfe, 0xfe, 0x0,
    0x3, 0xe, 0x40, 0xc9, 0x3a, 0xb3, 0x7e, 0x0,
    0x0, 0xe, 0x40, 0xc7, 0x9, 0xa0, 0x5e, 0x0,
    0x0, 0xe, 0x40, 0xc9, 0x3a, 0xb3, 0x7e, 0x0,
    0x3, 0x3f, 0x40, 0xcf, 0xff, 0xff, 0xfe, 0x0,
    0x9, 0xfd, 0x10, 0xc7, 0x0, 0x0, 0x5e, 0x0,
    0x0, 0x0, 0x0, 0x0, 0x0, 0x0, 0x0, 0x0,

    /* U+6416 "搖" */
    0x0, 0x0, 0x0, 0x0, 0x0, 0x0, 0x0, 0x0,
    0x0, 0xf, 0x30, 0x0, 0xa, 0xa0, 0x0, 0x0,
    0x0, 0xf, 0x30, 0x1, 0xbf, 0xff, 0xff, 0x60,
    0x2, 0x3f, 0x63, 0x7e, 0xa6, 0x71, 0x9d, 0x10,
    0xc, 0xff, 0xf9, 0x9a, 0x52, 0xec, 0xc1, 0x0,
    0x0, 0xf, 0x30, 0x5, 0xfa, 0xe7, 0x0, 0x0,
    0x0, 0xf, 0x37, 0xcf, 0xe6, 0x0, 0x0, 0x0,
    0x0, 0xf, 0x98, 0x6f, 0xfe, 0xee, 0xee, 0x20,
    0x3, 0xaf, 0xd7, 0xda, 0x37, 0xf3, 0x33, 0x0,
    0x1e, 0xcf, 0x36, 0xc3, 0x26, 0xe2, 0x22, 0x20,
    0x1, 0xf, 0x3e, 0xff, 0xff, 0xff, 0xff, 0xf2,
    0x0, 0xf, 0x30, 0x91, 0x4, 0xe0, 0x9, 0x10,
    0x0, 0xf, 0x30, 0xf4, 0x26, 0xe2, 0x3f, 0x20,
    0x2, 0x3f, 0x30, 0xff, 0xff, 0xff, 0xff, 0x20,
    0x7, 0xfd, 0x0, 0xf2, 0x0, 0x0, 0xf, 0x20,

    /* U+64F2 "擲" */
    0x0, 0x0, 0x0, 0x2, 0x21, 0x0, 0x0, 0x0,
    0x0, 0x4e, 0x4, 0x9e, 0xef, 0x27, 0xff, 0xf2,
    0x0, 0x4e, 0xb, 0xec, 0xcf, 0xda, 0xd4, 0xf0,
    0x1, 0x5e, 0x5e, 0xaf, 0xed, 0xbc, 0xc5, 0xd0,
    0xf, 0xff, 0xfa, 0x8f, 0xca, 0x67, 0xc8, 0xa0,
    0x0, 0x5e, 0xe, 0xdf, 0xdd, 0xf8, 0xcb, 0x70,
    0x0, 0x4e, 0xe, 0xca, 0x8e, 0xf8, 0xce, 0x40,
    0x0, 0x4f, 0xbf, 0xe6, 0x47, 0xf8, 0xcd, 0x60,
    0x4, 0xcf, 0x8e, 0xdc, 0xcc, 0xf8, 0xc4, 0xd0,
    0xc, 0xbe, 0xe, 0xed, 0xdd, 0xf8, 0xc0, 0xe3,
    0x0, 0x4e, 0x3, 0x49, 0xc4, 0x47, 0xc0, 0xc5,
    0x0, 0x4e, 0x3d, 0xde, 0xfd, 0xdc, 0xe6, 0xf2,
    0x0, 0x4e, 0x17, 0x7f, 0xd8, 0x7a, 0xeb, 0x70,
    0x1, 0x6e, 0x26, 0xcd, 0xae, 0x98, 0xc0, 0x0,
    0x8, 0xfa, 0x2b, 0x60, 0x1, 0xa8, 0xc0, 0x0,
    0x0, 0x10, 0x0, 0x0, 0x0, 0x0, 0x0, 0x0,

    /* U+6557 "敗" */
    0x0, 0x0, 0x0, 0x0, 0x0, 0x0, 0x0, 0x0,
    0xef, 0xff, 0xfe, 0x0, 0xd0, 0x0, 0x0, 0xe,
    0x52, 0x26, 0xe0, 0x3c, 0x0, 0x0, 0x0, 0xe3,
    0x0, 0x4e, 0x6, 0xea, 0xaa, 0x90, 0xe, 0xff,
    0xff, 0xe0, 0xac, 0xac, 0xe9, 0x0, 0xe6, 0x33,
    0x6e, 0x1f, 0x60, 0x7b, 0x0, 0xe, 0x30, 0x4,
    0xe8, 0xf8, 0x9, 0xa0, 0x0, 0xef, 0xff, 0xff,
    0xf8, 0xc0, 0xc7, 0x0, 0xe, 0x63, 0x36, 0xe4,
    0xf, 0x2f, 0x20, 0x0, 0xe5, 0x11, 0x5e, 0x0,
    0xbc, 0xd0, 0x0, 0xe, 0xff, 0xff, 0xe0, 0x5,
    0xf6, 0x0, 0x0, 0x6, 0x44, 0x60, 0x0, 0x7f,
    0x70, 0x0, 0x2, 0xe6, 0x4e, 0x80, 0x4f, 0x6f,
    0x50, 0x2, 0xeb, 0x0, 0x3e, 0x7f, 0x50, 0x5f,
    0x70, 0xaa, 0x0, 0x0, 0xc, 0x60, 0x0, 0x4e,
    0x30, 0x0, 0x0, 0x0, 0x0, 0x0, 0x0, 0x0,

    /* U+6599 "料" */
    0x0, 0x0, 0xc5, 0x0, 0x0, 0x0, 0xe5, 0x0,
    0x5, 0xa0, 0xd6, 0x2c, 0x5d, 0x20, 0xe5, 0x0,
    0x1, 0xe4, 0xd6, 0x8c, 0x9, 0xe1, 0xe5, 0x0,
    0x0, 0xa9, 0xd8, 0xf5, 0x0, 0xb5, 0xe5, 0x0,
    0x0, 0x32, 0xd8, 0x60, 0x73, 0x0, 0xe5, 0x0,
    0xa, 0xff, 0xff, 0xff, 0x8f, 0x30, 0xe5, 0x0,
    0x2, 0x33, 0xfa, 0x43, 0x8, 0xd0, 0xe5, 0x0,
    0x0, 0x6, 0xfe, 0xe3, 0x0, 0xa1, 0xe7, 0x50,
    0x0, 0x2f, 0xf6, 0x7f, 0x20, 0x49, 0xff, 0xb0,
    0x1, 0xda, 0xd6, 0x1a, 0xbf, 0xea, 0xf5, 0x0,
    0x1d, 0xc0, 0xd6, 0x2c, 0x83, 0x0, 0xe5, 0x0,
    0x8, 0x0, 0xd6, 0x0, 0x0, 0x0, 0xe5, 0x0,
    0x0, 0x0, 0xd6, 0x0, 0x0, 0x0, 0xe5, 0x0,
    0x0, 0x0, 0xd6, 0x0, 0x0, 0x0, 0xe5, 0x0,
    0x0, 0x0, 0x10, 0x0, 0x0, 0x0, 0x0, 0x0,

    /* U+65B0 "新" */
    0x0, 0x0, 0x0, 0x0, 0x0, 0x0, 0x0, 0x0,
    0x0, 0x0, 0xe5, 0x0, 0x1, 0x36, 0xbe, 0x30,
    0xc, 0xdd, 0xfe, 0xdd, 0x4f, 0xea, 0x61, 0x0,
    0x4, 0xa7, 0x55, 0xa6, 0x3f, 0x10, 0x0, 0x0,
    0x0, 0x9b, 0x1, 0xf2, 0x2f, 0x10, 0x0, 0x0,
    0x0, 0x2f, 0x26, 0xc0, 0x2f, 0x99, 0x99, 0x90,
    0x1f, 0xff, 0xff, 0xff, 0x7f, 0xab, 0xfa, 0xa1,
    0x3, 0x33, 0xf7, 0x33, 0x3f, 0x13, 0xf0, 0x0,
    0x2, 0x33, 0xf7, 0x32, 0x3f, 0x3, 0xf0, 0x0,
    0x9, 0xff, 0xff, 0xfd, 0x4f, 0x3, 0xf0, 0x0,
    0x0, 0x2f, 0xfc, 0x70, 0x6e, 0x3, 0xf0, 0x0,
    0x1, 0xda, 0xe7, 0xe7, 0xaa, 0x3, 0xf0, 0x0,
    0x1e, 0xc0, 0xe4, 0x3b, 0xf5, 0x3, 0xf0, 0x0,
    0x5, 0x0, 0xe4, 0x8, 0xe0, 0x3, 0xf0, 0x0,
    0x0, 0x0, 0xe4, 0x7, 0x50, 0x3, 0xf0, 0x0,

    /* U+660E "明" */
    0x0, 0x0, 0x0, 0xf, 0xff, 0xff, 0xe3, 0xdd,
    0xdd, 0xb0, 0xf5, 0x22, 0x6e, 0x4f, 0x55, 0x9d,
    0xf, 0x20, 0x4, 0xe4, 0xf0, 0x7, 0xd0, 0xf3,
    0x11, 0x5e, 0x4f, 0x33, 0x8d, 0xf, 0xff, 0xff,
    0xe4, 0xff, 0xff, 0xd0, 0xf4, 0x22, 0x6e, 0x4f,
    0x0, 0x6d, 0xf, 0x20, 0x4, 0xe4, 0xf0, 0x6,
    0xd1, 0xf4, 0x22, 0x6e, 0x4f, 0x55, 0x9d, 0x2f,
    0xff, 0xff, 0xe4, 0xfd, 0xdd, 0xc4, 0xf1, 0x11,
    0x5e, 0x15, 0x0, 0x0, 0x9c, 0x0, 0x4, 0xe0,
    0x0, 0x0, 0x2f, 0x60, 0x0, 0x4e, 0x0, 0x0,
    0x1c, 0xc0, 0x1, 0x37, 0xe0, 0x0, 0xa, 0xd1,
    0x0, 0x2f, 0xf8, 0x0, 0x0, 0x1, 0x0, 0x0,
    0x0, 0x0,

    /* U+6642 "時" */
    0x0, 0x0, 0x0, 0x0, 0xf, 0x40, 0x0, 0x2,
    0xcc, 0xcc, 0x4, 0x55, 0xf7, 0x55, 0x10, 0x3f,
    0x57, 0xf0, 0xcd, 0xdf, 0xed, 0xd2, 0x3, 0xf0,
    0x2f, 0x0, 0x0, 0xf4, 0x0, 0x0, 0x3f, 0x2,
    0xf3, 0x55, 0x5f, 0x85, 0x54, 0x3, 0xff, 0xff,
    0x6c, 0xcc, 0xcc, 0xcc, 0xa0, 0x3f, 0x35, 0xf0,
    0x0, 0x0, 0x6d, 0x0, 0x3, 0xf0, 0x2f, 0x23,
    0x33, 0x38, 0xe3, 0x30, 0x3f, 0x2, 0xf9, 0xee,
    0xee, 0xff, 0xee, 0x23, 0xf2, 0x4f, 0x4, 0x70,
    0x6, 0xe0, 0x0, 0x3f, 0xff, 0xf0, 0x4e, 0xb0,
    0x6e, 0x0, 0x2, 0xe0, 0x2e, 0x0, 0x2e, 0x46,
    0xe0, 0x0, 0x0, 0x0, 0x0, 0x0, 0x33, 0x8e,
    0x0, 0x0, 0x0, 0x0, 0x0, 0x4, 0xff, 0x80,
    0x0,

    /* U+6674 "晴" */
    0x0, 0x0, 0x0, 0x0, 0x7b, 0x0, 0x0, 0xbc,
    0xcc, 0x1c, 0xcc, 0xef, 0xcc, 0xc2, 0xe7, 0x5f,
    0x14, 0x66, 0xbd, 0x66, 0x50, 0xe4, 0x1f, 0x10,
    0xff, 0xff, 0xff, 0x50, 0xe6, 0x3f, 0x46, 0x66,
    0xad, 0x66, 0x65, 0xee, 0xdf, 0x7a, 0xaa, 0xaa,
    0xaa, 0xa8, 0xe4, 0x1f, 0x12, 0xdd, 0xdd, 0xdd,
    0x60, 0xe4, 0x1f, 0x13, 0xf5, 0x55, 0x5c, 0x70,
    0xe6, 0x3f, 0x13, 0xfd, 0xdd, 0xdf, 0x70, 0xef,
    0xff, 0x13, 0xf3, 0x33, 0x3b, 0x70, 0xe5, 0x2f,
    0x13, 0xfc, 0xcc, 0xce, 0x70, 0x31, 0x2, 0x3,
    0xf6, 0x66, 0x6c, 0x70, 0x0, 0x0, 0x3, 0xf0,
    0x1, 0x2c, 0x70, 0x0, 0x0, 0x2, 0xf0, 0x5,
    0xfe, 0x30,

    /* U+66B4 "暴" */
    0x0, 0x8f, 0xff, 0xff, 0xff, 0xff, 0x30, 0x0,
    0x8, 0xd6, 0x66, 0x66, 0x66, 0xf3, 0x0, 0x0,
    0x8f, 0xff, 0xff, 0xff, 0xff, 0x30, 0x0, 0x8,
    0xd5, 0x55, 0x55, 0x55, 0xf3, 0x0, 0x0, 0x7f,
    0xff, 0xff, 0xff, 0xff, 0x20, 0x0, 0x6, 0x6b,
    0xd6, 0x66, 0xf8, 0x65, 0x0, 0x1, 0xee, 0xff,
    0xee, 0xef, 0xee, 0xb0, 0x0, 0x55, 0x5a, 0xd5,
    0x55, 0xf8, 0x55, 0x40, 0x1d, 0xde, 0xfe, 0xdf,
    0xde, 0xfd, 0xdc, 0x0, 0x28, 0xef, 0x61, 0xf3,
    0x6f, 0xc6, 0x10, 0x7f, 0xa2, 0x5c, 0x4f, 0x4c,
    0x63, 0xaf, 0x31, 0x11, 0x59, 0xe7, 0xf5, 0xfc,
    0x71, 0x0, 0x4, 0xfc, 0x85, 0x4f, 0x11, 0x5b,
    0xf4, 0x0, 0x1, 0x0, 0xef, 0xb0, 0x0, 0x3,
    0x0, 0x0, 0x0, 0x0, 0x0, 0x0, 0x0, 0x0,
    0x0,

    /* U+66F4 "更" */
    0xb, 0xff, 0xff, 0xff, 0xff, 0xff, 0xff, 0xe0,
    0x2, 0x22, 0x22, 0x29, 0xc2, 0x22, 0x22, 0x20,
    0x0, 0x2, 0x22, 0x28, 0xc2, 0x22, 0x20, 0x0,
    0x0, 0x1f, 0xff, 0xff, 0xff, 0xff, 0xf2, 0x0,
    0x0, 0x1f, 0x20, 0x8, 0xb0, 0x0, 0xf2, 0x0,
    0x0, 0x1f, 0xff, 0xff, 0xff, 0xff, 0xf2, 0x0,
    0x0, 0x1f, 0x53, 0x39, 0xc3, 0x33, 0xf2, 0x0,
    0x0, 0x1f, 0x53, 0x3a, 0xb3, 0x33, 0xf2, 0x0,
    0x0, 0xf, 0xff, 0xff, 0xff, 0xff, 0xf2, 0x0,
    0x0, 0x6, 0x70, 0xe, 0x50, 0x0, 0x0, 0x0,
    0x0, 0x3, 0xeb, 0x6f, 0x10, 0x0, 0x0, 0x0,
    0x0, 0x0, 0x2e, 0xfb, 0x10, 0x0, 0x0, 0x0,
    0x0, 0x27, 0xdf, 0x9c, 0xfc, 0x86, 0x43, 0x20,
    0xd, 0xfe, 0x92, 0x0, 0x26, 0xad, 0xff, 0xf1,
    0x2, 0x20, 0x0, 0x0, 0x0, 0x0, 0x0, 0x10,

    /* U+6709 "有" */
    0x0, 0x0, 0x0, 0x51, 0x0, 0x0, 0x0, 0x0,
    0x0, 0x0, 0x1f, 0x30, 0x0, 0x0, 0x0, 0x1,
    0x33, 0x37, 0xf3, 0x33, 0x33, 0x33, 0x30, 0x4f,
    0xff, 0xff, 0xff, 0xff, 0xff, 0xff, 0x0, 0x0,
    0x3f, 0x20, 0x0, 0x0, 0x0, 0x0, 0x0, 0xa,
    0xfd, 0xdd, 0xdd, 0xdd, 0x0, 0x0, 0x5, 0xfe,
    0x55, 0x55, 0x57, 0xf0, 0x0, 0x2, 0xfd, 0xd2,
    0x22, 0x22, 0x4f, 0x0, 0x1, 0xda, 0x7f, 0xff,
    0xff, 0xff, 0xf0, 0x1, 0xdc, 0x7, 0xd0, 0x0,
    0x0, 0x3f, 0x0, 0x5, 0x10, 0x7d, 0x44, 0x44,
    0x46, 0xf0, 0x0, 0x0, 0x7, 0xfe, 0xee, 0xee,
    0xef, 0x0, 0x0, 0x0, 0x7d, 0x0, 0x0, 0x2,
    0xf0, 0x0, 0x0, 0x7, 0xd0, 0x0, 0x12, 0x5f,
    0x0, 0x0, 0x0, 0x7d, 0x0, 0x2, 0xff, 0xb0,
    0x0,

    /* U+672A "未" */
    0x0, 0x0, 0x0, 0x7c, 0x0, 0x0, 0x0, 0x0,
    0x0, 0x0, 0x7, 0xc0, 0x0, 0x0, 0x0, 0x0,
    0xff, 0xff, 0xff, 0xff, 0xff, 0x40, 0x0, 0x2,
    0x22, 0x29, 0xd2, 0x22, 0x20, 0x0, 0x0, 0x0,
    0x0, 0x7c, 0x0, 0x0, 0x0, 0x0, 0x33, 0x33,
    0x39, 0xd3, 0x33, 0x33, 0x10, 0xf, 0xff, 0xff,
    0xff, 0xff, 0xff, 0xf5, 0x0, 0x0, 0x3, 0xfc,
    0xde, 0x50, 0x0, 0x0, 0x0, 0x1, 0xd9, 0x6c,
    0x6e, 0x10, 0x0, 0x0, 0x2, 0xdb, 0x6, 0xc0,
    0xad, 0x10, 0x0, 0x4, 0xea, 0x0, 0x6c, 0x0,
    0xbe, 0x40, 0x9, 0xf7, 0x0, 0x6, 0xc0, 0x0,
    0x7f, 0xb0, 0x32, 0x0, 0x0, 0x6c, 0x0, 0x0,
    0x15, 0x0, 0x0, 0x0, 0x6, 0xc0, 0x0, 0x0,
    0x0, 0x0, 0x0, 0x0, 0x0, 0x0, 0x0, 0x0,
    0x0,

    /* U+6771 "東" */
    0x0, 0x0, 0x0, 0x6d, 0x0, 0x0, 0x0, 0x2,
    0xdd, 0xdd, 0xde, 0xfd, 0xdd, 0xdd, 0xa0, 0x2,
    0x22, 0x22, 0x7d, 0x22, 0x22, 0x22, 0x0, 0xa,
    0xee, 0xef, 0xfe, 0xee, 0xe5, 0x0, 0x0, 0xc9,
    0x44, 0x8e, 0x44, 0x4d, 0x60, 0x0, 0xc, 0x93,
    0x38, 0xe3, 0x33, 0xd6, 0x0, 0x0, 0xcf, 0xee,
    0xff, 0xee, 0xef, 0x60, 0x0, 0xc, 0x93, 0x38,
    0xe3, 0x33, 0xd6, 0x0, 0x0, 0xbf, 0xff, 0xff,
    0xff, 0xff, 0x50, 0x0, 0x0, 0x3, 0xfc, 0xed,
    0xc1, 0x0, 0x0, 0x0, 0x7, 0xf8, 0x6d, 0x2d,
    0xe5, 0x0, 0x1, 0x6d, 0xe5, 0x6, 0xd0, 0x1a,
    0xfc, 0x50, 0xae, 0x81, 0x0, 0x6d, 0x0, 0x3,
    0xaf, 0x30, 0x0, 0x0, 0x6, 0xd0, 0x0, 0x0,
    0x0,

    /* U+6797 "林" */
    0x0, 0x2, 0xf0, 0x0, 0x0, 0xe5, 0x0, 0x0,
    0x0, 0x2f, 0x10, 0x0, 0xe, 0x50, 0x0, 0x1,
    0x13, 0xf2, 0x10, 0x11, 0xe5, 0x11, 0x0, 0xef,
    0xff, 0xff, 0xbf, 0xff, 0xff, 0xf5, 0x1, 0x17,
    0xf2, 0x10, 0x1d, 0xff, 0x41, 0x0, 0x0, 0xcf,
    0xf4, 0x0, 0xff, 0xf6, 0x0, 0x0, 0x3f, 0xf7,
    0xf2, 0x5c, 0xec, 0xb0, 0x0, 0xb, 0xcf, 0x19,
    0xab, 0x6e, 0x8f, 0x10, 0x6, 0xf4, 0xf1, 0x14,
    0xf0, 0xe5, 0xc8, 0x3, 0xf5, 0x2f, 0x10, 0xd7,
    0xe, 0x54, 0xf1, 0x36, 0x2, 0xf1, 0x9c, 0x0,
    0xe5, 0xa, 0xa0, 0x0, 0x2f, 0x11, 0x10, 0xe,
    0x50, 0x0, 0x0, 0x2, 0xf1, 0x0, 0x0, 0xe5,
    0x0, 0x0, 0x0, 0x2f, 0x10, 0x0, 0xe, 0x50,
    0x0,

    /* U+679C "果" */
    0x0, 0xa, 0xff, 0xff, 0xff, 0xff, 0xf3, 0x0,
    0x0, 0xa, 0x92, 0x27, 0xe2, 0x22, 0xf3, 0x0,
    0x0, 0xa, 0x80, 0x5, 0xd0, 0x0, 0xf3, 0x0,
    0x0, 0xa, 0xff, 0xff, 0xff, 0xff, 0xf3, 0x0,
    0x0, 0xa, 0xa3, 0x37, 0xe3, 0x33, 0xf3, 0x0,
    0x0, 0xa, 0xa3, 0x37, 0xe3, 0x33, 0xf3, 0x0,
    0x0, 0xa, 0xff, 0xff, 0xff, 0xff, 0xf3, 0x0,
    0x0, 0x0, 0x0, 0x5, 0xd0, 0x0, 0x0, 0x0,
    0x4, 0xff, 0xff, 0xff, 0xff, 0xff, 0xff, 0xc0,
    0x0, 0x22, 0x25, 0xfb, 0xec, 0xc3, 0x22, 0x20,
    0x0, 0x0, 0x5e, 0x86, 0xd1, 0xcc, 0x20, 0x0,
    0x0, 0x4c, 0xe5, 0x6, 0xd0, 0x8, 0xfa, 0x30,
    0xa, 0xe8, 0x10, 0x6, 0xd0, 0x0, 0x29, 0xf4,
    0x0, 0x0, 0x0, 0x5, 0xd0, 0x0, 0x0, 0x0,
    0x0, 0x0, 0x0, 0x0, 0x0, 0x0, 0x0, 0x0,

    /* U+6817 "栗" */
    0x1f, 0xff, 0xff, 0xff, 0xff, 0xff, 0xfb, 0x0,
    0x22, 0x22, 0xf5, 0x2c, 0x82, 0x22, 0x10, 0x1,
    0x33, 0x3f, 0x63, 0xc9, 0x33, 0x20, 0x0, 0x5f,
    0xff, 0xff, 0xff, 0xff, 0xfc, 0x0, 0x5, 0xf0,
    0xf, 0x30, 0xb7, 0x7, 0xc0, 0x0, 0x5f, 0x33,
    0xf6, 0x3c, 0x93, 0x8c, 0x0, 0x5, 0xff, 0xff,
    0xff, 0xff, 0xff, 0xb0, 0x0, 0x0, 0x0, 0x5,
    0xd0, 0x0, 0x0, 0x0, 0x3f, 0xff, 0xff, 0xff,
    0xff, 0xff, 0xfc, 0x0, 0x33, 0x35, 0xfd, 0xee,
    0xc3, 0x33, 0x20, 0x0, 0x5, 0xeb, 0x5d, 0x4f,
    0xb2, 0x0, 0x1, 0x6c, 0xf8, 0x5, 0xd0, 0x2c,
    0xfa, 0x40, 0x9e, 0x92, 0x0, 0x5d, 0x0, 0x4,
    0xbe, 0x20, 0x0, 0x0, 0x5, 0xd0, 0x0, 0x0,
    0x0,

    /* U+6843 "桃" */
    0x0, 0x8, 0xa0, 0x0, 0xd5, 0x4e, 0x0, 0x0,
    0x0, 0x8a, 0x0, 0xd, 0x64, 0xe0, 0x0, 0x2,
    0x3a, 0xb5, 0xb0, 0xd6, 0x4e, 0x9, 0x40, 0xef,
    0xff, 0xfd, 0x8d, 0x64, 0xe1, 0xf3, 0x0, 0xb,
    0xa0, 0x4e, 0xd6, 0x4e, 0xcb, 0x0, 0x0, 0xef,
    0x50, 0x5d, 0x64, 0xe3, 0x10, 0x0, 0x4f, 0xef,
    0x10, 0xd6, 0x4f, 0x0, 0x0, 0xb, 0xfa, 0xb7,
    0x6f, 0x54, 0xfd, 0x30, 0x4, 0xfa, 0xa4, 0xce,
    0xf4, 0x4e, 0x8f, 0x51, 0xe7, 0x8a, 0x7b, 0x2f,
    0x24, 0xe0, 0x75, 0x3a, 0x8, 0xa0, 0x5, 0xd0,
    0x4e, 0x2, 0x50, 0x0, 0x8a, 0x0, 0xd8, 0x4,
    0xe0, 0x5d, 0x0, 0x8, 0xa0, 0xad, 0x0, 0x4f,
    0x38, 0xb0, 0x0, 0x8a, 0x6d, 0x20, 0x0, 0xcf,
    0xd3, 0x0, 0x0, 0x0, 0x0, 0x0, 0x0, 0x0,
    0x0,

    /* U+6975 "極" */
    0x0, 0xe, 0x4e, 0xff, 0xff, 0xff, 0xff, 0x80,
    0x0, 0xe4, 0x22, 0x6e, 0x22, 0x22, 0x21, 0x5,
    0x6f, 0x96, 0x7, 0xd6, 0x40, 0x0, 0x0, 0xce,
    0xfe, 0xe0, 0xbf, 0xfb, 0x44, 0x41, 0x0, 0x1f,
    0x40, 0x16, 0x46, 0xdf, 0xff, 0x60, 0x4, 0xf9,
    0x3f, 0xff, 0x6a, 0xc5, 0xd3, 0x0, 0xaf, 0xf8,
    0xf3, 0xf7, 0xa9, 0x9f, 0x0, 0x1f, 0xfb, 0xef,
    0x3f, 0x89, 0x5f, 0xb0, 0xa, 0xbe, 0x54, 0xf5,
    0xf9, 0x80, 0xf7, 0x4, 0xf2, 0xe4, 0x3f, 0xfe,
    0xa6, 0x7f, 0xd0, 0x2, 0xe, 0x40, 0x6, 0x6f,
    0x7f, 0x4d, 0x90, 0x0, 0xe4, 0x0, 0x6a, 0x65,
    0x60, 0x37, 0x0, 0xe, 0x5f, 0xff, 0xff, 0xff,
    0xff, 0xe0, 0x0, 0xe4, 0x33, 0x33, 0x33, 0x33,
    0x33,

    /* U+6A5F "機" */
    0x0, 0x0, 0x0, 0x0, 0x0, 0x0, 0x0, 0x0,
    0x0, 0xf, 0x30, 0x1d, 0x1c, 0x70, 0xb6, 0x0,
    0x0, 0xf, 0x30, 0x8b, 0x4c, 0x73, 0xf5, 0x30,
    0x1, 0x1f, 0x44, 0xf6, 0xfe, 0x9e, 0xad, 0x80,
    0xd, 0xff, 0xfa, 0xcf, 0xab, 0x87, 0xfe, 0x10,
    0x0, 0x2f, 0x30, 0x3f, 0x7a, 0x81, 0xeb, 0x20,
    0x0, 0x6f, 0xa1, 0xcb, 0xfb, 0xaa, 0xec, 0x80,
    0x0, 0xbf, 0xed, 0xfe, 0xff, 0xbf, 0xfe, 0xc0,
    0x2, 0xff, 0x6a, 0x0, 0x49, 0xc3, 0xe8, 0x40,
    0xa, 0xaf, 0x8f, 0xff, 0xff, 0xff, 0xff, 0xd0,
    0x3f, 0x2f, 0x31, 0xab, 0x13, 0xf2, 0x29, 0x10,
    0x3, 0xf, 0x30, 0xdf, 0xb1, 0xe8, 0xdb, 0x10,
    0x0, 0xf, 0x35, 0xf2, 0xb8, 0xbf, 0x90, 0xe2,
    0x0, 0xf, 0x7e, 0x86, 0x9f, 0xcc, 0xd6, 0xf1,
    0x0, 0xf, 0x79, 0xa, 0x94, 0x0, 0x9f, 0x80,

    /* U+6B21 "次" */
    0x0, 0x0, 0x0, 0x1, 0x0, 0x0, 0x0, 0x0,
    0x2, 0x20, 0x0, 0x9, 0xa0, 0x0, 0x0, 0x0,
    0x9, 0xf6, 0x0, 0xd, 0x60, 0x0, 0x0, 0x0,
    0x0, 0x6f, 0x40, 0x2f, 0xff, 0xff, 0xff, 0x40,
    0x0, 0xa, 0x80, 0x8c, 0x33, 0x33, 0x6f, 0x20,
    0x0, 0x0, 0x1, 0xf5, 0x1, 0x0, 0x7e, 0x0,
    0x0, 0x0, 0xb, 0xc0, 0x1f, 0x10, 0xc7, 0x0,
    0x0, 0x3, 0x38, 0x20, 0x2f, 0x0, 0x0, 0x0,
    0x0, 0x9, 0x90, 0x0, 0x5f, 0x0, 0x0, 0x0,
    0x0, 0xe, 0x50, 0x0, 0x9f, 0x60, 0x0, 0x0,
    0x0, 0x3f, 0x0, 0x1, 0xfa, 0xe0, 0x0, 0x0,
    0x0, 0xba, 0x0, 0xc, 0xd0, 0xc9, 0x0, 0x0,
    0x4, 0xf2, 0x1, 0xbe, 0x20, 0x2e, 0x90, 0x0,
    0xe, 0x90, 0x5e, 0xc1, 0x0, 0x3, 0xed, 0x60,
    0x4, 0x1, 0xd7, 0x0, 0x0, 0x0, 0x18, 0xb0,
    0x0, 0x0, 0x0, 0x0, 0x0, 0x0, 0x0, 0x0,

    /* U+6B64 "此" */
    0x0, 0x0, 0x1f, 0x30, 0xf, 0x50, 0x0, 0x0,
    0x0, 0x0, 0x2f, 0x30, 0xf, 0x50, 0x0, 0x0,
    0x0, 0x0, 0x2f, 0x30, 0xf, 0x50, 0x0, 0x0,
    0x0, 0x93, 0x2f, 0x30, 0xf, 0x50, 0x3, 0x0,
    0x0, 0xe5, 0x2f, 0x63, 0x1f, 0x50, 0xaf, 0x20,
    0x0, 0xe5, 0x2f, 0xff, 0x8f, 0x8d, 0xe3, 0x0,
    0x0, 0xe5, 0x2f, 0x30, 0xf, 0xf9, 0x10, 0x0,
    0x0, 0xe5, 0x2f, 0x30, 0xf, 0x60, 0x0, 0x0,
    0x0, 0xe5, 0x2f, 0x30, 0xf, 0x50, 0x0, 0x0,
    0x0, 0xe5, 0x2f, 0x30, 0xf, 0x50, 0x0, 0x0,
    0x0, 0xe5, 0x2f, 0x34, 0x4f, 0x50, 0x1, 0x50,
    0x0, 0xe5, 0x4f, 0xff, 0x6f, 0x50, 0x4, 0xe0,
    0x2, 0xfe, 0xfc, 0x71, 0xe, 0x83, 0x3b, 0xa0,
    0x3f, 0xe8, 0x20, 0x0, 0x8, 0xff, 0xfe, 0x30,
    0x2, 0x0, 0x0, 0x0, 0x0, 0x0, 0x0, 0x0,

    /* U+6BDB "毛" */
    0x0, 0x0, 0x0, 0x0, 0x37, 0xbd, 0x20, 0x2,
    0x56, 0x79, 0xad, 0xff, 0xd9, 0x40, 0x0, 0x3e,
    0xdc, 0xab, 0xf4, 0x10, 0x0, 0x0, 0x0, 0x0,
    0x0, 0x4e, 0x0, 0x0, 0x0, 0x0, 0x0, 0x0,
    0x27, 0xf7, 0x9b, 0xcd, 0x0, 0x0, 0xaf, 0xff,
    0xff, 0xb9, 0x75, 0x30, 0x0, 0x3, 0x32, 0x4,
    0xe0, 0x0, 0x0, 0x0, 0x0, 0x0, 0x0, 0x4e,
    0x2, 0x35, 0x78, 0x30, 0x25, 0x79, 0xbd, 0xff,
    0xff, 0xec, 0xa3, 0x6, 0xdb, 0x97, 0x9f, 0x42,
    0x0, 0x0, 0x70, 0x0, 0x0, 0x4, 0xe0, 0x0,
    0x0, 0x2f, 0x0, 0x0, 0x0, 0x4f, 0x0, 0x0,
    0x7, 0xb0, 0x0, 0x0, 0x1, 0xff, 0xff, 0xff,
    0xf3, 0x0, 0x0, 0x0, 0x1, 0x33, 0x33, 0x30,
    0x0,

    /* U+6C23 "氣" */
    0x0, 0x0, 0x30, 0x0, 0x0, 0x0, 0x0, 0x0,
    0x0, 0x2, 0xf4, 0x11, 0x11, 0x11, 0x11, 0x0,
    0x0, 0xd, 0xff, 0xff, 0xff, 0xff, 0xff, 0x10,
    0x0, 0xcd, 0x78, 0x88, 0x88, 0x88, 0x82, 0x0,
    0x1d, 0xd2, 0x7a, 0xaa, 0xaa, 0xaa, 0xa1, 0x0,
    0x6, 0x7d, 0xdd, 0xdd, 0xdd, 0xdd, 0x90, 0x0,
    0x0, 0x36, 0x55, 0x75, 0x57, 0x5b, 0xa0, 0x0,
    0x0, 0xcd, 0x21, 0xf2, 0x1e, 0x68, 0xa0, 0x0,
    0x0, 0x1b, 0xd2, 0xf4, 0xdc, 0x8, 0xa0, 0x0,
    0x3, 0x56, 0xc6, 0xf7, 0xd5, 0x59, 0xb0, 0x0,
    0x8, 0xdd, 0xef, 0xfe, 0xdd, 0xd9, 0xc0, 0x0,
    0x0, 0x1, 0xda, 0xfb, 0xc4, 0x5, 0xe1, 0x60,
    0x0, 0x6e, 0x91, 0xf2, 0x6f, 0x92, 0xf5, 0xf0,
    0x1e, 0xd4, 0x1, 0xf2, 0x2, 0xd5, 0xde, 0xb0,
    0x4, 0x0, 0x1, 0xf2, 0x0, 0x0, 0x4e, 0x40,
    0x0, 0x0, 0x0, 0x10, 0x0, 0x0, 0x0, 0x0,

    /* U+6C42 "求" */
    0x0, 0x0, 0x0, 0xc, 0x74, 0xa3, 0x0, 0x0,
    0x0, 0x0, 0x0, 0xc7, 0x28, 0xfa, 0x0, 0x2,
    0x44, 0x44, 0x4d, 0xa4, 0x46, 0xb4, 0x0, 0x9e,
    0xee, 0xee, 0xff, 0xee, 0xee, 0xe1, 0x0, 0x42,
    0x0, 0xc, 0x70, 0x0, 0x33, 0x0, 0x9, 0xfa,
    0x0, 0xc7, 0x0, 0x5f, 0x60, 0x0, 0x1, 0xbd,
    0x1c, 0xd2, 0xbf, 0x50, 0x0, 0x0, 0x0, 0x50,
    0xcf, 0xa9, 0x10, 0x0, 0x0, 0x0, 0x2a, 0x5c,
    0x9e, 0x70, 0x0, 0x0, 0x1, 0x9f, 0xa1, 0xc7,
    0x3e, 0x90, 0x0, 0x8, 0xfb, 0x30, 0xc, 0x70,
    0x2c, 0xd5, 0x0, 0x64, 0x0, 0x0, 0xc7, 0x0,
    0x6, 0xe7, 0x0, 0x0, 0x14, 0x6f, 0x60, 0x0,
    0x0, 0x0, 0x0, 0x0, 0xff, 0xe2, 0x0, 0x0,
    0x0,

    /* U+6C60 "池" */
    0x0, 0xc6, 0x0, 0x0, 0xd, 0x50, 0x0, 0x0,
    0x0, 0x7f, 0x80, 0x0, 0xd, 0x50, 0x0, 0x0,
    0x0, 0x5, 0xf2, 0x93, 0xd, 0x50, 0x0, 0x0,
    0x3, 0x0, 0x20, 0xe4, 0xd, 0x53, 0x7c, 0x10,
    0x1e, 0xc1, 0x0, 0xe5, 0x5e, 0xff, 0xcf, 0x20,
    0x1, 0xcc, 0x15, 0xff, 0xef, 0x80, 0x1f, 0x10,
    0x0, 0x18, 0x7e, 0xf6, 0xd, 0x50, 0x2f, 0x10,
    0x0, 0x0, 0x40, 0xe4, 0xd, 0x50, 0x3f, 0x0,
    0x0, 0x4, 0xf0, 0xe4, 0xd, 0x50, 0x5e, 0x0,
    0x0, 0xb, 0xa0, 0xe4, 0xd, 0x5e, 0xfa, 0x0,
    0x0, 0x2f, 0x30, 0xe4, 0xd, 0x53, 0x51, 0x40,
    0x0, 0xcb, 0x0, 0xe4, 0x4, 0x10, 0x0, 0xf2,
    0x9, 0xf2, 0x0, 0xd8, 0x22, 0x22, 0x27, 0xe0,
    0x8, 0x40, 0x0, 0x5e, 0xff, 0xff, 0xfe, 0x50,

    /* U+6C99 "沙" */
    0x9, 0xa1, 0x0, 0x0, 0x5e, 0x0, 0x0, 0x0,
    0x3c, 0xe2, 0x0, 0x5, 0xe0, 0x0, 0x0, 0x0,
    0xc, 0x90, 0x33, 0x5e, 0x4, 0x0, 0x3, 0x20,
    0x10, 0xa, 0xa5, 0xe2, 0xea, 0x0, 0x8f, 0x70,
    0x2, 0xf3, 0x5e, 0x3, 0xf8, 0x0, 0x4f, 0x60,
    0xbb, 0x5, 0xe0, 0x5, 0xf2, 0x0, 0x53, 0x9e,
    0x10, 0x5e, 0x0, 0xc, 0x70, 0x0, 0x34, 0x30,
    0x5, 0xe0, 0x2c, 0x20, 0x0, 0x1f, 0x20, 0x5,
    0x8e, 0xa, 0xb0, 0x0, 0x7, 0xd0, 0x0, 0xdd,
    0x74, 0xf3, 0x0, 0x0, 0xe6, 0x0, 0x0, 0x4,
    0xf8, 0x0, 0x0, 0x9e, 0x0, 0x0, 0x19, 0xf9,
    0x0, 0x0, 0x5f, 0x63, 0x58, 0xcf, 0xd4, 0x0,
    0x0, 0x6, 0x81, 0xff, 0xc8, 0x30, 0x0, 0x0,
    0x0, 0x0, 0x0, 0x0, 0x0, 0x0, 0x0, 0x0,
    0x0,

    /* U+6DDE "淞" */
    0x8, 0x90, 0x1, 0xf1, 0x0, 0x9f, 0xf3, 0x0,
    0x2, 0xcb, 0x1, 0xf1, 0x1, 0x51, 0xd4, 0x0,
    0x0, 0x1c, 0x54, 0xf4, 0x25, 0xd0, 0xb6, 0x0,
    0x17, 0x1, 0xff, 0xff, 0xc8, 0xa0, 0x99, 0x0,
    0x2d, 0xd1, 0x7, 0xf3, 0xc, 0x60, 0x5d, 0x0,
    0x0, 0xc9, 0xb, 0xff, 0x6f, 0x38, 0x1f, 0x40,
    0x0, 0x10, 0xf, 0xf8, 0xfb, 0x3f, 0x9, 0xc0,
    0x0, 0x48, 0x6d, 0xf2, 0xf3, 0x6c, 0x1, 0xd1,
    0x0, 0x7b, 0xd8, 0xf1, 0x10, 0x8a, 0x0, 0x0,
    0x0, 0xad, 0xd1, 0xf1, 0x0, 0xd6, 0x64, 0x0,
    0x0, 0xe4, 0x11, 0xf1, 0x1, 0xf1, 0x6e, 0x0,
    0x6, 0xe0, 0x1, 0xf1, 0x6, 0xe4, 0x6e, 0x70,
    0x1e, 0x60, 0x1, 0xf1, 0xaf, 0xfd, 0xbb, 0xd0,
    0x5, 0x0, 0x1, 0xf1, 0x11, 0x0, 0x1, 0x80,

    /* U+6E56 "湖" */
    0xa, 0x90, 0x6, 0xd0, 0xa, 0xff, 0xf5, 0x1,
    0xcc, 0x6, 0xd0, 0xa, 0x92, 0xe5, 0x0, 0x18,
    0x38, 0xe3, 0x3a, 0x70, 0xe5, 0x22, 0xa, 0xff,
    0xff, 0xfb, 0x81, 0xe5, 0x9f, 0x61, 0x27, 0xd2,
    0x2a, 0xff, 0xf5, 0x6, 0xf3, 0x6, 0xd0, 0xa,
    0x81, 0xe5, 0x0, 0x50, 0x38, 0xe4, 0x2a, 0x70,
    0xe5, 0x0, 0x20, 0xff, 0xef, 0x8a, 0x93, 0xe5,
    0x0, 0xa8, 0xf4, 0xa, 0x8a, 0xff, 0xf5, 0x0,
    0xe4, 0xf4, 0xa, 0x8c, 0x60, 0xe5, 0x4, 0xf0,
    0xf7, 0x3b, 0x8f, 0x40, 0xe5, 0xc, 0x90, 0xff,
    0xff, 0xcf, 0x0, 0xe5, 0x6f, 0x20, 0xf4, 0x0,
    0xca, 0x13, 0xe5, 0x77, 0x0, 0x31, 0x4, 0xf2,
    0x4f, 0xe1, 0x0, 0x0, 0x0, 0x0, 0x10, 0x0,
    0x0,

    /* U+6EAB "溫" */
    0x0, 0x0, 0x0, 0x0, 0x0, 0x0, 0x0, 0x0,
    0x0, 0xbc, 0x21, 0xff, 0xff, 0xff, 0xf7, 0x0,
    0x0, 0xa, 0xf4, 0xf4, 0x2e, 0x62, 0xc7, 0x0,
    0x0, 0x0, 0xb5, 0xf2, 0x1f, 0x40, 0xc7, 0x0,
    0x8, 0x60, 0x1, 0xf2, 0xaf, 0xf5, 0xc7, 0x0,
    0x8, 0xfb, 0x1, 0xfd, 0xe3, 0x7f, 0xe7, 0x0,
    0x0, 0x3f, 0x71, 0xfc, 0xa9, 0x9b, 0xe7, 0x0,
    0x0, 0x3, 0x0, 0xcc, 0xcc, 0xcc, 0xc5, 0x0,
    0x0, 0x5, 0x32, 0x33, 0x33, 0x33, 0x33, 0x0,
    0x0, 0xb, 0x7e, 0xff, 0xff, 0xff, 0xff, 0x40,
    0x0, 0xf, 0x3e, 0x53, 0xf0, 0x99, 0xf, 0x40,
    0x0, 0x5e, 0xe, 0x53, 0xf0, 0x99, 0xf, 0x40,
    0x0, 0xc9, 0xe, 0x53, 0xf0, 0x99, 0xf, 0x40,
    0x5, 0xf2, 0x2e, 0x75, 0xf2, 0xaa, 0x2f, 0x60,
    0xd, 0x90, 0xef, 0xff, 0xff, 0xff, 0xff, 0xf5,
    0x1, 0x0, 0x0, 0x0, 0x0, 0x0, 0x0, 0x0,

    /* U+6F8E "澎" */
    0x3, 0x60, 0x0, 0xf, 0x40, 0x0, 0x7, 0x50,
    0x1, 0xae, 0xcf, 0xff, 0xff, 0xf0, 0x4f, 0x40,
    0x0, 0x9, 0xa3, 0x3f, 0x63, 0x35, 0xf6, 0x0,
    0x1a, 0x40, 0x3c, 0xcf, 0xdc, 0x7c, 0x50, 0x60,
    0x8, 0xf5, 0x16, 0x66, 0x66, 0x30, 0x3, 0xf1,
    0x0, 0x6e, 0xf, 0xff, 0xff, 0x40, 0xd, 0x80,
    0x0, 0x1, 0xf, 0x63, 0x3f, 0x40, 0xcc, 0x0,
    0x0, 0x2, 0xf, 0x75, 0x5f, 0x7d, 0xc1, 0x10,
    0x0, 0xc, 0x6d, 0xdd, 0xdd, 0x58, 0x0, 0xd5,
    0x0, 0x1f, 0x26, 0xb0, 0xa5, 0x0, 0x7, 0xe1,
    0x0, 0x7d, 0x1, 0xf4, 0xf3, 0x10, 0x4f, 0x50,
    0x0, 0xe6, 0x0, 0xac, 0xfd, 0xf6, 0xf7, 0x0,
    0x9, 0xd0, 0xaf, 0xfc, 0x97, 0xcf, 0x50, 0x0,
    0xa, 0x30, 0x24, 0x0, 0x1e, 0xb2, 0x0, 0x0,
    0x0, 0x0, 0x0, 0x0, 0x0, 0x0, 0x0, 0x0,

    /* U+6FD5 "濕" */
    0x0, 0x0, 0x0, 0x0, 0x0, 0x0, 0x0, 0x0,
    0x9, 0xd4, 0xf, 0xff, 0xff, 0xff, 0xfe, 0x0,
    0x0, 0x9f, 0x2f, 0x64, 0x44, 0x44, 0x7e, 0x0,
    0x0, 0x9, 0x2f, 0xff, 0xff, 0xff, 0xfe, 0x0,
    0x2, 0x0, 0xf, 0x64, 0x44, 0x44, 0x7e, 0x0,
    0xd, 0xd3, 0xf, 0xff, 0xff, 0xff, 0xfe, 0x0,
    0x0, 0x9e, 0x12, 0xc9, 0x22, 0x2b, 0xa1, 0x0,
    0x0, 0x4, 0x6e, 0xd4, 0x97, 0xee, 0x4d, 0x10,
    0x0, 0x16, 0xc, 0xae, 0x90, 0xac, 0xd9, 0x0,
    0x0, 0x5d, 0x3, 0xfc, 0x70, 0x1f, 0xbb, 0x40,
    0x0, 0x99, 0xb, 0xc7, 0xf4, 0xbe, 0x7c, 0xc0,
    0x0, 0xe5, 0xcf, 0xda, 0xdc, 0xdb, 0x86, 0xf2,
    0x4, 0xf0, 0x38, 0x2c, 0x64, 0xd4, 0x1e, 0x70,
    0xc, 0x90, 0xc8, 0x9, 0xc0, 0x6e, 0x4, 0xf1,
    0x5, 0x16, 0xc0, 0x1, 0xa1, 0x9, 0x10, 0x94,
    0x0, 0x0, 0x0, 0x0, 0x0, 0x0, 0x0, 0x0,

    /* U+70BA "為" */
    0x0, 0x3, 0x0, 0x37, 0x0, 0x0, 0x0, 0x0,
    0x0, 0xdd, 0x17, 0xd0, 0x0, 0x0, 0x0, 0x0,
    0x0, 0xc7, 0x9b, 0x0, 0x0, 0x0, 0x0, 0xa,
    0xff, 0xff, 0xff, 0xff, 0xf9, 0x0, 0x0, 0x23,
    0x34, 0xf6, 0x33, 0x3e, 0x60, 0x0, 0x0, 0x0,
    0x6f, 0x10, 0x0, 0xf4, 0x0, 0x0, 0x0, 0xb,
    0xff, 0xff, 0xff, 0xf7, 0x0, 0x0, 0x4, 0xf5,
    0x22, 0x22, 0x2e, 0x50, 0x0, 0x0, 0xdd, 0x33,
    0x33, 0x33, 0xf6, 0x20, 0x0, 0x9f, 0xff, 0xff,
    0xff, 0xff, 0xfa, 0x0, 0x8f, 0x50, 0x0, 0x10,
    0x47, 0xa, 0x90, 0xaf, 0x6e, 0x5c, 0xd, 0x71,
    0xf3, 0xc7, 0x5, 0x37, 0xd0, 0xe4, 0x5d, 0x7,
    0x5e, 0x50, 0x4, 0xf4, 0xc, 0x62, 0x74, 0x44,
    0xf2, 0x0, 0x87, 0x0, 0x31, 0x0, 0x8f, 0xf9,
    0x0,

    /* U+7121 "無" */
    0x0, 0x0, 0x10, 0x0, 0x0, 0x0, 0x0, 0x0,
    0x0, 0x0, 0xd8, 0x0, 0x0, 0x0, 0x0, 0x0,
    0x0, 0x8, 0xf6, 0x55, 0x55, 0x55, 0x55, 0x10,
    0x0, 0x6f, 0xfd, 0xfe, 0xdf, 0xde, 0xfd, 0x30,
    0x9, 0xfd, 0xa0, 0xd5, 0x1f, 0x16, 0xd0, 0x0,
    0x7, 0x38, 0xa0, 0xd5, 0x1f, 0x16, 0xd0, 0x0,
    0xc, 0xff, 0xff, 0xff, 0xff, 0xff, 0xff, 0xe0,
    0x2, 0x3a, 0xb3, 0xe7, 0x4f, 0x48, 0xd3, 0x30,
    0x0, 0x8, 0xa0, 0xd5, 0x1f, 0x16, 0xd0, 0x0,
    0x1, 0x3a, 0xb3, 0xe7, 0x4f, 0x48, 0xd3, 0x20,
    0x6, 0xff, 0xff, 0xff, 0xff, 0xff, 0xff, 0xa0,
    0x0, 0x8, 0x15, 0x0, 0x34, 0x1, 0x80, 0x0,
    0x0, 0x8d, 0xc, 0xa0, 0x4f, 0x20, 0xbc, 0x0,
    0x5, 0xf4, 0x2, 0xf2, 0xa, 0xa0, 0xd, 0x90,
    0x1d, 0x60, 0x0, 0xa4, 0x3, 0x90, 0x4, 0xd0,
    0x0, 0x0, 0x0, 0x0, 0x0, 0x0, 0x0, 0x0,

    /* U+71B1 "熱" */
    0x0, 0x0, 0x5e, 0x0, 0x0, 0x6c, 0x0, 0x0,
    0x0, 0x9d, 0xef, 0xdd, 0x30, 0x6c, 0x0, 0x0,
    0x0, 0x12, 0x6e, 0x22, 0x2f, 0xff, 0xfc, 0x0,
    0x5, 0xff, 0xff, 0xff, 0xe3, 0x8d, 0x7c, 0x0,
    0x0, 0x2a, 0xb3, 0xf3, 0x61, 0x6c, 0x5c, 0x0,
    0x4, 0xaf, 0x55, 0xfe, 0xde, 0xeb, 0x5b, 0x0,
    0x4, 0xb5, 0x6e, 0x46, 0x10, 0xcd, 0x6c, 0x0,
    0x0, 0xcf, 0xff, 0xff, 0x40, 0xde, 0xbd, 0x64,
    0x0, 0x0, 0x5e, 0x13, 0x26, 0xe1, 0x2f, 0xb6,
    0x7, 0xcd, 0xef, 0xff, 0xcf, 0x50, 0xd, 0xf1,
    0x3, 0x7a, 0x46, 0x20, 0x38, 0x0, 0x34, 0x30,
    0x0, 0x5f, 0x1a, 0xd1, 0x2e, 0x80, 0x8f, 0x40,
    0x3, 0xe7, 0x0, 0xbb, 0x2, 0xf4, 0x7, 0xf2,
    0xb, 0x90, 0x0, 0x26, 0x0, 0x65, 0x0, 0x93,
    0x0, 0x0, 0x0, 0x0, 0x0, 0x0, 0x0, 0x0,

    /* U+73E0 "珠" */
    0x0, 0x0, 0x0, 0x0, 0x4, 0xf0, 0x0, 0x0,
    0xd, 0xee, 0xee, 0x1a, 0x74, 0xf0, 0x0, 0x0,
    0x0, 0xf, 0x40, 0xe, 0xee, 0xfd, 0xda, 0x0,
    0x0, 0xf, 0x40, 0x5e, 0x58, 0xf5, 0x53, 0x0,
    0x1, 0x2f, 0x62, 0xd7, 0x4, 0xf0, 0x0, 0x0,
    0x7, 0xff, 0xfe, 0x10, 0x4, 0xf0, 0x0, 0x0,
    0x0, 0x1f, 0x51, 0xcf, 0xff, 0xff, 0xff, 0x90,
    0x0, 0xf, 0x40, 0x12, 0x7f, 0xff, 0x42, 0x10,
    0x0, 0xf, 0x41, 0x10, 0xdd, 0xfd, 0x80, 0x0,
    0x0, 0x1f, 0xdf, 0x56, 0xf7, 0xf6, 0xf1, 0x0,
    0xb, 0xfd, 0x72, 0x3f, 0x74, 0xf0, 0xdb, 0x0,
    0x4, 0x20, 0x5, 0xf8, 0x4, 0xf0, 0x2f, 0x90,
    0x0, 0x0, 0x9, 0x60, 0x4, 0xf0, 0x3, 0xd2,
    0x0, 0x0, 0x0, 0x0, 0x4, 0xf0, 0x0, 0x0,

    /* U+7720 "眠" */
    0x2, 0x22, 0x20, 0xef, 0xff, 0xff, 0xf3, 0x4,
    0xff, 0xff, 0xe, 0x62, 0x22, 0x3f, 0x30, 0x4e,
    0x4, 0xf0, 0xe4, 0x0, 0x0, 0xf3, 0x4, 0xe0,
    0x4f, 0xe, 0x96, 0x66, 0x6f, 0x30, 0x4f, 0xff,
    0xf0, 0xed, 0xcf, 0xdc, 0xc2, 0x4, 0xe2, 0x5f,
    0xe, 0x40, 0xe5, 0x0, 0x0, 0x4e, 0x4, 0xf0,
    0xe5, 0x1d, 0x61, 0x11, 0x4, 0xfe, 0xef, 0xe,
    0xff, 0xff, 0xff, 0xf0, 0x4f, 0x47, 0xf0, 0xe5,
    0x1a, 0xa1, 0x11, 0x4, 0xe0, 0x4f, 0xe, 0x40,
    0x7c, 0x0, 0x0, 0x4f, 0x58, 0xf0, 0xe4, 0x2,
    0xf2, 0x2, 0x4, 0xfd, 0xef, 0xe, 0x40, 0xc,
    0xa0, 0xd5, 0x28, 0x2, 0x92, 0xfb, 0xbe, 0x3f,
    0x9f, 0x20, 0x0, 0x0, 0xdd, 0x95, 0x10, 0x4e,
    0xb0, 0x0, 0x0, 0x0, 0x0, 0x0, 0x0, 0x0,
    0x0,

    /* U+78BC "碼" */
    0xb, 0xcc, 0xcc, 0x8f, 0xff, 0xff, 0xff, 0xb0,
    0x56, 0xf7, 0x66, 0xf2, 0x2e, 0x62, 0x21, 0x0,
    0x2f, 0x0, 0x4f, 0x33, 0xf7, 0x33, 0x10, 0x5,
    0xe0, 0x4, 0xff, 0xff, 0xff, 0xf4, 0x0, 0xac,
    0x21, 0x4f, 0x0, 0xe4, 0x0, 0x0, 0x3f, 0xff,
    0xc4, 0xff, 0xff, 0xff, 0xf5, 0xd, 0xf8, 0x6c,
    0x4f, 0x22, 0xe6, 0x22, 0x1, 0xad, 0x85, 0xc4,
    0xfd, 0xdf, 0xed, 0xd8, 0x0, 0xb8, 0x5c, 0x25,
    0x55, 0x59, 0x6d, 0xa0, 0xb, 0x85, 0xc7, 0xab,
    0x7b, 0xa8, 0xc9, 0x0, 0xbf, 0xfc, 0xa8, 0xd6,
    0xf5, 0xdc, 0x80, 0xb, 0xa7, 0xdf, 0x3d, 0x6f,
    0x37, 0xe6, 0x0, 0x0, 0x1a, 0xd0, 0xe3, 0x78,
    0x4f, 0x30, 0x0, 0x0, 0x33, 0x0, 0x2, 0xdf,
    0xa0,

    /* U+7956 "祖" */
    0x0, 0xa, 0x90, 0xe, 0xff, 0xff, 0xf5, 0x0,
    0x0, 0xa, 0x90, 0xe, 0x72, 0x22, 0xe5, 0x0,
    0xa, 0xbe, 0xeb, 0x2e, 0x50, 0x0, 0xe5, 0x0,
    0xb, 0xcc, 0xdf, 0x3e, 0x50, 0x0, 0xe5, 0x0,
    0x0, 0x0, 0xad, 0xe, 0x73, 0x33, 0xf5, 0x0,
    0x0, 0x5, 0xf5, 0xe, 0xff, 0xff, 0xf5, 0x0,
    0x0, 0x4f, 0xd6, 0xe, 0x50, 0x0, 0xe5, 0x0,
    0x6, 0xff, 0xce, 0x8e, 0x50, 0x0, 0xe5, 0x0,
    0x3f, 0x89, 0xa2, 0xcf, 0xed, 0xdd, 0xf5, 0x0,
    0x2, 0x9, 0xa0, 0xe, 0x85, 0x55, 0xf5, 0x0,
    0x0, 0x9, 0xa0, 0xe, 0x50, 0x0, 0xe5, 0x0,
    0x0, 0x9, 0xa0, 0xe, 0x50, 0x0, 0xe5, 0x0,
    0x0, 0x9, 0xa2, 0x2e, 0x72, 0x22, 0xe7, 0x20,
    0x0, 0x9, 0xab, 0xff, 0xff, 0xff, 0xff, 0xf1,

    /* U+795E "神" */
    0x0, 0x0, 0x0, 0x0, 0x0, 0x10, 0x0, 0x0,
    0x0, 0x3f, 0x0, 0x0, 0xe, 0x40, 0x0, 0x0,
    0x3, 0xf0, 0x0, 0x0, 0xe4, 0x0, 0x0, 0x23,
    0x6f, 0x32, 0xbb, 0xbf, 0xcb, 0xb3, 0x9, 0xff,
    0xff, 0x6f, 0x86, 0xf8, 0x6f, 0x40, 0x0, 0x3,
    0xf1, 0xf4, 0xe, 0x40, 0xe4, 0x0, 0x0, 0xc7,
    0xf, 0xdd, 0xfe, 0xdf, 0x40, 0x0, 0x9f, 0x30,
    0xf7, 0x4f, 0x74, 0xf4, 0x1, 0xaf, 0xff, 0x3f,
    0x40, 0xe4, 0xe, 0x40, 0xdb, 0x5e, 0x8e, 0xf6,
    0x3f, 0x73, 0xf4, 0x2, 0x4, 0xe0, 0x6e, 0xff,
    0xff, 0xff, 0x40, 0x0, 0x4e, 0x0, 0x0, 0xe,
    0x40, 0x0, 0x0, 0x4, 0xe0, 0x0, 0x0, 0xe4,
    0x0, 0x0, 0x0, 0x4e, 0x0, 0x0, 0xe, 0x40,
    0x0, 0x0, 0x4, 0xe0, 0x0, 0x0, 0xe4, 0x0,
    0x0,

    /* U+79D2 "秒" */
    0x2, 0x34, 0x6a, 0xa0, 0x0, 0xe4, 0x0, 0x0,
    0x7, 0xfe, 0xf7, 0x10, 0x0, 0xe4, 0x0, 0x0,
    0x0, 0x2, 0xf1, 0x0, 0xb4, 0xe6, 0xe5, 0x0,
    0x1, 0x23, 0xf3, 0x10, 0xf3, 0xe4, 0x6f, 0x20,
    0x9, 0xff, 0xff, 0xe7, 0xd0, 0xe4, 0xa, 0xb0,
    0x0, 0x5, 0xf1, 0x2e, 0x60, 0xe4, 0x2, 0xf2,
    0x0, 0xa, 0xfd, 0x69, 0x0, 0xe4, 0x6, 0x50,
    0x0, 0x3f, 0xf8, 0xe1, 0x11, 0xf4, 0x4f, 0x0,
    0x0, 0xdb, 0xf1, 0xc7, 0xaf, 0xf1, 0xc8, 0x0,
    0xb, 0xc2, 0xf1, 0x20, 0x12, 0x17, 0xe1, 0x0,
    0x6, 0x12, 0xf1, 0x0, 0x0, 0x6f, 0x40, 0x0,
    0x0, 0x2, 0xf1, 0x0, 0x1a, 0xf5, 0x0, 0x0,
    0x0, 0x2, 0xf1, 0x5a, 0xfd, 0x30, 0x0, 0x0,
    0x0, 0x2, 0xf2, 0xdb, 0x50, 0x0, 0x0, 0x0,

    /* U+7ACB "立" */
    0x0, 0x0, 0x0, 0x6d, 0x0, 0x0, 0x0, 0x0,
    0x0, 0x0, 0x6d, 0x0, 0x0, 0x0, 0x2, 0x44,
    0x44, 0x8d, 0x44, 0x44, 0x40, 0x7, 0xee, 0xee,
    0xee, 0xee, 0xee, 0xe0, 0x0, 0x7, 0x40, 0x0,
    0x0, 0xa1, 0x0, 0x0, 0x9, 0xc0, 0x0, 0x3,
    0xf1, 0x0, 0x0, 0x2, 0xf3, 0x0, 0x6, 0xe0,
    0x0, 0x0, 0x0, 0xb9, 0x0, 0xa, 0xa0, 0x0,
    0x0, 0x0, 0x6e, 0x0, 0xf, 0x50, 0x0, 0x0,
    0x0, 0x2f, 0x20, 0x5f, 0x0, 0x0, 0x0, 0x0,
    0xf, 0x40, 0xc9, 0x0, 0x0, 0x2, 0x22, 0x26,
    0x24, 0xf4, 0x22, 0x21, 0x4f, 0xff, 0xff, 0xff,
    0xff, 0xff, 0xfd, 0x0, 0x0, 0x0, 0x0, 0x0,
    0x0, 0x0,

    /* U+7AF9 "竹" */
    0x0, 0x2, 0x40, 0x0, 0x0, 0x40, 0x0, 0x0,
    0x0, 0x6, 0xe0, 0x0, 0x2, 0xf1, 0x0, 0x0,
    0x0, 0x9, 0xb0, 0x0, 0x5, 0xe0, 0x0, 0x0,
    0x0, 0xe, 0x93, 0x33, 0x19, 0xc1, 0x11, 0x10,
    0x0, 0x5f, 0xff, 0xff, 0x9e, 0xff, 0xff, 0xf6,
    0x0, 0xda, 0x5e, 0x0, 0x6f, 0x16, 0xe1, 0x10,
    0x8, 0xf1, 0x5e, 0x1, 0xe8, 0x5, 0xe0, 0x0,
    0x9, 0x40, 0x5e, 0x6, 0xd0, 0x5, 0xe0, 0x0,
    0x0, 0x0, 0x5e, 0x0, 0x0, 0x5, 0xe0, 0x0,
    0x0, 0x0, 0x5e, 0x0, 0x0, 0x5, 0xe0, 0x0,
    0x0, 0x0, 0x5e, 0x0, 0x0, 0x5, 0xe0, 0x0,
    0x0, 0x0, 0x5e, 0x0, 0x0, 0x5, 0xe0, 0x0,
    0x0, 0x0, 0x5e, 0x0, 0x0, 0x5, 0xe0, 0x0,
    0x0, 0x0, 0x5e, 0x0, 0x1, 0x49, 0xe0, 0x0,
    0x0, 0x0, 0x5e, 0x0, 0x0, 0xff, 0x70, 0x0,

    /* U+7B11 "笑" */
    0x0, 0x13, 0x0, 0x0, 0x24, 0x0, 0x0, 0x0,
    0x6, 0xb0, 0x0, 0x7, 0xb0, 0x0, 0x0, 0x0,
    0xcf, 0xee, 0xe8, 0xcf, 0xee, 0xee, 0x20, 0x4e,
    0x5f, 0x94, 0x7e, 0x4a, 0xe4, 0x40, 0x1d, 0x70,
    0x7d, 0x1d, 0x70, 0xf, 0x50, 0x9, 0xc0, 0x1,
    0x76, 0xc0, 0x1, 0xa4, 0x0, 0x3, 0x44, 0x45,
    0x68, 0xad, 0xfe, 0x80, 0x0, 0x1d, 0xdd, 0xdd,
    0xf8, 0x53, 0x0, 0x0, 0x0, 0x0, 0x0, 0x6c,
    0x0, 0x0, 0x0, 0x1, 0xff, 0xff, 0xff, 0xff,
    0xff, 0xff, 0xa0, 0x3, 0x33, 0x37, 0xfa, 0xf4,
    0x33, 0x32, 0x0, 0x0, 0x4, 0xf9, 0xc, 0xb0,
    0x0, 0x0, 0x0, 0x19, 0xf9, 0x0, 0x1c, 0xd4,
    0x0, 0x4, 0xbf, 0xd4, 0x0, 0x0, 0x8, 0xfd,
    0x81, 0x3a, 0x40, 0x0, 0x0, 0x0, 0x1, 0x6a,
    0x0,

    /* U+7B2C "第" */
    0x0, 0x12, 0x0, 0x0, 0x12, 0x0, 0x0, 0x0,
    0x7, 0xc0, 0x0, 0x7, 0xe0, 0x0, 0x0, 0x1,
    0xef, 0xee, 0xe6, 0xef, 0xff, 0xff, 0x20, 0xbc,
    0x4d, 0xa4, 0xdd, 0x39, 0xe3, 0x30, 0x6e, 0x20,
    0x4b, 0x3c, 0x20, 0x1a, 0x30, 0x0, 0x4f, 0xff,
    0xff, 0xff, 0xff, 0xfe, 0x0, 0x0, 0x11, 0x11,
    0x5f, 0x11, 0x15, 0xe0, 0x0, 0x9, 0xdd, 0xdd,
    0xfd, 0xdd, 0xde, 0x0, 0x0, 0xe8, 0x55, 0x8f,
    0x55, 0x55, 0x50, 0x0, 0x1f, 0x42, 0x26, 0xf2,
    0x22, 0x22, 0x10, 0x3, 0xff, 0xff, 0xff, 0xff,
    0xff, 0xf7, 0x0, 0x37, 0x6, 0xf9, 0xf0, 0x0,
    0xd, 0x50, 0x1, 0x5b, 0xf5, 0x4f, 0x6, 0x65,
    0xf2, 0x8, 0xfe, 0x81, 0x4, 0xf0, 0x5c, 0xd7,
    0x0, 0x13, 0x0, 0x0, 0x4f, 0x0, 0x0, 0x0,
    0x0,

    /* U+7B4A "筊" */
    0x0, 0x3, 0x30, 0x0, 0x2, 0x40, 0x0, 0x0,
    0x0, 0xa, 0x90, 0x0, 0x9, 0xb0, 0x0, 0x0,
    0x0, 0x1f, 0xff, 0xff, 0xbe, 0xff, 0xff, 0xf1,
    0x0, 0xad, 0x4e, 0x93, 0xdd, 0x3a, 0xe4, 0x30,
    0x8, 0xf3, 0x4, 0xdb, 0xb2, 0x0, 0xb3, 0x0,
    0x2, 0x30, 0x0, 0x19, 0xe1, 0x0, 0x0, 0x0,
    0x6, 0xff, 0xff, 0xff, 0xff, 0xff, 0xff, 0xd0,
    0x1, 0x44, 0x44, 0xa4, 0x47, 0xe8, 0x44, 0x30,
    0x0, 0x0, 0x4d, 0xb0, 0x1, 0x9f, 0xc2, 0x0,
    0x2, 0x8d, 0xfb, 0x90, 0x1, 0xe5, 0xbf, 0x40,
    0x2, 0xb6, 0x2, 0xe9, 0xb, 0xc0, 0x9, 0x90,
    0x0, 0x0, 0x0, 0x3f, 0xec, 0x10, 0x0, 0x0,
    0x0, 0x0, 0x4, 0xaf, 0xee, 0x82, 0x0, 0x0,
    0x5, 0x8b, 0xff, 0x92, 0x6, 0xdf, 0xea, 0x72,
    0x8, 0xc9, 0x50, 0x0, 0x0, 0x2, 0x6a, 0xc1,

    /* U+7D30 "細" */
    0x0, 0x0, 0x0, 0x0, 0x0, 0x0, 0x0, 0x0,
    0x0, 0xa7, 0x0, 0x0, 0x0, 0x0, 0x0, 0x0,
    0x1f, 0x30, 0xf, 0xff, 0xff, 0xff, 0x40, 0x9,
    0xb2, 0xa0, 0xf5, 0x2e, 0x52, 0xe4, 0x7, 0xf2,
    0xab, 0xf, 0x40, 0xe3, 0xe, 0x40, 0xbf, 0x8f,
    0x30, 0xf4, 0xe, 0x30, 0xe4, 0x0, 0x8f, 0xa0,
    0xf, 0x40, 0xe3, 0xe, 0x40, 0x6, 0xe4, 0x50,
    0xf8, 0x6f, 0x86, 0xf4, 0x1, 0xe5, 0x4f, 0xf,
    0xee, 0xfe, 0xef, 0x40, 0xef, 0xdd, 0xf5, 0xf4,
    0xe, 0x30, 0xe4, 0x6, 0x6f, 0x9b, 0xaf, 0x40,
    0xe3, 0xe, 0x40, 0x85, 0xe5, 0x90, 0xf4, 0xe,
    0x30, 0xe4, 0xc, 0x5e, 0x4e, 0x3f, 0x40, 0xe3,
    0xe, 0x40, 0xf3, 0xe4, 0xb7, 0xf7, 0x4f, 0x64,
    0xf4, 0x5e, 0xe, 0x48, 0xaf, 0xee, 0xee, 0xef,
    0x41, 0x40, 0xe4, 0x10, 0xc3, 0x0, 0x0, 0xb3,

    /* U+7D50 "結" */
    0x0, 0xa, 0x70, 0x0, 0x0, 0xf3, 0x0, 0x0,
    0x3, 0xf2, 0x10, 0x0, 0xf, 0x30, 0x0, 0x2,
    0xd7, 0x3f, 0xbf, 0xff, 0xff, 0xff, 0xe0, 0xef,
    0x1c, 0x82, 0x33, 0x3f, 0x63, 0x32, 0x4, 0xef,
    0xe1, 0x0, 0x0, 0xf3, 0x0, 0x0, 0x3, 0xf4,
    0x0, 0x44, 0x4f, 0x64, 0x40, 0x0, 0xb9, 0x4d,
    0x1e, 0xee, 0xee, 0xee, 0x32, 0xbf, 0x99, 0xf7,
    0x0, 0x0, 0x0, 0x0, 0x17, 0x7f, 0xaa, 0xc8,
    0xff, 0xff, 0xfb, 0x0, 0x95, 0xe5, 0xa2, 0x9b,
    0x33, 0x38, 0xc0, 0xe, 0x5e, 0x5d, 0x69, 0xa0,
    0x0, 0x7c, 0x2, 0xf1, 0xe5, 0x9a, 0x9b, 0x33,
    0x38, 0xc0, 0x7c, 0xe, 0x56, 0xc9, 0xff, 0xff,
    0xfc, 0x0, 0x20, 0xe5, 0x0, 0x9a, 0x0, 0x6,
    0xc0,

    /* U+7DB2 "網" */
    0x0, 0x6, 0x40, 0x0, 0x0, 0x0, 0x0, 0x0,
    0x0, 0xe5, 0x4, 0xff, 0xff, 0xff, 0xf5, 0x0,
    0x6d, 0x14, 0x4e, 0x95, 0x27, 0x7e, 0x50, 0x3e,
    0x58, 0xd5, 0xe6, 0xe0, 0xa8, 0xe5, 0xc, 0xf3,
    0xf5, 0x4e, 0xd, 0x6f, 0x1e, 0x50, 0x1b, 0xfc,
    0x4, 0xed, 0xee, 0xfe, 0xe5, 0x0, 0x4f, 0x22,
    0x4e, 0x44, 0x85, 0x4e, 0x50, 0x1e, 0x66, 0xd5,
    0xe0, 0xf, 0x30, 0xe5, 0xe, 0xfd, 0xef, 0xae,
    0xdf, 0xff, 0xee, 0x50, 0x66, 0xf8, 0xbe, 0xe4,
    0xe1, 0x11, 0xe5, 0x8, 0x6e, 0x5b, 0x4e, 0x3e,
    0x0, 0xe, 0x50, 0xc6, 0xe3, 0xe8, 0xe1, 0xff,
    0xfa, 0xe5, 0xf, 0x3e, 0x3b, 0xce, 0x1, 0x33,
    0x2e, 0x54, 0xe0, 0xe3, 0x9e, 0xe0, 0x0, 0x22,
    0xe5, 0x15, 0xe, 0x31, 0x5e, 0x0, 0xc, 0xfe,
    0x10, 0x0, 0x30, 0x1, 0x30, 0x0, 0x0, 0x0,

    /* U+7DDA "線" */
    0x0, 0x2, 0x0, 0x0, 0x2, 0x20, 0x0, 0x0,
    0x0, 0xc, 0x80, 0x0, 0xb, 0xb0, 0x0, 0x0,
    0x0, 0x4f, 0x10, 0xf, 0xff, 0xff, 0xff, 0x20,
    0x1, 0xd7, 0x5d, 0xf, 0x42, 0x22, 0x3f, 0x20,
    0xd, 0xf2, 0xe7, 0xf, 0xee, 0xee, 0xef, 0x20,
    0x2, 0xcf, 0xe0, 0xf, 0x42, 0x22, 0x3f, 0x20,
    0x0, 0x4f, 0x63, 0xf, 0xdd, 0xdd, 0xdf, 0x20,
    0x0, 0xd9, 0x5d, 0x5, 0x55, 0xf7, 0x55, 0x0,
    0xb, 0xf9, 0xaf, 0x53, 0x32, 0xf4, 0x3, 0x60,
    0xb, 0xcf, 0xde, 0xff, 0xf8, 0xfb, 0x6f, 0x90,
    0x5, 0x3e, 0x48, 0x21, 0xf5, 0xff, 0xe5, 0x0,
    0xc, 0x6e, 0x4f, 0x2b, 0xb0, 0xf9, 0xe2, 0x0,
    0xf, 0x3e, 0x4b, 0xde, 0x10, 0xf3, 0x9e, 0x30,
    0x5e, 0xe, 0x4a, 0xf3, 0x11, 0xf2, 0x9, 0xf1,
    0x3, 0xe, 0x42, 0x20, 0xaf, 0xc0, 0x0, 0x20,
    0x0, 0x0, 0x0, 0x0, 0x0, 0x0, 0x0, 0x0,

    /* U+7E23 "縣" */
    0x0, 0x0, 0x0, 0x0, 0x0, 0x0, 0x4, 0x40,
    0x1, 0x42, 0xff, 0xff, 0x69, 0xbd, 0xfe, 0x90,
    0x3, 0xf2, 0xf3, 0x2f, 0x59, 0x6d, 0x50, 0x0,
    0x3, 0xf2, 0xff, 0xff, 0x30, 0x4f, 0x22, 0x0,
    0x3, 0xf2, 0xf4, 0x3f, 0x87, 0xe7, 0x7c, 0x0,
    0x3, 0xf2, 0xff, 0xff, 0x8f, 0xc2, 0xf4, 0x0,
    0x3, 0xf2, 0xf4, 0x3f, 0x34, 0xfd, 0xa0, 0x0,
    0x3, 0xf2, 0xff, 0xff, 0x30, 0x9d, 0x2e, 0x20,
    0x3, 0xf0, 0x22, 0x22, 0x26, 0xfa, 0x8e, 0x90,
    0x3, 0xff, 0xff, 0xff, 0x9c, 0xbf, 0xa9, 0xd0,
    0x0, 0x45, 0x5e, 0x45, 0x4, 0x1f, 0x58, 0x10,
    0x0, 0xaa, 0x4e, 0x4f, 0x2e, 0x5f, 0x4d, 0x80,
    0x3, 0xf3, 0x4e, 0x9, 0xbe, 0xf, 0x43, 0xf0,
    0xd, 0x80, 0x4e, 0x3, 0xf4, 0xf, 0x40, 0xc4,
    0x2, 0x0, 0x4e, 0x0, 0x20, 0xf, 0x40, 0x0,

    /* U+7F55 "罕" */
    0x9f, 0xff, 0xff, 0xff, 0xff, 0xff, 0xf2, 0x9b,
    0x22, 0x34, 0x22, 0x22, 0x23, 0xf2, 0x8a, 0x0,
    0xab, 0x5, 0xc0, 0x0, 0xe2, 0x0, 0x5d, 0xe2,
    0x6, 0xe4, 0x45, 0x90, 0x6e, 0xfa, 0x10, 0x3,
    0xff, 0xff, 0xd0, 0x3a, 0x42, 0x22, 0x22, 0x23,
    0x33, 0x0, 0x4, 0xff, 0xff, 0xff, 0xff, 0xff,
    0x0, 0x0, 0x0, 0x0, 0xb8, 0x0, 0x0, 0x0,
    0x0, 0x0, 0x0, 0xb8, 0x0, 0x0, 0x0, 0xef,
    0xff, 0xff, 0xff, 0xff, 0xff, 0xfa, 0x33, 0x33,
    0x33, 0xc9, 0x33, 0x33, 0x32, 0x0, 0x0, 0x0,
    0xb8, 0x0, 0x0, 0x0, 0x0, 0x0, 0x0, 0xb8,
    0x0, 0x0, 0x0, 0x0, 0x0, 0x0, 0xb8, 0x0,
    0x0, 0x0,

    /* U+7FA9 "義" */
    0x0, 0x0, 0x0, 0x0, 0x0, 0x10, 0x0, 0x0,
    0x0, 0x0, 0xc9, 0x0, 0x0, 0xd7, 0x0, 0x0,
    0x2, 0x55, 0x7f, 0x85, 0x5b, 0xe5, 0x55, 0x0,
    0x4, 0xdd, 0xdd, 0xdf, 0xed, 0xdd, 0xdd, 0x10,
    0x0, 0x59, 0x99, 0x9e, 0xc9, 0x99, 0x92, 0x0,
    0x0, 0x36, 0x66, 0x6d, 0xa6, 0x66, 0x61, 0x0,
    0xd, 0xff, 0xff, 0xff, 0xff, 0xff, 0xff, 0x90,
    0x6, 0x88, 0x9a, 0xcf, 0x9b, 0x6d, 0x73, 0x20,
    0x2, 0xdc, 0xde, 0x85, 0x6d, 0x29, 0xf5, 0x0,
    0x9, 0xdd, 0xef, 0xdd, 0xef, 0xdd, 0xed, 0x60,
    0x3, 0x55, 0x9d, 0x57, 0x7f, 0x85, 0xc7, 0x20,
    0x5, 0x79, 0xcf, 0xff, 0x6b, 0xbc, 0xe4, 0x30,
    0xa, 0xc9, 0xbd, 0x21, 0x4c, 0xfd, 0x13, 0xf0,
    0x0, 0x25, 0xac, 0x8f, 0xf9, 0x7f, 0x99, 0xb0,
    0x0, 0x2c, 0xb4, 0x24, 0x0, 0x3, 0xcf, 0x40,

    /* U+800C "而" */
    0x6f, 0xff, 0xff, 0xff, 0xff, 0xff, 0xfe, 0x12,
    0x22, 0x22, 0x8e, 0x22, 0x22, 0x22, 0x0, 0x0,
    0x0, 0x9c, 0x0, 0x0, 0x0, 0x0, 0x0, 0x0,
    0xd8, 0x0, 0x0, 0x0, 0x4, 0xff, 0xff, 0xff,
    0xff, 0xff, 0xd0, 0x5, 0xf3, 0x3f, 0x63, 0xc9,
    0x37, 0xd0, 0x5, 0xf0, 0xf, 0x40, 0xb7, 0x5,
    0xd0, 0x5, 0xf0, 0xf, 0x40, 0xb7, 0x5, 0xd0,
    0x5, 0xf0, 0xf, 0x40, 0xb7, 0x5, 0xd0, 0x5,
    0xf0, 0xf, 0x40, 0xb7, 0x5, 0xd0, 0x5, 0xf0,
    0xf, 0x40, 0xb7, 0x5, 0xd0, 0x5, 0xf0, 0xf,
    0x40, 0xb7, 0x5, 0xd0, 0x5, 0xf0, 0x5, 0x10,
    0x33, 0x39, 0xc0, 0x5, 0xf0, 0x0, 0x0, 0x0,
    0xee, 0x50, 0x0, 0x0, 0x0, 0x0, 0x0, 0x0,
    0x0,

    /* U+8056 "聖" */
    0xaf, 0xff, 0xff, 0xfc, 0xff, 0xff, 0xf4, 0x1a,
    0xa2, 0x26, 0xe1, 0xf3, 0x11, 0xf4, 0x9, 0xff,
    0xff, 0xe0, 0xf2, 0x0, 0xf4, 0x9, 0xb5, 0x58,
    0xe0, 0xf2, 0x0, 0xf4, 0x9, 0xeb, 0xbd, 0xe0,
    0xfe, 0xee, 0xf4, 0x9, 0xa3, 0x5a, 0xe0, 0xf5,
    0x44, 0xd3, 0x8b, 0xa8, 0x68, 0xe0, 0x0, 0x0,
    0x0, 0x3, 0x33, 0x35, 0x83, 0x33, 0x33, 0x30,
    0xf, 0xff, 0xff, 0xff, 0xff, 0xff, 0xf0, 0x0,
    0x11, 0x11, 0x8c, 0x11, 0x11, 0x0, 0x2, 0xff,
    0xff, 0xff, 0xff, 0xff, 0x70, 0x0, 0x11, 0x11,
    0x8c, 0x11, 0x11, 0x0, 0x22, 0x22, 0x22, 0x8c,
    0x22, 0x22, 0x22, 0xef, 0xff, 0xff, 0xff, 0xff,
    0xff, 0xff,

    /* U+81FA "臺" */
    0x6f, 0xff, 0xff, 0xff, 0xff, 0xff, 0xf9, 0x0,
    0x0, 0x0, 0x8b, 0x0, 0x0, 0x0, 0x3, 0xff,
    0xff, 0xff, 0xff, 0xff, 0x60, 0x0, 0x8b, 0xbb,
    0xbb, 0xbb, 0xb9, 0x0, 0x0, 0xac, 0x77, 0x77,
    0x77, 0xbc, 0x0, 0x0, 0x9e, 0xee, 0xee, 0xee,
    0xeb, 0x0, 0x3d, 0xdd, 0xdd, 0xdd, 0xdd, 0xdd,
    0xd6, 0x4f, 0x8c, 0xcc, 0xcc, 0xcc, 0xc9, 0xb8,
    0x2, 0x34, 0xcc, 0x55, 0x5c, 0xd4, 0x11, 0x2,
    0x7b, 0xf8, 0x99, 0xad, 0xfe, 0x30, 0x1, 0xa9,
    0x99, 0xcd, 0x76, 0x58, 0x80, 0x0, 0xae, 0xee,
    0xff, 0xee, 0xee, 0x0, 0x12, 0x22, 0x22, 0x9b,
    0x22, 0x22, 0x22, 0xbf, 0xff, 0xff, 0xff, 0xff,
    0xff, 0xff,

    /* U+82B1 "花" */
    0x0, 0x0, 0xc7, 0x0, 0x0, 0xe5, 0x0, 0x0,
    0x22, 0x2c, 0x82, 0x22, 0x2e, 0x62, 0x21, 0xf,
    0xff, 0xff, 0xff, 0xff, 0xff, 0xff, 0x90, 0x0,
    0xc, 0x70, 0x0, 0xe, 0x50, 0x0, 0x0, 0x0,
    0xb9, 0x40, 0x0, 0xe5, 0x0, 0x0, 0x0, 0x0,
    0xbb, 0xa, 0x73, 0x13, 0x20, 0x0, 0x0, 0x7e,
    0x10, 0xb7, 0x1, 0xd8, 0x0, 0x0, 0x6f, 0x40,
    0xb, 0x71, 0xdb, 0x0, 0x0, 0x8f, 0xf0, 0x0,
    0xba, 0xeb, 0x0, 0x0, 0xcf, 0x7f, 0x0, 0xb,
    0xf9, 0x0, 0x0, 0x7, 0x23, 0xf0, 0x0, 0xb9,
    0x0, 0x5, 0xc0, 0x0, 0x3f, 0x0, 0xb, 0x70,
    0x0, 0x7c, 0x0, 0x3, 0xf0, 0x0, 0xb9, 0x22,
    0x2b, 0x90, 0x0, 0x3f, 0x0, 0x6, 0xff, 0xff,
    0xe2,

    /* U+82D7 "苗" */
    0x0, 0x6, 0xd0, 0x0, 0x9, 0xa0, 0x0, 0x3,
    0x33, 0x8d, 0x33, 0x33, 0xab, 0x33, 0x30, 0xdf,
    0xff, 0xff, 0xff, 0xff, 0xff, 0xff, 0x10, 0x0,
    0x6d, 0x0, 0x0, 0x9a, 0x0, 0x0, 0x0, 0x6,
    0xd0, 0x0, 0x9, 0xa0, 0x0, 0x0, 0x7f, 0xff,
    0xff, 0xff, 0xff, 0xfb, 0x0, 0x7, 0xc2, 0x22,
    0x8c, 0x22, 0x29, 0xb0, 0x0, 0x7c, 0x0, 0x7,
    0xc0, 0x0, 0x7b, 0x0, 0x7, 0xfd, 0xdd, 0xef,
    0xdd, 0xde, 0xb0, 0x0, 0x7d, 0x55, 0x5a, 0xd5,
    0x55, 0xab, 0x0, 0x7, 0xc0, 0x0, 0x7c, 0x0,
    0x7, 0xb0, 0x0, 0x7d, 0x33, 0x39, 0xd3, 0x33,
    0x9b, 0x0, 0x7, 0xff, 0xff, 0xff, 0xff, 0xff,
    0xb0, 0x0, 0x7c, 0x0, 0x0, 0x0, 0x0, 0x7b,
    0x0,

    /* U+84EE "蓮" */
    0xc, 0xff, 0xff, 0xff, 0xff, 0xff, 0xff, 0xe0,
    0x2, 0x22, 0x7e, 0x22, 0x26, 0xe8, 0x22, 0x20,
    0x5, 0xc1, 0x1, 0x0, 0xb, 0x90, 0x0, 0x0,
    0x5, 0xfc, 0xa, 0xff, 0xff, 0xff, 0xff, 0x80,
    0x0, 0x4f, 0x31, 0x78, 0x8d, 0xc8, 0x87, 0x10,
    0x0, 0x3, 0x0, 0xfe, 0xdf, 0xed, 0xed, 0x0,
    0x3, 0x33, 0x0, 0xfb, 0x9e, 0xd9, 0xbd, 0x0,
    0x1f, 0xff, 0x30, 0xfa, 0x8d, 0xc8, 0xad, 0x0,
    0x0, 0xf, 0x30, 0xfd, 0xce, 0xec, 0xdd, 0x0,
    0x0, 0xf, 0x31, 0x67, 0x7d, 0xc7, 0x76, 0x10,
    0x0, 0xf, 0x3f, 0xff, 0xff, 0xff, 0xff, 0xe0,
    0x0, 0x7f, 0x91, 0x0, 0xa, 0x80, 0x0, 0x0,
    0x1c, 0xd4, 0xbf, 0xfe, 0xee, 0xee, 0xee, 0xe1,
    0x7, 0x10, 0x1, 0x44, 0x44, 0x44, 0x44, 0x30,

    /* U+862D "蘭" */
    0xcf, 0xff, 0xff, 0xff, 0xff, 0xff, 0xfe, 0x22,
    0x27, 0xe2, 0x22, 0x2d, 0x82, 0x22, 0x2f, 0xff,
    0xff, 0x85, 0xff, 0xff, 0xf4, 0x2f, 0x88, 0x8d,
    0x86, 0xe8, 0x88, 0xf4, 0x2f, 0x99, 0x9d, 0x86,
    0xe9, 0x99, 0xf4, 0x2f, 0xff, 0xff, 0x97, 0xff,
    0xff, 0xf4, 0x2f, 0x49, 0x99, 0xcd, 0x99, 0x94,
    0xe4, 0x2f, 0x39, 0x99, 0xcd, 0x99, 0x94, 0xe4,
    0x2f, 0x1c, 0xee, 0xff, 0xee, 0xd0, 0xe4, 0x2f,
    0x1c, 0xdb, 0xde, 0xbc, 0xd0, 0xe4, 0x2f, 0x1c,
    0xed, 0xef, 0xde, 0xd0, 0xe4, 0x2f, 0x10, 0x4e,
    0xdb, 0xc7, 0x0, 0xe4, 0x2f, 0x6d, 0xf7, 0x8a,
    0x4d, 0xd2, 0xf4, 0x2f, 0x48, 0x20, 0x8a, 0x0,
    0x6f, 0xd1, 0x2, 0x0, 0x0, 0x0, 0x0, 0x0,
    0x0,

    /* U+884C "行" */
    0x0, 0x0, 0x0, 0x0, 0x0, 0x0, 0x0, 0x0,
    0x0, 0x0, 0x3e, 0x0, 0x0, 0x0, 0x0, 0x0,
    0x0, 0x0, 0xda, 0xa, 0xff, 0xff, 0xff, 0x30,
    0x0, 0xa, 0xe1, 0x1, 0x22, 0x22, 0x22, 0x0,
    0x0, 0x8f, 0x50, 0x0, 0x0, 0x0, 0x0, 0x0,
    0x8, 0xf8, 0x5, 0x60, 0x0, 0x0, 0x0, 0x0,
    0x1, 0x70, 0x2f, 0x73, 0x33, 0x33, 0x33, 0x30,
    0x0, 0x1, 0xdc, 0xf, 0xff, 0xff, 0xff, 0xf3,
    0x0, 0x1c, 0xf2, 0x0, 0x0, 0xe, 0x50, 0x0,
    0x2, 0xdf, 0xe0, 0x0, 0x0, 0xe, 0x50, 0x0,
    0xb, 0xd7, 0xe0, 0x0, 0x0, 0xe, 0x50, 0x0,
    0x0, 0x4, 0xe0, 0x0, 0x0, 0xe, 0x50, 0x0,
    0x0, 0x4, 0xe0, 0x0, 0x0, 0xe, 0x50, 0x0,
    0x0, 0x4, 0xe0, 0x0, 0x0, 0xe, 0x50, 0x0,
    0x0, 0x4, 0xe0, 0x0, 0x24, 0x4f, 0x50, 0x0,
    0x0, 0x4, 0xe0, 0x0, 0x3e, 0xec, 0x10, 0x0,

    /* U+898B "見" */
    0x0, 0x3, 0xff, 0xff, 0xff, 0xff, 0x40, 0x0,
    0x0, 0x3f, 0x22, 0x22, 0x22, 0xe4, 0x0, 0x0,
    0x3, 0xf0, 0x0, 0x0, 0xe, 0x40, 0x0, 0x0,
    0x3f, 0xff, 0xff, 0xff, 0xf4, 0x0, 0x0, 0x3,
    0xf2, 0x22, 0x22, 0x2e, 0x40, 0x0, 0x0, 0x3f,
    0x55, 0x55, 0x55, 0xf4, 0x0, 0x0, 0x3, 0xfd,
    0xdd, 0xdd, 0xdf, 0x40, 0x0, 0x0, 0x3f, 0x0,
    0x0, 0x0, 0xe4, 0x0, 0x0, 0x3, 0xff, 0xff,
    0xff, 0xff, 0x40, 0x0, 0x0, 0x3, 0x3f, 0x73,
    0xf5, 0x30, 0x0, 0x0, 0x0, 0x5, 0xf1, 0xf,
    0x30, 0x5, 0xa0, 0x0, 0x3, 0xf8, 0x0, 0xf3,
    0x0, 0xa9, 0x3, 0x6b, 0xf9, 0x0, 0xe, 0xff,
    0xff, 0x20, 0xbe, 0xa3, 0x0, 0x0, 0x13, 0x33,
    0x10, 0x0, 0x0, 0x0, 0x0, 0x0, 0x0, 0x0,
    0x0,

    /* U+8A2D "設" */
    0x6, 0xff, 0xff, 0x60, 0xef, 0xff, 0xf0, 0x0,
    0x1, 0x22, 0x22, 0x10, 0xe6, 0x25, 0xf0, 0x0,
    0xf, 0xff, 0xff, 0xe0, 0xe4, 0x3, 0xf0, 0x0,
    0x2, 0x22, 0x22, 0x21, 0xf2, 0x3, 0xf0, 0xc2,
    0x6, 0xff, 0xff, 0x59, 0xd0, 0x2, 0xfd, 0xe0,
    0x1, 0x22, 0x22, 0x1a, 0x20, 0x0, 0x34, 0x20,
    0x5, 0xee, 0xee, 0x57, 0xbb, 0xbb, 0xba, 0x0,
    0x2, 0x44, 0x44, 0x16, 0xf9, 0x77, 0xcd, 0x0,
    0x1, 0x33, 0x33, 0x0, 0xb9, 0x0, 0xe7, 0x0,
    0x6, 0xff, 0xff, 0x30, 0x4f, 0x28, 0xe1, 0x0,
    0x6, 0xc0, 0xf, 0x30, 0xa, 0xef, 0x40, 0x0,
    0x6, 0xd3, 0x3f, 0x30, 0xa, 0xff, 0x50, 0x0,
    0x6, 0xff, 0xff, 0x35, 0xdc, 0x26, 0xfd, 0x61,
    0x6, 0xc0, 0xf, 0x8d, 0x50, 0x0, 0x17, 0xd2,
    0x0, 0x0, 0x0, 0x0, 0x0, 0x0, 0x0, 0x0,

    /* U+8A66 "試" */
    0x5, 0xdd, 0xdd, 0x50, 0x0, 0xf, 0x54, 0x0,
    0x2, 0x55, 0x55, 0x20, 0x0, 0xe, 0x8e, 0x60,
    0xe, 0xee, 0xee, 0xd0, 0x0, 0xe, 0x53, 0x90,
    0x0, 0x0, 0x0, 0x4f, 0xff, 0xff, 0xff, 0xd0,
    0x6, 0xff, 0xff, 0x73, 0x33, 0x3d, 0x93, 0x30,
    0x1, 0x22, 0x22, 0x0, 0x0, 0xb, 0x80, 0x0,
    0x5, 0xee, 0xee, 0x6b, 0xbb, 0xbc, 0x90, 0x0,
    0x2, 0x44, 0x44, 0x27, 0xcc, 0x79, 0xb0, 0x0,
    0x1, 0x33, 0x33, 0x0, 0x9a, 0x5, 0xd0, 0x0,
    0x6, 0xff, 0xff, 0x30, 0x9a, 0x3, 0xf0, 0x0,
    0x6, 0xc0, 0xf, 0x30, 0x9a, 0x14, 0xf3, 0x81,
    0x6, 0xd3, 0x3f, 0x55, 0xcf, 0xf9, 0xc7, 0xf4,
    0x6, 0xff, 0xff, 0xae, 0x95, 0x0, 0x6f, 0xf1,
    0x6, 0xc0, 0xf, 0x30, 0x0, 0x0, 0xb, 0xa0,

    /* U+8AA0 "誠" */
    0x7, 0xff, 0xff, 0x0, 0x0, 0xf, 0x7a, 0x0,
    0x1, 0x22, 0x22, 0x0, 0x0, 0xf, 0x3f, 0x40,
    0x1d, 0xdd, 0xdd, 0x63, 0x33, 0x4f, 0x5b, 0x60,
    0x6, 0x66, 0x66, 0x6f, 0xff, 0xff, 0xff, 0xe0,
    0x5, 0xcc, 0xcb, 0x3f, 0x0, 0xf, 0x41, 0x0,
    0x1, 0x44, 0x43, 0x3f, 0x66, 0x5d, 0x6b, 0x50,
    0x6, 0xff, 0xfe, 0x3f, 0xac, 0xdc, 0x7e, 0x30,
    0x1, 0x33, 0x33, 0x3f, 0x5, 0xda, 0xcf, 0x0,
    0x1, 0x55, 0x54, 0x3f, 0x6, 0xc8, 0xfa, 0x0,
    0x4, 0xfd, 0xec, 0x3f, 0x18, 0x95, 0xf3, 0x0,
    0x4, 0xe0, 0x7c, 0x4f, 0x7c, 0x3b, 0xf2, 0x40,
    0x4, 0xe4, 0x9c, 0x6c, 0x0, 0x9e, 0xc7, 0xd4,
    0x4, 0xfd, 0xda, 0xc7, 0x9, 0xf3, 0x4e, 0xf1,
    0x4, 0xe0, 0x3, 0xe0, 0x3c, 0x20, 0xb, 0xa0,
    0x0, 0x0, 0x0, 0x0, 0x0, 0x0, 0x0, 0x0,

    /* U+8AA4 "誤" */
    0x6, 0xff, 0xff, 0x40, 0xc, 0xee, 0xee, 0x10,
    0x1, 0x22, 0x22, 0x7, 0x3d, 0x84, 0x5f, 0x10,
    0xc, 0xcc, 0xcc, 0x9b, 0x6d, 0x50, 0x1f, 0x10,
    0x7, 0x77, 0x77, 0x5b, 0x6d, 0x95, 0x6f, 0x10,
    0x4, 0x88, 0x88, 0x2b, 0x6a, 0xcc, 0xcc, 0x0,
    0x3, 0x77, 0x77, 0x2b, 0x94, 0x44, 0x44, 0x0,
    0x7, 0xdd, 0xdd, 0x3b, 0xdb, 0xbb, 0xcf, 0x0,
    0x2, 0x55, 0x55, 0x12, 0x10, 0x0, 0x3f, 0x0,
    0x0, 0x22, 0x22, 0x13, 0x33, 0x33, 0x6f, 0x30,
    0x5, 0xff, 0xff, 0x8f, 0xff, 0xff, 0xff, 0xf1,
    0x5, 0xd0, 0x1f, 0x10, 0x5, 0x4, 0x50, 0x0,
    0x5, 0xd2, 0x3f, 0x10, 0xad, 0x6, 0xf8, 0x0,
    0x5, 0xff, 0xff, 0x5c, 0xe2, 0x0, 0x3f, 0x70,
    0x5, 0xd0, 0x1f, 0xab, 0x10, 0x0, 0x4, 0xa0,
    0x0, 0x0, 0x0, 0x0, 0x0, 0x0, 0x0, 0x0,

    /* U+8ACB "請" */
    0x8, 0xff, 0xff, 0x5f, 0xff, 0xff, 0xff, 0xc0,
    0x5, 0x77, 0x77, 0x32, 0x22, 0xe6, 0x22, 0x20,
    0x1f, 0xff, 0xff, 0x92, 0x33, 0xf7, 0x33, 0x0,
    0x6, 0x66, 0x66, 0x3a, 0xff, 0xff, 0xff, 0x20,
    0x6, 0xbb, 0xbb, 0x44, 0x44, 0xf8, 0x44, 0x41,
    0x2, 0x44, 0x44, 0x8b, 0xbb, 0xbb, 0xbb, 0xb3,
    0x8, 0xee, 0xee, 0x27, 0xcc, 0xcc, 0xcc, 0x10,
    0x2, 0x33, 0x33, 0xa, 0xb6, 0x66, 0x6f, 0x20,
    0x1, 0x33, 0x33, 0xa, 0xc9, 0x99, 0x9f, 0x20,
    0x6, 0xff, 0xff, 0xa, 0xda, 0xaa, 0xaf, 0x20,
    0x6, 0xc0, 0x4f, 0xa, 0xd9, 0x99, 0xaf, 0x20,
    0x6, 0xd3, 0x6f, 0xa, 0xc8, 0x88, 0x8f, 0x20,
    0x6, 0xff, 0xff, 0xa, 0x80, 0x1, 0x2f, 0x20,
    0x5, 0xa0, 0x4f, 0xa, 0x80, 0xe, 0xfb, 0x0,
    0x0, 0x0, 0x2, 0x0, 0x0, 0x0, 0x0, 0x0,

    /* U+8CC7 "資" */
    0x0, 0x0, 0x0, 0x2, 0x0, 0x0, 0x0, 0x1,
    0xb5, 0x0, 0x7, 0xd3, 0x33, 0x33, 0x10, 0x5,
    0xeb, 0x3, 0xff, 0xff, 0xff, 0xf5, 0x0, 0x1,
    0x53, 0xe8, 0xa, 0xb0, 0x4e, 0x0, 0x0, 0x1c,
    0x24, 0x2a, 0xde, 0x92, 0x30, 0x0, 0x4e, 0x86,
    0xef, 0x90, 0x1a, 0xfc, 0x91, 0x8d, 0x9b, 0xcf,
    0xbb, 0xbb, 0xbc, 0x57, 0x0, 0x6, 0xe7, 0x77,
    0x77, 0x78, 0xf0, 0x0, 0x0, 0x6f, 0xff, 0xff,
    0xff, 0xff, 0x0, 0x0, 0x6, 0xd2, 0x22, 0x22,
    0x25, 0xf0, 0x0, 0x0, 0x6f, 0xff, 0xff, 0xff,
    0xff, 0x0, 0x0, 0x6, 0xe3, 0x33, 0x33, 0x36,
    0xf0, 0x0, 0x0, 0x5e, 0xee, 0xee, 0xef, 0xee,
    0x0, 0x0, 0x2, 0x5b, 0xf3, 0x8, 0xfe, 0xb6,
    0x0, 0x7f, 0xfd, 0x82, 0x0, 0x0, 0x27, 0xde,
    0x1, 0x31, 0x0, 0x0, 0x0, 0x0, 0x0, 0x20,

    /* U+8DEF "路" */
    0x0, 0x0, 0x0, 0x0, 0x1b, 0x0, 0x0, 0x0,
    0x1, 0xff, 0xff, 0x40, 0x7d, 0x0, 0x0, 0x0,
    0x1, 0xf4, 0x2e, 0x40, 0xdf, 0xff, 0xfb, 0x0,
    0x1, 0xf1, 0xe, 0x45, 0xfb, 0x33, 0xe7, 0x0,
    0x1, 0xf1, 0xe, 0x5d, 0xcf, 0x25, 0xf1, 0x0,
    0x1, 0xff, 0xff, 0xee, 0x17, 0xdf, 0x50, 0x0,
    0x0, 0x37, 0xc3, 0x21, 0x4, 0xfd, 0x0, 0x0,
    0x2, 0x65, 0xc0, 0x2, 0x9f, 0x7c, 0xd4, 0x0,
    0x5, 0xe5, 0xff, 0xdf, 0xc3, 0x0, 0x8f, 0xd2,
    0x5, 0xe5, 0xc2, 0x64, 0xff, 0xff, 0xf6, 0x60,
    0x5, 0xe5, 0xc0, 0x1, 0xf5, 0x33, 0xf5, 0x0,
    0x5, 0xe5, 0xc7, 0xb1, 0xf3, 0x0, 0xe5, 0x0,
    0x5, 0xea, 0xfd, 0x61, 0xf3, 0x0, 0xe5, 0x0,
    0x1c, 0xfb, 0x40, 0x1, 0xff, 0xff, 0xf5, 0x0,
    0x6, 0x20, 0x0, 0x1, 0xf5, 0x33, 0xf5, 0x0,
    0x0, 0x0, 0x0, 0x0, 0x0, 0x0, 0x0, 0x0,

    /* U+901F "速" */
    0x7, 0x50, 0x0, 0x0, 0xe, 0x40, 0x0, 0x0,
    0x2, 0xe4, 0xd, 0xff, 0xff, 0xff, 0xff, 0xa0,
    0x0, 0x6e, 0x13, 0x33, 0x3f, 0x73, 0x33, 0x20,
    0x0, 0x6, 0x0, 0x55, 0x5f, 0x85, 0x55, 0x0,
    0x2, 0x22, 0x0, 0xfd, 0xdf, 0xdd, 0xde, 0x0,
    0xd, 0xdf, 0x40, 0xf2, 0xe, 0x40, 0x4e, 0x0,
    0x0, 0xe, 0x40, 0xff, 0xff, 0xff, 0xfe, 0x0,
    0x0, 0xe, 0x40, 0x36, 0xff, 0x86, 0x32, 0x0,
    0x0, 0xe, 0x40, 0xd, 0x9e, 0xbf, 0xb1, 0x0,
    0x0, 0xe, 0x41, 0xcc, 0xe, 0x42, 0xce, 0x20,
    0x0, 0xe, 0x5d, 0xc0, 0xe, 0x40, 0xb, 0xa0,
    0x1, 0x9f, 0xd9, 0x0, 0xe, 0x40, 0x0, 0x10,
    0x3e, 0xd5, 0x8e, 0xfe, 0xdf, 0xfe, 0xff, 0xf1,
    0x17, 0x0, 0x0, 0x23, 0x44, 0x44, 0x44, 0x30,

    /* U+9023 "連" */
    0x2, 0x30, 0x0, 0x0, 0xe, 0x40, 0x0, 0x0,
    0x6, 0xf5, 0x2e, 0xee, 0xef, 0xee, 0xee, 0x80,
    0x0, 0x6f, 0x23, 0x55, 0x5f, 0x85, 0x55, 0x10,
    0x0, 0x4, 0x4, 0xff, 0xff, 0xff, 0xfe, 0x0,
    0x0, 0x0, 0x4, 0xe1, 0x1e, 0x51, 0x5e, 0x0,
    0xd, 0xdc, 0x4, 0xff, 0xff, 0xff, 0xfe, 0x0,
    0x5, 0x8e, 0x4, 0xe0, 0xe, 0x50, 0x5e, 0x0,
    0x0, 0x4e, 0x4, 0xfd, 0xdf, 0xed, 0xee, 0x0,
    0x0, 0x4e, 0x1, 0x55, 0x5f, 0x85, 0x54, 0x0,
    0x0, 0x4e, 0x2d, 0xdd, 0xdf, 0xed, 0xdd, 0xc0,
    0x0, 0x4e, 0x15, 0x55, 0x5f, 0x85, 0x55, 0x40,
    0x0, 0xaf, 0x50, 0x0, 0xe, 0x40, 0x0, 0x0,
    0x1d, 0xc5, 0xdf, 0xee, 0xef, 0xfe, 0xee, 0xe3,
    0x6, 0x0, 0x2, 0x44, 0x44, 0x44, 0x44, 0x40,

    /* U+904E "過" */
    0x0, 0x0, 0x0, 0x0, 0x0, 0x0, 0x0, 0x0,
    0x6, 0xb0, 0x0, 0x6f, 0xff, 0xff, 0xf4, 0x0,
    0x1, 0xda, 0x0, 0x6b, 0x22, 0x22, 0xe4, 0x0,
    0x0, 0x4f, 0x40, 0x6a, 0x3, 0x44, 0xf4, 0x0,
    0x0, 0x7, 0x0, 0x6a, 0xe, 0xed, 0xf4, 0x0,
    0x0, 0x0, 0x0, 0x6a, 0xe, 0x30, 0xe4, 0x0,
    0x6, 0x76, 0x4, 0xff, 0xff, 0xff, 0xff, 0x40,
    0x9, 0xce, 0x4, 0xe2, 0x44, 0x44, 0x2f, 0x40,
    0x0, 0x4e, 0x4, 0xe1, 0xff, 0xfe, 0xf, 0x40,
    0x0, 0x4e, 0x4, 0xe1, 0xd0, 0x4e, 0xf, 0x40,
    0x0, 0x4e, 0x4, 0xe1, 0xff, 0xfe, 0xf, 0x40,
    0x0, 0x4e, 0x4, 0xe0, 0x11, 0x16, 0x6f, 0x20,
    0x0, 0xbf, 0x64, 0x80, 0x0, 0x7, 0xa6, 0x0,
    0xc, 0xc4, 0xdf, 0xfe, 0xee, 0xee, 0xee, 0xe1,
    0x6, 0x10, 0x2, 0x44, 0x44, 0x44, 0x44, 0x30,

    /* U+9109 "鄉" */
    0x0, 0x2, 0x50, 0x77, 0x0, 0x0, 0x0, 0x0,
    0x0, 0x8, 0xc0, 0x3f, 0x70, 0x2f, 0xff, 0xe0,
    0x0, 0xe, 0x60, 0x3a, 0xc3, 0x3f, 0x37, 0xc0,
    0x0, 0x8e, 0x14, 0xff, 0xff, 0x6f, 0xa, 0x80,
    0x4, 0xf5, 0xbb, 0xf0, 0xf, 0x6f, 0xe, 0x30,
    0xe, 0xfb, 0xf5, 0xf4, 0x4f, 0x6f, 0x3e, 0x0,
    0x9, 0x9d, 0x94, 0xfe, 0xef, 0x6f, 0x7a, 0x0,
    0x0, 0x5d, 0x35, 0xf0, 0xf, 0x6f, 0x7f, 0x20,
    0x5, 0xf7, 0xcc, 0xfe, 0xef, 0x6f, 0xc, 0xa0,
    0xb, 0xfe, 0xf9, 0xf4, 0x44, 0x3f, 0x6, 0xe0,
    0x2, 0x12, 0xf5, 0xf0, 0xc5, 0x2f, 0x3, 0xf0,
    0x0, 0xa, 0xa4, 0xf0, 0x6e, 0x3f, 0x69, 0xd0,
    0x0, 0x6f, 0x24, 0xf7, 0xdf, 0x7f, 0x8d, 0x40,
    0x6, 0xf5, 0x5, 0xfb, 0x6b, 0xbf, 0x0, 0x0,
    0xb, 0x50, 0x0, 0x20, 0x3, 0x4f, 0x0, 0x0,
    0x0, 0x0, 0x0, 0x0, 0x0, 0x0, 0x0, 0x0,

    /* U+914D "配" */
    0xff, 0xff, 0xff, 0xff, 0xaf, 0xff, 0xf0, 0x2,
    0x25, 0xf7, 0xd2, 0x21, 0x22, 0x5f, 0x0, 0x0,
    0x3f, 0x6d, 0x0, 0x0, 0x3, 0xf0, 0x6, 0xff,
    0xff, 0xff, 0xd0, 0x0, 0x3f, 0x0, 0x6d, 0x7f,
    0x8d, 0x8e, 0x0, 0x3, 0xf0, 0x6, 0xc6, 0xe6,
    0xc5, 0xe2, 0xee, 0xef, 0x0, 0x6c, 0x9b, 0x5c,
    0x5e, 0x2f, 0x44, 0xa0, 0x6, 0xdf, 0x62, 0xff,
    0xe2, 0xf2, 0x0, 0x0, 0x6f, 0xe0, 0x1, 0x7e,
    0x2f, 0x20, 0x0, 0x6, 0xd6, 0x55, 0x59, 0xe2,
    0xf2, 0x0, 0x0, 0x6f, 0xdd, 0xdd, 0xee, 0x2f,
    0x20, 0x15, 0x6, 0xd3, 0x33, 0x37, 0xe2, 0xf2,
    0x4, 0xf0, 0x6f, 0xff, 0xff, 0xfe, 0x2f, 0x42,
    0x9c, 0x6, 0xc0, 0x0, 0x5, 0xe0, 0xbf, 0xff,
    0x30, 0x12, 0x0, 0x0, 0x12, 0x0, 0x0, 0x0,
    0x0,

    /* U+91CD "重" */
    0x0, 0x0, 0x0, 0x12, 0x46, 0x9c, 0x60, 0x0,
    0xaf, 0xff, 0xff, 0xfc, 0xa8, 0x52, 0x0, 0x0,
    0x11, 0x0, 0x8c, 0x0, 0x0, 0x0, 0x5, 0xff,
    0xff, 0xff, 0xff, 0xff, 0xff, 0x90, 0x13, 0x33,
    0x33, 0x9c, 0x33, 0x33, 0x32, 0x0, 0xd, 0xff,
    0xff, 0xff, 0xff, 0xf2, 0x0, 0x0, 0xd7, 0x22,
    0x8c, 0x22, 0x3f, 0x20, 0x0, 0xd, 0xee, 0xef,
    0xfe, 0xee, 0xf2, 0x0, 0x0, 0xd7, 0x33, 0x9c,
    0x33, 0x4f, 0x20, 0x0, 0xd, 0xdc, 0xce, 0xfc,
    0xcc, 0xf2, 0x0, 0x0, 0x45, 0x55, 0xad, 0x55,
    0x55, 0x0, 0x0, 0x3e, 0xee, 0xef, 0xfe, 0xee,
    0xe5, 0x0, 0x1, 0x44, 0x44, 0x9d, 0x44, 0x44,
    0x10, 0x2, 0x22, 0x22, 0x28, 0xc2, 0x22, 0x22,
    0x20, 0xef, 0xff, 0xff, 0xff, 0xff, 0xff, 0xff,
    0x20,

    /* U+91D1 "金" */
    0x0, 0x0, 0x0, 0x19, 0x0, 0x0, 0x0, 0x0,
    0x0, 0x0, 0xb, 0xf3, 0x0, 0x0, 0x0, 0x0,
    0x0, 0x9, 0xe9, 0xe2, 0x0, 0x0, 0x0, 0x0,
    0xa, 0xf3, 0xa, 0xe3, 0x0, 0x0, 0x0, 0x3d,
    0xe2, 0x0, 0x8, 0xf7, 0x0, 0x2, 0xaf, 0xcf,
    0xee, 0xee, 0xee, 0xed, 0x60, 0xac, 0x30, 0x33,
    0x7e, 0x33, 0x21, 0x8c, 0x10, 0x0, 0x0, 0x5,
    0xe0, 0x0, 0x0, 0x0, 0x0, 0xbf, 0xff, 0xff,
    0xff, 0xff, 0x30, 0x0, 0x2, 0x83, 0x37, 0xe3,
    0x37, 0x50, 0x0, 0x0, 0xc, 0xb0, 0x5e, 0x1,
    0xe7, 0x0, 0x0, 0x0, 0x1f, 0x55, 0xe0, 0xcd,
    0x0, 0x0, 0x0, 0x0, 0x75, 0x5e, 0x3c, 0x10,
    0x0, 0x1, 0xff, 0xff, 0xff, 0xff, 0xff, 0xff,
    0x90, 0x3, 0x33, 0x33, 0x33, 0x33, 0x33, 0x31,
    0x0,

    /* U+932F "錯" */
    0x0, 0x0, 0x0, 0x0, 0x0, 0x0, 0x0, 0x0,
    0x0, 0x7, 0x80, 0x0, 0x4f, 0x0, 0xf3, 0x0,
    0x0, 0xd, 0xf7, 0x3, 0x7f, 0x44, 0xf7, 0x20,
    0x0, 0x7d, 0x3d, 0xab, 0xef, 0xee, 0xfe, 0x90,
    0x5, 0xf4, 0x2, 0xb1, 0x4f, 0x0, 0xf4, 0x0,
    0xd, 0xff, 0xff, 0x52, 0x5f, 0x22, 0xf5, 0x21,
    0x0, 0x6, 0xd1, 0x7f, 0xff, 0xff, 0xff, 0xf7,
    0x2, 0x8b, 0xe8, 0x70, 0x0, 0x0, 0x0, 0x0,
    0x1, 0x7a, 0xe8, 0x71, 0xff, 0xff, 0xff, 0x10,
    0x7, 0x75, 0xd6, 0xc1, 0xf4, 0x11, 0x3f, 0x10,
    0x2, 0xe5, 0xda, 0x91, 0xfe, 0xee, 0xef, 0x10,
    0x0, 0xe8, 0xee, 0x21, 0xf5, 0x33, 0x5f, 0x10,
    0x0, 0x36, 0xe9, 0xc2, 0xf4, 0x11, 0x3f, 0x10,
    0x7, 0xdf, 0xd9, 0x62, 0xff, 0xff, 0xff, 0x10,
    0x2, 0x41, 0x0, 0x1, 0xf3, 0x0, 0x2f, 0x10,

    /* U+93AE "鎮" */
    0x0, 0x9, 0xe2, 0xcf, 0xff, 0xff, 0xff, 0xf0,
    0x0, 0xe, 0x8f, 0x53, 0x36, 0xf3, 0x33, 0x30,
    0x0, 0x7a, 0xa, 0xb8, 0x9b, 0xf9, 0x98, 0x0,
    0x3, 0xf7, 0x34, 0x4e, 0xff, 0xff, 0xfe, 0x0,
    0x2e, 0xff, 0xff, 0x5e, 0x85, 0x55, 0x8e, 0x0,
    0x19, 0x28, 0xb2, 0x1e, 0xa8, 0x88, 0xae, 0x0,
    0xe, 0xff, 0xff, 0x7e, 0xfe, 0xee, 0xfe, 0x0,
    0x3, 0x27, 0xb4, 0x3e, 0x63, 0x33, 0x7e, 0x0,
    0xc, 0x97, 0xb8, 0x6e, 0xff, 0xff, 0xfe, 0x0,
    0x5, 0xe7, 0xbc, 0x52, 0x22, 0x22, 0x22, 0x10,
    0x1, 0xf8, 0xcc, 0xff, 0xff, 0xff, 0xff, 0xf3,
    0x0, 0x29, 0xd9, 0x71, 0xa6, 0x1b, 0x92, 0x10,
    0xe, 0xfe, 0xba, 0xad, 0xe3, 0x5, 0xcf, 0x50,
    0x2, 0x0, 0x1, 0xd8, 0x10, 0x0, 0x7, 0xc0,
    0x0, 0x0, 0x0, 0x0, 0x0, 0x0, 0x0, 0x0,

    /* U+9580 "門" */
    0x3f, 0xff, 0xff, 0x45, 0xff, 0xff, 0xf3, 0xf2,
    0x22, 0xe4, 0x5e, 0x22, 0x6f, 0x3f, 0x22, 0x2e,
    0x45, 0xe3, 0x36, 0xf3, 0xff, 0xff, 0xf4, 0x5f,
    0xff, 0xff, 0x3f, 0x0, 0xe, 0x45, 0xd0, 0x4,
    0xf3, 0xfe, 0xee, 0xf4, 0x5f, 0xee, 0xff, 0x3f,
    0x44, 0x44, 0x11, 0x44, 0x47, 0xf3, 0xf0, 0x0,
    0x0, 0x0, 0x0, 0x4f, 0x3f, 0x0, 0x0, 0x0,
    0x0, 0x4, 0xf3, 0xf0, 0x0, 0x0, 0x0, 0x0,
    0x4f, 0x3f, 0x0, 0x0, 0x0, 0x0, 0x4, 0xf3,
    0xf0, 0x0, 0x0, 0x0, 0x0, 0x4f, 0x3f, 0x0,
    0x0, 0x0, 0x0, 0x37, 0xe3, 0xf0, 0x0, 0x0,
    0x0, 0xf, 0xf8,

    /* U+9663 "陣" */
    0x4f, 0xff, 0xc1, 0x22, 0x5e, 0x22, 0x21, 0x4,
    0xe2, 0xaa, 0xcf, 0xff, 0xff, 0xff, 0xf0, 0x4e,
    0xd, 0x51, 0x11, 0x5e, 0x11, 0x11, 0x4, 0xe2,
    0xf0, 0x7f, 0xff, 0xff, 0xff, 0x10, 0x4e, 0x7b,
    0x8, 0xc3, 0x7f, 0x34, 0xf2, 0x4, 0xea, 0xb0,
    0x8c, 0x36, 0xf3, 0x4f, 0x20, 0x4e, 0x1e, 0x68,
    0xff, 0xff, 0xff, 0xf2, 0x4, 0xe0, 0x6c, 0x8b,
    0x4, 0xe0, 0x1f, 0x20, 0x4e, 0x15, 0xe8, 0xfe,
    0xff, 0xee, 0xf2, 0x4, 0xed, 0xfb, 0x13, 0x37,
    0xf3, 0x33, 0x0, 0x4e, 0x57, 0x45, 0x55, 0x8f,
    0x55, 0x55, 0x14, 0xe0, 0x6, 0xdd, 0xde, 0xfd,
    0xdd, 0xd3, 0x4e, 0x0, 0x0, 0x0, 0x4e, 0x0,
    0x0, 0x4, 0xc0, 0x0, 0x0, 0x4, 0xe0, 0x0,
    0x0,

    /* U+9670 "陰" */
    0x0, 0x0, 0x0, 0x0, 0x88, 0x0, 0x0, 0x3,
    0xff, 0xff, 0x0, 0x3f, 0xe1, 0x0, 0x0, 0x3f,
    0x28, 0xd0, 0x1e, 0x89, 0xc1, 0x0, 0x3, 0xf0,
    0xb8, 0x2e, 0xe5, 0x5e, 0xd2, 0x0, 0x3f, 0x1f,
    0xaf, 0xbf, 0xff, 0xea, 0xf7, 0x3, 0xf6, 0xca,
    0x70, 0x11, 0x10, 0x7, 0xf3, 0x3f, 0x7d, 0x10,
    0xff, 0xff, 0xfb, 0x1, 0x3, 0xf0, 0xb9, 0x1,
    0x11, 0x1e, 0x60, 0x0, 0x3f, 0x3, 0xf6, 0xcc,
    0xcd, 0xfd, 0xc2, 0x3, 0xf0, 0xf, 0x35, 0x55,
    0x55, 0x55, 0x0, 0x3f, 0xcc, 0xf5, 0x55, 0x55,
    0x55, 0x55, 0x3, 0xf5, 0x99, 0xdd, 0xfe, 0xdd,
    0xdd, 0xd0, 0x3f, 0x0, 0x0, 0x5e, 0x10, 0x3d,
    0x50, 0x3, 0xf0, 0x5, 0xef, 0xfe, 0xff, 0xff,
    0x60, 0x3f, 0x0, 0x16, 0x54, 0x32, 0x10, 0x38,
    0x0,

    /* U+9686 "隆" */
    0x0, 0x0, 0x0, 0x9, 0x40, 0x0, 0x0, 0x4,
    0xff, 0xfc, 0x2, 0xf5, 0x22, 0x21, 0x0, 0x4e,
    0x2a, 0xa0, 0xbf, 0xff, 0xff, 0x90, 0x4, 0xe0,
    0xd5, 0x6f, 0xdb, 0x19, 0xf3, 0x0, 0x4e, 0x2f,
    0x4f, 0x41, 0xdf, 0xd2, 0x0, 0x4, 0xe6, 0xc0,
    0x24, 0xaf, 0xbf, 0xa3, 0x0, 0x4e, 0x5f, 0x8f,
    0xf9, 0x29, 0x4b, 0xfe, 0x44, 0xe0, 0xab, 0x4d,
    0x71, 0xf2, 0x1, 0x60, 0x4e, 0x5, 0xe5, 0xff,
    0xff, 0xff, 0xf5, 0x4, 0xe0, 0x5f, 0xe9, 0x34,
    0xf5, 0x33, 0x10, 0x4f, 0xff, 0x98, 0x43, 0x4f,
    0x53, 0x20, 0x4, 0xe4, 0x50, 0xf, 0xff, 0xff,
    0xfd, 0x0, 0x4e, 0x0, 0x0, 0x0, 0x1f, 0x20,
    0x0, 0x4, 0xe0, 0x7, 0xff, 0xff, 0xff, 0xff,
    0xf4, 0x4e, 0x0, 0x13, 0x33, 0x33, 0x33, 0x33,
    0x10,

    /* U+96C4 "雄" */
    0x0, 0x0, 0x0, 0x0, 0x0, 0x0, 0x0, 0x0,
    0x0, 0x7, 0x80, 0x0, 0x97, 0x5, 0xc0, 0x0,
    0x0, 0x9, 0x80, 0x0, 0xd6, 0x9, 0xa0, 0x0,
    0x2, 0x2c, 0x92, 0x23, 0xf7, 0x5f, 0x95, 0x50,
    0xd, 0xff, 0xff, 0xfa, 0xfd, 0xdf, 0xdd, 0xd0,
    0x0, 0xf, 0x30, 0x3f, 0xf0, 0xf, 0x40, 0x0,
    0x0, 0x3f, 0x10, 0xec, 0xfd, 0xdf, 0xdd, 0x60,
    0x0, 0x9a, 0xd6, 0x55, 0xf5, 0x5f, 0x85, 0x20,
    0x0, 0xe6, 0xf2, 0x4, 0xf0, 0xf, 0x40, 0x0,
    0x7, 0xd5, 0xe0, 0x4, 0xf5, 0x5f, 0x75, 0x20,
    0x2f, 0x5a, 0x92, 0x14, 0xfd, 0xdf, 0xed, 0x60,
    0x39, 0x1f, 0x3a, 0x84, 0xf0, 0xf, 0x40, 0x0,
    0x2, 0x8e, 0x59, 0xf4, 0xf3, 0x3f, 0x63, 0x30,
    0x6, 0xfd, 0xba, 0xf8, 0xff, 0xff, 0xff, 0xf3,
    0x0, 0x0, 0x0, 0x66, 0xf0, 0x0, 0x0, 0x0,

    /* U+96E8 "雨" */
    0xbf, 0xff, 0xff, 0xff, 0xff, 0xff, 0xff, 0x11,
    0x22, 0x22, 0x28, 0xc2, 0x22, 0x22, 0x20, 0x0,
    0x0, 0x0, 0x7c, 0x0, 0x0, 0x0, 0x0, 0x35,
    0x55, 0x59, 0xd5, 0x55, 0x55, 0x0, 0xb, 0xed,
    0xdd, 0xef, 0xdd, 0xdd, 0xf1, 0x0, 0xb7, 0x0,
    0x7, 0xc0, 0x0, 0x1f, 0x10, 0xb, 0xdf, 0xa3,
    0x7c, 0xcc, 0x61, 0xf1, 0x0, 0xb7, 0x3a, 0xf9,
    0xc1, 0x6e, 0xaf, 0x10, 0xb, 0x70, 0x2, 0x7c,
    0x0, 0x2, 0xf1, 0x0, 0xbc, 0xfa, 0x17, 0xce,
    0xc4, 0x1f, 0x10, 0xb, 0x73, 0xbf, 0x9c, 0x17,
    0xf9, 0xf1, 0x0, 0xb7, 0x0, 0x57, 0xc0, 0x2,
    0x2f, 0x10, 0xb, 0x70, 0x0, 0x6a, 0x1, 0x35,
    0xf1, 0x0, 0xb7, 0x0, 0x0, 0x0, 0x2f, 0xfb,
    0x0,

    /* U+96EA "雪" */
    0x7, 0xff, 0xff, 0xff, 0xff, 0xff, 0xa0, 0x1,
    0x22, 0x22, 0x6e, 0x22, 0x22, 0x10, 0x4f, 0xff,
    0xff, 0xff, 0xff, 0xff, 0xf4, 0x4f, 0x33, 0x33,
    0x7f, 0x33, 0x33, 0xe5, 0x4e, 0x9f, 0xff, 0x4e,
    0x8f, 0xf8, 0xe5, 0x4d, 0x1, 0x11, 0x4e, 0x1,
    0x10, 0xd4, 0x0, 0x9f, 0xff, 0x4e, 0x8f, 0xf8,
    0x0, 0x0, 0x0, 0x0, 0x26, 0x0, 0x0, 0x0,
    0x6, 0xff, 0xff, 0xff, 0xff, 0xff, 0x40, 0x0,
    0x22, 0x22, 0x22, 0x22, 0x2e, 0x40, 0x0, 0xef,
    0xff, 0xff, 0xff, 0xff, 0x40, 0x0, 0x22, 0x22,
    0x22, 0x22, 0x2e, 0x40, 0x6, 0xff, 0xff, 0xff,
    0xff, 0xff, 0x40, 0x1, 0x33, 0x33, 0x33, 0x33,
    0x3f, 0x40,

    /* U+96F2 "雲" */
    0xa, 0xff, 0xff, 0xff, 0xff, 0xff, 0x90, 0x1,
    0x22, 0x22, 0xba, 0x22, 0x22, 0x10, 0x6f, 0xff,
    0xff, 0xff, 0xff, 0xff, 0xf6, 0x6e, 0x45, 0x54,
    0xba, 0x56, 0x65, 0xd6, 0x6d, 0x9f, 0xfb, 0xa9,
    0xae, 0xe8, 0xd6, 0x25, 0x0, 0x0, 0xa9, 0x11,
    0x11, 0x31, 0x0, 0xbe, 0xeb, 0xa9, 0xae, 0xeb,
    0x0, 0x0, 0x33, 0x33, 0x44, 0x33, 0x33, 0x0,
    0x0, 0xff, 0xff, 0xff, 0xff, 0xff, 0x20, 0x23,
    0x33, 0x33, 0x33, 0x33, 0x33, 0x32, 0xbf, 0xff,
    0xff, 0xff, 0xff, 0xff, 0xfe, 0x0, 0x7, 0xe3,
    0x0, 0x7, 0xd4, 0x0, 0xb, 0xef, 0xee, 0xef,
    0xff, 0xff, 0x50, 0x3, 0x54, 0x32, 0x21, 0x0,
    0x4, 0x80,

    /* U+96F7 "雷" */
    0x7, 0xff, 0xff, 0xff, 0xff, 0xff, 0x90, 0x1,
    0x22, 0x22, 0x6e, 0x22, 0x22, 0x10, 0x4f, 0xff,
    0xff, 0xff, 0xff, 0xff, 0xf7, 0x4f, 0x55, 0x55,
    0x7f, 0x55, 0x55, 0xd7, 0x4e, 0x9f, 0xff, 0x5e,
    0x7f, 0xfc, 0xb7, 0x4c, 0x1, 0x11, 0x4e, 0x1,
    0x10, 0xa6, 0x0, 0x8e, 0xee, 0x49, 0x7e, 0xeb,
    0x0, 0x0, 0x44, 0x44, 0x44, 0x44, 0x44, 0x10,
    0x2, 0xfd, 0xdd, 0xef, 0xdd, 0xdf, 0x50, 0x2,
    0xf4, 0x22, 0x6e, 0x22, 0x2e, 0x50, 0x2, 0xff,
    0xff, 0xff, 0xff, 0xff, 0x50, 0x2, 0xf3, 0x11,
    0x5e, 0x11, 0x1e, 0x50, 0x2, 0xff, 0xff, 0xff,
    0xff, 0xff, 0x50, 0x2, 0xf3, 0x0, 0x0, 0x0,
    0xe, 0x50, 0x0, 0x0, 0x0, 0x0, 0x0, 0x0,
    0x0,

    /* U+96F9 "雹" */
    0x0, 0x8f, 0xff, 0xff, 0xff, 0xff, 0xfc, 0x0,
    0x0, 0x1, 0x11, 0x15, 0xe1, 0x11, 0x11, 0x0,
    0x5, 0xff, 0xff, 0xff, 0xff, 0xff, 0xff, 0xa0,
    0x5, 0xea, 0xbb, 0xb8, 0xf8, 0xbb, 0xbb, 0xb0,
    0x3, 0x97, 0x88, 0x85, 0xe5, 0x88, 0x86, 0x60,
    0x0, 0xd, 0xff, 0xf7, 0xea, 0xff, 0xf2, 0x0,
    0x0, 0x0, 0xbe, 0x88, 0xa8, 0x88, 0x83, 0x0,
    0x0, 0x9, 0xe9, 0x99, 0x99, 0x99, 0xe6, 0x0,
    0x4, 0xcf, 0xff, 0xff, 0xff, 0x10, 0xe5, 0x0,
    0xc, 0xb5, 0xf3, 0x33, 0x3f, 0x20, 0xf4, 0x0,
    0x0, 0x4, 0xf9, 0x99, 0x9f, 0x66, 0xf2, 0x51,
    0x0, 0x4, 0xf9, 0x99, 0x99, 0x6d, 0x90, 0xd5,
    0x0, 0x3, 0xf4, 0x22, 0x22, 0x22, 0x26, 0xf1,
    0x0, 0x0, 0xbf, 0xff, 0xff, 0xff, 0xfe, 0x60,

    /* U+96FB "電" */
    0xe, 0xff, 0xff, 0xff, 0xff, 0xff, 0x50, 0x14,
    0x44, 0x44, 0xf7, 0x44, 0x44, 0x20, 0xdf, 0xff,
    0xff, 0xff, 0xff, 0xff, 0xf5, 0xd8, 0x66, 0x65,
    0xf7, 0x66, 0x65, 0xe5, 0xc6, 0xee, 0xe8, 0xe7,
    0xee, 0xe7, 0xa4, 0x1, 0xcc, 0xc7, 0xe7, 0xcc,
    0xc6, 0x0, 0x2, 0x55, 0x54, 0x75, 0x55, 0x54,
    0x0, 0xa, 0xff, 0xff, 0xff, 0xff, 0xff, 0x10,
    0xa, 0xc7, 0x77, 0xfa, 0x77, 0x8f, 0x10, 0xa,
    0xc7, 0x77, 0xf9, 0x77, 0x8f, 0x10, 0xa, 0xfe,
    0xee, 0xfe, 0xee, 0xef, 0x56, 0x2, 0x44, 0x44,
    0xf7, 0x44, 0x44, 0x6c, 0x0, 0x0, 0x0, 0xe8,
    0x22, 0x22, 0xb8, 0x0, 0x0, 0x0, 0x9f, 0xff,
    0xff, 0xe2,

    /* U+9727 "霧" */
    0x6, 0xff, 0xff, 0xff, 0xff, 0xff, 0xf0, 0x0,
    0x79, 0x99, 0x9b, 0xf9, 0x99, 0x99, 0x40, 0xf,
    0x99, 0x99, 0xbf, 0x99, 0x99, 0xca, 0x0, 0xf9,
    0xff, 0xf5, 0xf6, 0xff, 0xf8, 0xa0, 0x2, 0x58,
    0x88, 0x4f, 0x38, 0x88, 0x11, 0x0, 0x15, 0x88,
    0x85, 0xfa, 0x97, 0x70, 0x0, 0xb, 0xee, 0xff,
    0x45, 0xff, 0xff, 0xfa, 0x0, 0x1e, 0xce, 0x66,
    0xfc, 0xd7, 0xf6, 0x10, 0x2d, 0xdf, 0xfd, 0xb6,
    0x6f, 0xfd, 0x42, 0x0, 0x3c, 0xfb, 0xdc, 0xea,
    0xc7, 0x6b, 0xe4, 0x5, 0xfa, 0xa6, 0x1a, 0xef,
    0xfe, 0xe3, 0x6, 0xf6, 0x9a, 0x0, 0x38, 0xf4,
    0x4f, 0x20, 0x77, 0x9, 0xa0, 0x17, 0xf8, 0x35,
    0xe0, 0x0, 0x2f, 0xf7, 0x6f, 0xc4, 0x1e, 0xf7,
    0x0, 0x0, 0x21, 0x0, 0x10, 0x0, 0x0, 0x0,
    0x0,

    /* U+98A8 "風" */
    0x0, 0xef, 0xff, 0xff, 0xff, 0xff, 0xf2, 0x0,
    0x0, 0xe6, 0x22, 0x22, 0x22, 0x65, 0xf2, 0x0,
    0x0, 0xe5, 0x12, 0x36, 0x9d, 0xf9, 0xf2, 0x0,
    0x0, 0xea, 0xff, 0xff, 0xc8, 0x41, 0xf2, 0x0,
    0x0, 0xe4, 0x0, 0xf, 0x30, 0x1, 0xf2, 0x0,
    0x0, 0xe4, 0xef, 0xff, 0xff, 0xe1, 0xf2, 0x0,
    0x0, 0xe4, 0xe7, 0x3f, 0x65, 0xf1, 0xf2, 0x0,
    0x0, 0xe4, 0xe4, 0xf, 0x33, 0xf1, 0xf2, 0x0,
    0x0, 0xf4, 0xef, 0xff, 0xff, 0xf0, 0xf3, 0x0,
    0x1, 0xf2, 0x23, 0x3f, 0x54, 0x50, 0xf4, 0x0,
    0x3, 0xf0, 0x0, 0xf, 0x37, 0xe0, 0xc6, 0xc2,
    0x8, 0xd0, 0x2, 0x4f, 0x9a, 0xf8, 0x98, 0xf2,
    0xe, 0x78, 0xff, 0xec, 0xa8, 0x9e, 0x5e, 0xf0,
    0x2d, 0x10, 0x20, 0x0, 0x0, 0x17, 0x1c, 0x90,
    0x0, 0x0, 0x0, 0x0, 0x0, 0x0, 0x0, 0x0,

    /* U+99AC "馬" */
    0x0, 0x4f, 0xff, 0xff, 0xff, 0xff, 0xff, 0x90,
    0x4, 0xe2, 0x22, 0x3f, 0x42, 0x22, 0x21, 0x0,
    0x4e, 0x33, 0x33, 0xf5, 0x33, 0x31, 0x0, 0x4,
    0xff, 0xff, 0xff, 0xff, 0xff, 0x70, 0x0, 0x4e,
    0x0, 0x1, 0xf2, 0x0, 0x0, 0x0, 0x4, 0xff,
    0xff, 0xff, 0xff, 0xff, 0x60, 0x0, 0x4f, 0x33,
    0x34, 0xf5, 0x33, 0x31, 0x0, 0x4, 0xf3, 0x33,
    0x4f, 0x53, 0x33, 0x31, 0x0, 0x4f, 0xff, 0xff,
    0xff, 0xff, 0xff, 0x50, 0x0, 0x30, 0x20, 0x44,
    0x9, 0x60, 0xf4, 0x0, 0x4e, 0x4e, 0x5, 0xe0,
    0x4f, 0x1f, 0x30, 0xc, 0x90, 0xf4, 0xe, 0x50,
    0xb5, 0xf1, 0x7, 0xe1, 0xd, 0x60, 0x77, 0x63,
    0x9e, 0x0, 0x84, 0x0, 0x20, 0x0, 0x3c, 0xfe,
    0x60,

    /* U+9AD4 "體" */
    0x4f, 0xff, 0xf5, 0x8a, 0xfc, 0xea, 0x60, 0x4f,
    0x42, 0xc5, 0xcc, 0xfc, 0xfd, 0xa0, 0x4f, 0x7f,
    0xf5, 0xca, 0xf9, 0xeb, 0xa0, 0x4f, 0x7d, 0xc5,
    0xce, 0xfe, 0xfe, 0xa0, 0x7f, 0x9d, 0xd8, 0xc7,
    0xe6, 0xd9, 0xa0, 0xee, 0xdd, 0xdf, 0xcf, 0xff,
    0xff, 0xa0, 0xe9, 0x77, 0x8f, 0xaa, 0xaa, 0xaa,
    0xa2, 0x1f, 0xba, 0xf4, 0x8a, 0xaa, 0xaa, 0x81,
    0x1f, 0xed, 0xf2, 0x7f, 0xff, 0xff, 0x50, 0x1f,
    0x85, 0xe2, 0x7c, 0x66, 0x6e, 0x50, 0x1f, 0xff,
    0xf2, 0x5c, 0xbb, 0xdc, 0x30, 0x1f, 0x62, 0xe2,
    0xd, 0x50, 0xa8, 0x0, 0x1f, 0x52, 0xf3, 0x28,
    0xc3, 0xf4, 0x21, 0x1f, 0x5e, 0xc8, 0xff, 0xff,
    0xff, 0xf8, 0x3, 0x0, 0x0, 0x0, 0x0, 0x0,
    0x0,

    /* U+9AD8 "高" */
    0x0, 0x0, 0x0, 0x6d, 0x0, 0x0, 0x0, 0x2f,
    0xff, 0xff, 0xff, 0xff, 0xff, 0xfd, 0x3, 0x34,
    0x55, 0x55, 0x55, 0x53, 0x33, 0x0, 0xb, 0xff,
    0xff, 0xff, 0xf2, 0x0, 0x0, 0xb, 0x81, 0x11,
    0x12, 0xf2, 0x0, 0x0, 0xb, 0xff, 0xff, 0xff,
    0xf2, 0x0, 0x2, 0x34, 0x55, 0x55, 0x55, 0x53,
    0x30, 0xb, 0xff, 0xff, 0xff, 0xff, 0xff, 0xf2,
    0xb, 0x80, 0x33, 0x33, 0x33, 0x11, 0xf2, 0xb,
    0x80, 0xff, 0xff, 0xff, 0x51, 0xf2, 0xb, 0x80,
    0xf5, 0x11, 0x1e, 0x51, 0xf2, 0xb, 0x80, 0xff,
    0xff, 0xff, 0x51, 0xf2, 0xb, 0x80, 0x0, 0x0,
    0x1, 0x36, 0xf1, 0xb, 0x80, 0x0, 0x0, 0x0,
    0xef, 0xb0, 0x1, 0x10, 0x0, 0x0, 0x0, 0x0,
    0x0,

    /* U+9ED8 "默" */
    0x4, 0xff, 0xff, 0xff, 0x40, 0x5e, 0xa6, 0x0,
    0x4, 0xf6, 0x7d, 0x5f, 0x40, 0x5e, 0x3e, 0x10,
    0x4, 0xff, 0x8d, 0xcf, 0x40, 0x5e, 0xb, 0x60,
    0x4, 0xeb, 0xce, 0xde, 0x52, 0x7e, 0x25, 0x30,
    0x4, 0xe7, 0x9e, 0x7f, 0xaf, 0xff, 0xff, 0xc0,
    0x4, 0xff, 0xff, 0xff, 0x40, 0x6f, 0xe0, 0x0,
    0x0, 0x33, 0x7e, 0x33, 0x0, 0x7d, 0xf0, 0x0,
    0x1, 0xff, 0xff, 0xff, 0x20, 0x9a, 0xf1, 0x0,
    0x0, 0x0, 0x6e, 0x57, 0x90, 0xc8, 0xe4, 0x0,
    0xa, 0xef, 0xff, 0xdb, 0x90, 0xf4, 0xb8, 0x0,
    0x3, 0xb6, 0x46, 0x5e, 0x64, 0xf1, 0x7d, 0x0,
    0x2, 0xf8, 0xe5, 0xe6, 0xfd, 0x90, 0x2f, 0x40,
    0x9, 0xb1, 0xf3, 0xe4, 0x9f, 0x20, 0x9, 0xd1,
    0xb, 0x30, 0x71, 0x11, 0xd6, 0x0, 0x1, 0xc2,
    0x0, 0x0, 0x0, 0x0, 0x0, 0x0, 0x0, 0x0,

    /* U+9EDE "點" */
    0xf, 0xff, 0xff, 0xfe, 0x1, 0xf1, 0x0, 0x0,
    0xf8, 0x3f, 0x58, 0xe0, 0x1f, 0x10, 0x0, 0xf,
    0xe6, 0xf7, 0xde, 0x1, 0xf4, 0x33, 0x0, 0xf9,
    0xaf, 0xb9, 0xe0, 0x1f, 0xff, 0xf1, 0xf, 0x69,
    0xfb, 0x4e, 0x1, 0xf1, 0x0, 0x0, 0xfe, 0xef,
    0xee, 0xe0, 0x1f, 0x10, 0x0, 0x2, 0x23, 0xf3,
    0x21, 0x1, 0xf1, 0x0, 0x0, 0xbf, 0xff, 0xff,
    0xa6, 0xff, 0xff, 0x30, 0x1, 0x13, 0xf3, 0x35,
    0x8c, 0x33, 0xf3, 0x6, 0xab, 0xdf, 0xff, 0xdb,
    0xb0, 0xe, 0x30, 0x3a, 0x75, 0x55, 0x77, 0x6b,
    0x0, 0xe3, 0x0, 0xaa, 0xe4, 0xf4, 0xf8, 0xc3,
    0x3f, 0x30, 0x3f, 0x2f, 0x3e, 0x4c, 0xbf, 0xff,
    0xf3, 0x9, 0x60, 0x83, 0x41, 0x6, 0xb0, 0xe,
    0x30,

    /* U+FF0C "，" */
    0x78, 0xcd, 0x1c, 0x96, 0x10
};


/*---------------------
 *  GLYPH DESCRIPTION
 *--------------------*/

static const lv_font_fmt_txt_glyph_dsc_t glyph_dsc[] = {
    {.bitmap_index = 0, .adv_w = 0, .box_w = 0, .box_h = 0, .ofs_x = 0, .ofs_y = 0} /* id = 0 reserved */,
    {.bitmap_index = 0, .adv_w = 71, .box_w = 0, .box_h = 0, .ofs_x = 0, .ofs_y = 0},
    {.bitmap_index = 0, .adv_w = 71, .box_w = 3, .box_h = 12, .ofs_x = 1, .ofs_y = 0},
    {.bitmap_index = 18, .adv_w = 91, .box_w = 6, .box_h = 5, .ofs_x = 0, .ofs_y = 7},
    {.bitmap_index = 33, .adv_w = 142, .box_w = 9, .box_h = 12, .ofs_x = 0, .ofs_y = 0},
    {.bitmap_index = 87, .adv_w = 142, .box_w = 9, .box_h = 16, .ofs_x = 0, .ofs_y = -2},
    {.bitmap_index = 159, .adv_w = 228, .box_w = 13, .box_h = 12, .ofs_x = 1, .ofs_y = 0},
    {.bitmap_index = 237, .adv_w = 171, .box_w = 11, .box_h = 13, .ofs_x = 0, .ofs_y = -1},
    {.bitmap_index = 309, .adv_w = 49, .box_w = 3, .box_h = 5, .ofs_x = 0, .ofs_y = 7},
    {.bitmap_index = 317, .adv_w = 85, .box_w = 5, .box_h = 15, .ofs_x = 0, .ofs_y = -3},
    {.bitmap_index = 355, .adv_w = 85, .box_w = 5, .box_h = 15, .ofs_x = 0, .ofs_y = -3},
    {.bitmap_index = 393, .adv_w = 100, .box_w = 6, .box_h = 6, .ofs_x = 0, .ofs_y = 6},
    {.bitmap_index = 411, .adv_w = 150, .box_w = 9, .box_h = 9, .ofs_x = 0, .ofs_y = 2},
    {.bitmap_index = 452, .adv_w = 71, .box_w = 3, .box_h = 5, .ofs_x = 1, .ofs_y = -3},
    {.bitmap_index = 460, .adv_w = 85, .box_w = 5, .box_h = 2, .ofs_x = 0, .ofs_y = 4},
    {.bitmap_index = 465, .adv_w = 71, .box_w = 3, .box_h = 2, .ofs_x = 1, .ofs_y = 0},
    {.bitmap_index = 468, .adv_w = 71, .box_w = 5, .box_h = 12, .ofs_x = 0, .ofs_y = 0},
    {.bitmap_index = 498, .adv_w = 142, .box_w = 9, .box_h = 12, .ofs_x = 0, .ofs_y = 0},
    {.bitmap_index = 552, .adv_w = 142, .box_w = 5, .box_h = 12, .ofs_x = 1, .ofs_y = 0},
    {.bitmap_index = 582, .adv_w = 142, .box_w = 9, .box_h = 12, .ofs_x = 0, .ofs_y = 0},
    {.bitmap_index = 636, .adv_w = 142, .box_w = 9, .box_h = 12, .ofs_x = 0, .ofs_y = 0},
    {.bitmap_index = 690, .adv_w = 142, .box_w = 9, .box_h = 12, .ofs_x = 0, .ofs_y = 0},
    {.bitmap_index = 744, .adv_w = 142, .box_w = 9, .box_h = 12, .ofs_x = 0, .ofs_y = 0},
    {.bitmap_index = 798, .adv_w = 142, .box_w = 9, .box_h = 12, .ofs_x = 0, .ofs_y = 0},
    {.bitmap_index = 852, .adv_w = 142, .box_w = 9, .box_h = 12, .ofs_x = 0, .ofs_y = 0},
    {.bitmap_index = 906, .adv_w = 142, .box_w = 9, .box_h = 12, .ofs_x = 0, .ofs_y = 0},
    {.bitmap_index = 960, .adv_w = 142, .box_w = 9, .box_h = 12, .ofs_x = 0, .ofs_y = 0},
    {.bitmap_index = 1014, .adv_w = 71, .box_w = 3, .box_h = 9, .ofs_x = 1, .ofs_y = 0},
    {.bitmap_index = 1028, .adv_w = 71, .box_w = 3, .box_h = 12, .ofs_x = 1, .ofs_y = -3},
    {.bitmap_index = 1046, .adv_w = 150, .box_w = 9, .box_h = 10, .ofs_x = 0, .ofs_y = 1},
    {.bitmap_index = 1091, .adv_w = 150, .box_w = 9, .box_h = 6, .ofs_x = 0, .ofs_y = 3},
    {.bitmap_index = 1118, .adv_w = 150, .box_w = 9, .box_h = 10, .ofs_x = 0, .ofs_y = 1},
    {.bitmap_index = 1163, .adv_w = 142, .box_w = 9, .box_h = 12, .ofs_x = 0, .ofs_y = 0},
    {.bitmap_index = 1217, .adv_w = 260, .box_w = 16, .box_h = 15, .ofs_x = 0, .ofs_y = -3},
    {.bitmap_index = 1337, .adv_w = 171, .box_w = 12, .box_h = 12, .ofs_x = -1, .ofs_y = 0},
    {.bitmap_index = 1409, .adv_w = 171, .box_w = 9, .box_h = 12, .ofs_x = 1, .ofs_y = 0},
    {.bitmap_index = 1463, .adv_w = 185, .box_w = 11, .box_h = 12, .ofs_x = 0, .ofs_y = 0},
    {.bitmap_index = 1529, .adv_w = 185, .box_w = 10, .box_h = 12, .ofs_x = 1, .ofs_y = 0},
    {.bitmap_index = 1589, .adv_w = 171, .box_w = 9, .box_h = 12, .ofs_x = 1, .ofs_y = 0},
    {.bitmap_index = 1643, .adv_w = 156, .box_w = 9, .box_h = 12, .ofs_x = 1, .ofs_y = 0},
    {.bitmap_index = 1697, .adv_w = 199, .box_w = 12, .box_h = 12, .ofs_x = 0, .ofs_y = 0},
    {.bitmap_index = 1769, .adv_w = 185, .box_w = 10, .box_h = 12, .ofs_x = 1, .ofs_y = 0},
    {.bitmap_index = 1829, .adv_w = 71, .box_w = 2, .box_h = 12, .ofs_x = 1, .ofs_y = 0},
    {.bitmap_index = 1841, .adv_w = 128, .box_w = 7, .box_h = 12, .ofs_x = 0, .ofs_y = 0},
    {.bitmap_index = 1883, .adv_w = 171, .box_w = 10, .box_h = 12, .ofs_x = 1, .ofs_y = 0},
    {.bitmap_index = 1943, .adv_w = 142, .box_w = 8, .box_h = 12, .ofs_x = 1, .ofs_y = 0},
    {.bitmap_index = 1991, .adv_w = 213, .box_w = 12, .box_h = 12, .ofs_x = 1, .ofs_y = 0},
    {.bitmap_index = 2063, .adv_w = 185, .box_w = 10, .box_h = 12, .ofs_x = 1, .ofs_y = 0},
    {.bitmap_index = 2123, .adv_w = 199, .box_w = 12, .box_h = 12, .ofs_x = 0, .ofs_y = 0},
    {.bitmap_index = 2195, .adv_w = 171, .box_w = 9, .box_h = 12, .ofs_x = 1, .ofs_y = 0},
    {.bitmap_index = 2249, .adv_w = 199, .box_w = 12, .box_h = 13, .ofs_x = 0, .ofs_y = -1},
    {.bitmap_index = 2327, .adv_w = 185, .box_w = 11, .box_h = 12, .ofs_x = 1, .ofs_y = 0},
    {.bitmap_index = 2393, .adv_w = 171, .box_w = 10, .box_h = 12, .ofs_x = 0, .ofs_y = 0},
    {.bitmap_index = 2453, .adv_w = 156, .box_w = 10, .box_h = 12, .ofs_x = 0, .ofs_y = 0},
    {.bitmap_index = 2513, .adv_w = 185, .box_w = 10, .box_h = 12, .ofs_x = 1, .ofs_y = 0},
    {.bitmap_index = 2573, .adv_w = 171, .box_w = 11, .box_h = 12, .ofs_x = 0, .ofs_y = 0},
    {.bitmap_index = 2639, .adv_w = 242, .box_w = 15, .box_h = 12, .ofs_x = 0, .ofs_y = 0},
    {.bitmap_index = 2729, .adv_w = 171, .box_w = 11, .box_h = 12, .ofs_x = 0, .ofs_y = 0},
    {.bitmap_index = 2795, .adv_w = 171, .box_w = 11, .box_h = 12, .ofs_x = 0, .ofs_y = 0},
    {.bitmap_index = 2861, .adv_w = 156, .box_w = 10, .box_h = 12, .ofs_x = 0, .ofs_y = 0},
    {.bitmap_index = 2921, .adv_w = 71, .box_w = 4, .box_h = 15, .ofs_x = 1, .ofs_y = -3},
    {.bitmap_index = 2951, .adv_w = 71, .box_w = 5, .box_h = 12, .ofs_x = 0, .ofs_y = 0},
    {.bitmap_index = 2981, .adv_w = 71, .box_w = 4, .box_h = 15, .ofs_x = 0, .ofs_y = -3},
    {.bitmap_index = 3011, .adv_w = 120, .box_w = 8, .box_h = 7, .ofs_x = 0, .ofs_y = 6},
    {.bitmap_index = 3039, .adv_w = 128, .box_w = 10, .box_h = 1, .ofs_x = -1, .ofs_y = -2},
    {.bitmap_index = 3044, .adv_w = 85, .box_w = 4, .box_h = 3, .ofs_x = 0, .ofs_y = 10},
    {.bitmap_index = 3050, .adv_w = 142, .box_w = 9, .box_h = 9, .ofs_x = 0, .ofs_y = 0},
    {.bitmap_index = 3091, .adv_w = 142, .box_w = 8, .box_h = 12, .ofs_x = 1, .ofs_y = 0},
    {.bitmap_index = 3139, .adv_w = 128, .box_w = 8, .box_h = 9, .ofs_x = 0, .ofs_y = 0},
    {.bitmap_index = 3175, .adv_w = 142, .box_w = 8, .box_h = 12, .ofs_x = 0, .ofs_y = 0},
    {.bitmap_index = 3223, .adv_w = 142, .box_w = 9, .box_h = 9, .ofs_x = 0, .ofs_y = 0},
    {.bitmap_index = 3264, .adv_w = 71, .box_w = 5, .box_h = 12, .ofs_x = 0, .ofs_y = 0},
    {.bitmap_index = 3294, .adv_w = 142, .box_w = 8, .box_h = 12, .ofs_x = 0, .ofs_y = -3},
    {.bitmap_index = 3342, .adv_w = 142, .box_w = 7, .box_h = 12, .ofs_x = 1, .ofs_y = 0},
    {.bitmap_index = 3384, .adv_w = 57, .box_w = 2, .box_h = 12, .ofs_x = 1, .ofs_y = 0},
    {.bitmap_index = 3396, .adv_w = 57, .box_w = 4, .box_h = 15, .ofs_x = -1, .ofs_y = -3},
    {.bitmap_index = 3426, .adv_w = 128, .box_w = 7, .box_h = 12, .ofs_x = 1, .ofs_y = 0},
    {.bitmap_index = 3468, .adv_w = 57, .box_w = 2, .box_h = 12, .ofs_x = 1, .ofs_y = 0},
    {.bitmap_index = 3480, .adv_w = 213, .box_w = 12, .box_h = 9, .ofs_x = 1, .ofs_y = 0},
    {.bitmap_index = 3534, .adv_w = 142, .box_w = 7, .box_h = 9, .ofs_x = 1, .ofs_y = 0},
    {.bitmap_index = 3566, .adv_w = 142, .box_w = 9, .box_h = 9, .ofs_x = 0, .ofs_y = 0},
    {.bitmap_index = 3607, .adv_w = 142, .box_w = 8, .box_h = 12, .ofs_x = 1, .ofs_y = -3},
    {.bitmap_index = 3655, .adv_w = 142, .box_w = 8, .box_h = 12, .ofs_x = 0, .ofs_y = -3},
    {.bitmap_index = 3703, .adv_w = 85, .box_w = 5, .box_h = 9, .ofs_x = 1, .ofs_y = 0},
    {.bitmap_index = 3726, .adv_w = 128, .box_w = 8, .box_h = 9, .ofs_x = 0, .ofs_y = 0},
    {.bitmap_index = 3762, .adv_w = 71, .box_w = 5, .box_h = 13, .ofs_x = 0, .ofs_y = 0},
    {.bitmap_index = 3795, .adv_w = 142, .box_w = 7, .box_h = 9, .ofs_x = 1, .ofs_y = 0},
    {.bitmap_index = 3827, .adv_w = 128, .box_w = 8, .box_h = 9, .ofs_x = 0, .ofs_y = 0},
    {.bitmap_index = 3863, .adv_w = 185, .box_w = 12, .box_h = 9, .ofs_x = 0, .ofs_y = 0},
    {.bitmap_index = 3917, .adv_w = 128, .box_w = 8, .box_h = 9, .ofs_x = 0, .ofs_y = 0},
    {.bitmap_index = 3953, .adv_w = 128, .box_w = 8, .box_h = 12, .ofs_x = 0, .ofs_y = -3},
    {.bitmap_index = 4001, .adv_w = 128, .box_w = 8, .box_h = 9, .ofs_x = 0, .ofs_y = 0},
    {.bitmap_index = 4037, .adv_w = 86, .box_w = 5, .box_h = 15, .ofs_x = 0, .ofs_y = -3},
    {.bitmap_index = 4075, .adv_w = 67, .box_w = 2, .box_h = 15, .ofs_x = 1, .ofs_y = -3},
    {.bitmap_index = 4090, .adv_w = 86, .box_w = 5, .box_h = 15, .ofs_x = 0, .ofs_y = -3},
    {.bitmap_index = 4128, .adv_w = 150, .box_w = 9, .box_h = 4, .ofs_x = 0, .ofs_y = 4},
    {.bitmap_index = 4146, .adv_w = 102, .box_w = 5, .box_h = 5, .ofs_x = 1, .ofs_y = 8},
    {.bitmap_index = 4159, .adv_w = 256, .box_w = 0, .box_h = 0, .ofs_x = 0, .ofs_y = 0},
    {.bitmap_index = 4159, .adv_w = 256, .box_w = 14, .box_h = 3, .ofs_x = 1, .ofs_y = 5},
    {.bitmap_index = 4180, .adv_w = 256, .box_w = 15, .box_h = 14, .ofs_x = 1, .ofs_y = -1},
    {.bitmap_index = 4285, .adv_w = 256, .box_w = 12, .box_h = 14, .ofs_x = 2, .ofs_y = -1},
    {.bitmap_index = 4369, .adv_w = 256, .box_w = 15, .box_h = 14, .ofs_x = 1, .ofs_y = -1},
    {.bitmap_index = 4474, .adv_w = 256, .box_w = 16, .box_h = 15, .ofs_x = 0, .ofs_y = -2},
    {.bitmap_index = 4594, .adv_w = 256, .box_w = 16, .box_h = 15, .ofs_x = 0, .ofs_y = -1},
    {.bitmap_index = 4714, .adv_w = 256, .box_w = 16, .box_h = 15, .ofs_x = 0, .ofs_y = -1},
    {.bitmap_index = 4834, .adv_w = 256, .box_w = 14, .box_h = 15, .ofs_x = 1, .ofs_y = -1},
    {.bitmap_index = 4939, .adv_w = 256, .box_w = 15, .box_h = 14, .ofs_x = 1, .ofs_y = -1},
    {.bitmap_index = 5044, .adv_w = 256, .box_w = 16, .box_h = 15, .ofs_x = 0, .ofs_y = -2},
    {.bitmap_index = 5164, .adv_w = 256, .box_w = 16, .box_h = 14, .ofs_x = 0, .ofs_y = -1},
    {.bitmap_index = 5276, .adv_w = 256, .box_w = 12, .box_h = 14, .ofs_x = 2, .ofs_y = -1},
    {.bitmap_index = 5360, .adv_w = 256, .box_w = 14, .box_h = 15, .ofs_x = 1, .ofs_y = -2},
    {.bitmap_index = 5465, .adv_w = 256, .box_w = 14, .box_h = 16, .ofs_x = 1, .ofs_y = -2},
    {.bitmap_index = 5577, .adv_w = 256, .box_w = 14, .box_h = 15, .ofs_x = 1, .ofs_y = -2},
    {.bitmap_index = 5682, .adv_w = 256, .box_w = 14, .box_h = 15, .ofs_x = 1, .ofs_y = -2},
    {.bitmap_index = 5787, .adv_w = 256, .box_w = 16, .box_h = 15, .ofs_x = 0, .ofs_y = -1},
    {.bitmap_index = 5907, .adv_w = 256, .box_w = 16, .box_h = 14, .ofs_x = 0, .ofs_y = -1},
    {.bitmap_index = 6019, .adv_w = 256, .box_w = 13, .box_h = 14, .ofs_x = 2, .ofs_y = -1},
    {.bitmap_index = 6110, .adv_w = 256, .box_w = 15, .box_h = 14, .ofs_x = 1, .ofs_y = -1},
    {.bitmap_index = 6215, .adv_w = 256, .box_w = 16, .box_h = 14, .ofs_x = 0, .ofs_y = -1},
    {.bitmap_index = 6327, .adv_w = 256, .box_w = 14, .box_h = 14, .ofs_x = 1, .ofs_y = -1},
    {.bitmap_index = 6425, .adv_w = 256, .box_w = 14, .box_h = 15, .ofs_x = 1, .ofs_y = -1},
    {.bitmap_index = 6530, .adv_w = 256, .box_w = 14, .box_h = 14, .ofs_x = 1, .ofs_y = -1},
    {.bitmap_index = 6628, .adv_w = 256, .box_w = 16, .box_h = 15, .ofs_x = 0, .ofs_y = -2},
    {.bitmap_index = 6748, .adv_w = 256, .box_w = 14, .box_h = 15, .ofs_x = 1, .ofs_y = -2},
    {.bitmap_index = 6853, .adv_w = 256, .box_w = 16, .box_h = 15, .ofs_x = 0, .ofs_y = -1},
    {.bitmap_index = 6973, .adv_w = 256, .box_w = 16, .box_h = 15, .ofs_x = 0, .ofs_y = -2},
    {.bitmap_index = 7093, .adv_w = 256, .box_w = 14, .box_h = 15, .ofs_x = 1, .ofs_y = -1},
    {.bitmap_index = 7198, .adv_w = 256, .box_w = 14, .box_h = 15, .ofs_x = 1, .ofs_y = -1},
    {.bitmap_index = 7303, .adv_w = 256, .box_w = 15, .box_h = 14, .ofs_x = 1, .ofs_y = -1},
    {.bitmap_index = 7408, .adv_w = 256, .box_w = 15, .box_h = 15, .ofs_x = 1, .ofs_y = -2},
    {.bitmap_index = 7521, .adv_w = 256, .box_w = 16, .box_h = 15, .ofs_x = 0, .ofs_y = -2},
    {.bitmap_index = 7641, .adv_w = 256, .box_w = 16, .box_h = 14, .ofs_x = 0, .ofs_y = -1},
    {.bitmap_index = 7753, .adv_w = 256, .box_w = 15, .box_h = 15, .ofs_x = 1, .ofs_y = -2},
    {.bitmap_index = 7866, .adv_w = 256, .box_w = 15, .box_h = 15, .ofs_x = 1, .ofs_y = -2},
    {.bitmap_index = 7979, .adv_w = 256, .box_w = 15, .box_h = 15, .ofs_x = 1, .ofs_y = -2},
    {.bitmap_index = 8092, .adv_w = 256, .box_w = 14, .box_h = 14, .ofs_x = 1, .ofs_y = -1},
    {.bitmap_index = 8190, .adv_w = 256, .box_w = 16, .box_h = 15, .ofs_x = 0, .ofs_y = -2},
    {.bitmap_index = 8310, .adv_w = 256, .box_w = 15, .box_h = 15, .ofs_x = 1, .ofs_y = -1},
    {.bitmap_index = 8423, .adv_w = 256, .box_w = 16, .box_h = 14, .ofs_x = 0, .ofs_y = -1},
    {.bitmap_index = 8535, .adv_w = 256, .box_w = 15, .box_h = 15, .ofs_x = 0, .ofs_y = -1},
    {.bitmap_index = 8648, .adv_w = 256, .box_w = 16, .box_h = 14, .ofs_x = 0, .ofs_y = -1},
    {.bitmap_index = 8760, .adv_w = 256, .box_w = 16, .box_h = 15, .ofs_x = 0, .ofs_y = -1},
    {.bitmap_index = 8880, .adv_w = 256, .box_w = 15, .box_h = 14, .ofs_x = 0, .ofs_y = -1},
    {.bitmap_index = 8985, .adv_w = 256, .box_w = 16, .box_h = 15, .ofs_x = 0, .ofs_y = -2},
    {.bitmap_index = 9105, .adv_w = 256, .box_w = 16, .box_h = 16, .ofs_x = 0, .ofs_y = -2},
    {.bitmap_index = 9233, .adv_w = 256, .box_w = 14, .box_h = 15, .ofs_x = 1, .ofs_y = -1},
    {.bitmap_index = 9338, .adv_w = 256, .box_w = 14, .box_h = 14, .ofs_x = 1, .ofs_y = -1},
    {.bitmap_index = 9436, .adv_w = 256, .box_w = 16, .box_h = 15, .ofs_x = 0, .ofs_y = -2},
    {.bitmap_index = 9556, .adv_w = 256, .box_w = 15, .box_h = 15, .ofs_x = 0, .ofs_y = -2},
    {.bitmap_index = 9669, .adv_w = 256, .box_w = 16, .box_h = 15, .ofs_x = 0, .ofs_y = -2},
    {.bitmap_index = 9789, .adv_w = 256, .box_w = 16, .box_h = 15, .ofs_x = 0, .ofs_y = -1},
    {.bitmap_index = 9909, .adv_w = 256, .box_w = 16, .box_h = 16, .ofs_x = 0, .ofs_y = -2},
    {.bitmap_index = 10037, .adv_w = 256, .box_w = 15, .box_h = 16, .ofs_x = 1, .ofs_y = -2},
    {.bitmap_index = 10157, .adv_w = 256, .box_w = 16, .box_h = 15, .ofs_x = 0, .ofs_y = -2},
    {.bitmap_index = 10277, .adv_w = 256, .box_w = 16, .box_h = 15, .ofs_x = 0, .ofs_y = -1},
    {.bitmap_index = 10397, .adv_w = 256, .box_w = 13, .box_h = 15, .ofs_x = 1, .ofs_y = -2},
    {.bitmap_index = 10495, .adv_w = 256, .box_w = 15, .box_h = 14, .ofs_x = 1, .ofs_y = -1},
    {.bitmap_index = 10600, .adv_w = 256, .box_w = 14, .box_h = 14, .ofs_x = 1, .ofs_y = -1},
    {.bitmap_index = 10698, .adv_w = 256, .box_w = 15, .box_h = 15, .ofs_x = 1, .ofs_y = -2},
    {.bitmap_index = 10811, .adv_w = 256, .box_w = 16, .box_h = 15, .ofs_x = 0, .ofs_y = -2},
    {.bitmap_index = 10931, .adv_w = 256, .box_w = 15, .box_h = 15, .ofs_x = 0, .ofs_y = -1},
    {.bitmap_index = 11044, .adv_w = 256, .box_w = 15, .box_h = 15, .ofs_x = 1, .ofs_y = -2},
    {.bitmap_index = 11157, .adv_w = 256, .box_w = 15, .box_h = 14, .ofs_x = 1, .ofs_y = -1},
    {.bitmap_index = 11262, .adv_w = 256, .box_w = 15, .box_h = 14, .ofs_x = 0, .ofs_y = -1},
    {.bitmap_index = 11367, .adv_w = 256, .box_w = 16, .box_h = 15, .ofs_x = 0, .ofs_y = -2},
    {.bitmap_index = 11487, .adv_w = 256, .box_w = 15, .box_h = 14, .ofs_x = 1, .ofs_y = -1},
    {.bitmap_index = 11592, .adv_w = 256, .box_w = 15, .box_h = 15, .ofs_x = 0, .ofs_y = -2},
    {.bitmap_index = 11705, .adv_w = 256, .box_w = 15, .box_h = 14, .ofs_x = 0, .ofs_y = -1},
    {.bitmap_index = 11810, .adv_w = 256, .box_w = 16, .box_h = 15, .ofs_x = 0, .ofs_y = -1},
    {.bitmap_index = 11930, .adv_w = 256, .box_w = 16, .box_h = 16, .ofs_x = 0, .ofs_y = -2},
    {.bitmap_index = 12058, .adv_w = 256, .box_w = 16, .box_h = 15, .ofs_x = 0, .ofs_y = -2},
    {.bitmap_index = 12178, .adv_w = 256, .box_w = 15, .box_h = 14, .ofs_x = 1, .ofs_y = -1},
    {.bitmap_index = 12283, .adv_w = 256, .box_w = 16, .box_h = 16, .ofs_x = 0, .ofs_y = -2},
    {.bitmap_index = 12411, .adv_w = 256, .box_w = 15, .box_h = 14, .ofs_x = 0, .ofs_y = -1},
    {.bitmap_index = 12516, .adv_w = 256, .box_w = 16, .box_h = 14, .ofs_x = 0, .ofs_y = -1},
    {.bitmap_index = 12628, .adv_w = 256, .box_w = 15, .box_h = 15, .ofs_x = 1, .ofs_y = -2},
    {.bitmap_index = 12741, .adv_w = 256, .box_w = 16, .box_h = 14, .ofs_x = 0, .ofs_y = -1},
    {.bitmap_index = 12853, .adv_w = 256, .box_w = 14, .box_h = 15, .ofs_x = 1, .ofs_y = -2},
    {.bitmap_index = 12958, .adv_w = 256, .box_w = 16, .box_h = 16, .ofs_x = 0, .ofs_y = -2},
    {.bitmap_index = 13086, .adv_w = 256, .box_w = 16, .box_h = 15, .ofs_x = 0, .ofs_y = -2},
    {.bitmap_index = 13206, .adv_w = 256, .box_w = 16, .box_h = 16, .ofs_x = 0, .ofs_y = -2},
    {.bitmap_index = 13334, .adv_w = 256, .box_w = 15, .box_h = 15, .ofs_x = 0, .ofs_y = -1},
    {.bitmap_index = 13447, .adv_w = 256, .box_w = 16, .box_h = 16, .ofs_x = 0, .ofs_y = -2},
    {.bitmap_index = 13575, .adv_w = 256, .box_w = 16, .box_h = 15, .ofs_x = 0, .ofs_y = -2},
    {.bitmap_index = 13695, .adv_w = 256, .box_w = 16, .box_h = 14, .ofs_x = 0, .ofs_y = -1},
    {.bitmap_index = 13807, .adv_w = 256, .box_w = 15, .box_h = 15, .ofs_x = 1, .ofs_y = -2},
    {.bitmap_index = 13920, .adv_w = 256, .box_w = 15, .box_h = 14, .ofs_x = 0, .ofs_y = -1},
    {.bitmap_index = 14025, .adv_w = 256, .box_w = 16, .box_h = 14, .ofs_x = 0, .ofs_y = -1},
    {.bitmap_index = 14137, .adv_w = 256, .box_w = 15, .box_h = 15, .ofs_x = 0, .ofs_y = -1},
    {.bitmap_index = 14250, .adv_w = 256, .box_w = 16, .box_h = 14, .ofs_x = 0, .ofs_y = -1},
    {.bitmap_index = 14362, .adv_w = 256, .box_w = 14, .box_h = 14, .ofs_x = 1, .ofs_y = -1},
    {.bitmap_index = 14460, .adv_w = 256, .box_w = 16, .box_h = 15, .ofs_x = 0, .ofs_y = -1},
    {.bitmap_index = 14580, .adv_w = 256, .box_w = 15, .box_h = 15, .ofs_x = 1, .ofs_y = -1},
    {.bitmap_index = 14693, .adv_w = 256, .box_w = 15, .box_h = 15, .ofs_x = 1, .ofs_y = -1},
    {.bitmap_index = 14806, .adv_w = 256, .box_w = 16, .box_h = 15, .ofs_x = 0, .ofs_y = -1},
    {.bitmap_index = 14926, .adv_w = 256, .box_w = 15, .box_h = 16, .ofs_x = 0, .ofs_y = -1},
    {.bitmap_index = 15046, .adv_w = 256, .box_w = 15, .box_h = 14, .ofs_x = 0, .ofs_y = -1},
    {.bitmap_index = 15151, .adv_w = 256, .box_w = 15, .box_h = 16, .ofs_x = 0, .ofs_y = -2},
    {.bitmap_index = 15271, .adv_w = 256, .box_w = 16, .box_h = 16, .ofs_x = 0, .ofs_y = -2},
    {.bitmap_index = 15399, .adv_w = 256, .box_w = 16, .box_h = 15, .ofs_x = 0, .ofs_y = -1},
    {.bitmap_index = 15519, .adv_w = 256, .box_w = 14, .box_h = 14, .ofs_x = 1, .ofs_y = -1},
    {.bitmap_index = 15617, .adv_w = 256, .box_w = 16, .box_h = 15, .ofs_x = 0, .ofs_y = -1},
    {.bitmap_index = 15737, .adv_w = 256, .box_w = 14, .box_h = 15, .ofs_x = 1, .ofs_y = -2},
    {.bitmap_index = 15842, .adv_w = 256, .box_w = 14, .box_h = 14, .ofs_x = 1, .ofs_y = -1},
    {.bitmap_index = 15940, .adv_w = 256, .box_w = 14, .box_h = 14, .ofs_x = 1, .ofs_y = -1},
    {.bitmap_index = 16038, .adv_w = 256, .box_w = 15, .box_h = 14, .ofs_x = 0, .ofs_y = -1},
    {.bitmap_index = 16143, .adv_w = 256, .box_w = 15, .box_h = 14, .ofs_x = 1, .ofs_y = -1},
    {.bitmap_index = 16248, .adv_w = 256, .box_w = 16, .box_h = 14, .ofs_x = 0, .ofs_y = -1},
    {.bitmap_index = 16360, .adv_w = 256, .box_w = 14, .box_h = 15, .ofs_x = 1, .ofs_y = -2},
    {.bitmap_index = 16465, .adv_w = 256, .box_w = 16, .box_h = 16, .ofs_x = 0, .ofs_y = -1},
    {.bitmap_index = 16593, .adv_w = 256, .box_w = 15, .box_h = 15, .ofs_x = 0, .ofs_y = -2},
    {.bitmap_index = 16706, .adv_w = 256, .box_w = 16, .box_h = 15, .ofs_x = 0, .ofs_y = -2},
    {.bitmap_index = 16826, .adv_w = 256, .box_w = 16, .box_h = 14, .ofs_x = 0, .ofs_y = -1},
    {.bitmap_index = 16938, .adv_w = 256, .box_w = 16, .box_h = 15, .ofs_x = 0, .ofs_y = -2},
    {.bitmap_index = 17058, .adv_w = 256, .box_w = 16, .box_h = 15, .ofs_x = 0, .ofs_y = -2},
    {.bitmap_index = 17178, .adv_w = 256, .box_w = 16, .box_h = 15, .ofs_x = 0, .ofs_y = -2},
    {.bitmap_index = 17298, .adv_w = 256, .box_w = 15, .box_h = 16, .ofs_x = 1, .ofs_y = -2},
    {.bitmap_index = 17418, .adv_w = 256, .box_w = 16, .box_h = 16, .ofs_x = 0, .ofs_y = -2},
    {.bitmap_index = 17546, .adv_w = 256, .box_w = 16, .box_h = 14, .ofs_x = 0, .ofs_y = -1},
    {.bitmap_index = 17658, .adv_w = 256, .box_w = 16, .box_h = 14, .ofs_x = 0, .ofs_y = -1},
    {.bitmap_index = 17770, .adv_w = 256, .box_w = 16, .box_h = 15, .ofs_x = 0, .ofs_y = -1},
    {.bitmap_index = 17890, .adv_w = 256, .box_w = 16, .box_h = 16, .ofs_x = 0, .ofs_y = -2},
    {.bitmap_index = 18018, .adv_w = 256, .box_w = 15, .box_h = 15, .ofs_x = 1, .ofs_y = -2},
    {.bitmap_index = 18131, .adv_w = 256, .box_w = 15, .box_h = 15, .ofs_x = 1, .ofs_y = -1},
    {.bitmap_index = 18244, .adv_w = 256, .box_w = 15, .box_h = 15, .ofs_x = 1, .ofs_y = -1},
    {.bitmap_index = 18357, .adv_w = 256, .box_w = 16, .box_h = 15, .ofs_x = 0, .ofs_y = -1},
    {.bitmap_index = 18477, .adv_w = 256, .box_w = 16, .box_h = 15, .ofs_x = 0, .ofs_y = -2},
    {.bitmap_index = 18597, .adv_w = 256, .box_w = 13, .box_h = 14, .ofs_x = 1, .ofs_y = -1},
    {.bitmap_index = 18688, .adv_w = 256, .box_w = 15, .box_h = 14, .ofs_x = 1, .ofs_y = -1},
    {.bitmap_index = 18793, .adv_w = 256, .box_w = 15, .box_h = 15, .ofs_x = 1, .ofs_y = -1},
    {.bitmap_index = 18906, .adv_w = 256, .box_w = 15, .box_h = 15, .ofs_x = 1, .ofs_y = -1},
    {.bitmap_index = 19019, .adv_w = 256, .box_w = 16, .box_h = 15, .ofs_x = 0, .ofs_y = -1},
    {.bitmap_index = 19139, .adv_w = 256, .box_w = 15, .box_h = 14, .ofs_x = 1, .ofs_y = -1},
    {.bitmap_index = 19244, .adv_w = 256, .box_w = 14, .box_h = 14, .ofs_x = 1, .ofs_y = -1},
    {.bitmap_index = 19342, .adv_w = 256, .box_w = 14, .box_h = 14, .ofs_x = 1, .ofs_y = -1},
    {.bitmap_index = 19440, .adv_w = 256, .box_w = 14, .box_h = 15, .ofs_x = 1, .ofs_y = -2},
    {.bitmap_index = 19545, .adv_w = 256, .box_w = 16, .box_h = 14, .ofs_x = 0, .ofs_y = -1},
    {.bitmap_index = 19657, .adv_w = 256, .box_w = 14, .box_h = 14, .ofs_x = 1, .ofs_y = -1},
    {.bitmap_index = 19755, .adv_w = 256, .box_w = 15, .box_h = 15, .ofs_x = 1, .ofs_y = -2},
    {.bitmap_index = 19868, .adv_w = 256, .box_w = 16, .box_h = 15, .ofs_x = 0, .ofs_y = -2},
    {.bitmap_index = 19988, .adv_w = 256, .box_w = 15, .box_h = 14, .ofs_x = 0, .ofs_y = -1},
    {.bitmap_index = 20093, .adv_w = 256, .box_w = 14, .box_h = 15, .ofs_x = 1, .ofs_y = -2},
    {.bitmap_index = 20198, .adv_w = 256, .box_w = 14, .box_h = 15, .ofs_x = 1, .ofs_y = -2},
    {.bitmap_index = 20303, .adv_w = 256, .box_w = 16, .box_h = 15, .ofs_x = 0, .ofs_y = -2},
    {.bitmap_index = 20423, .adv_w = 256, .box_w = 15, .box_h = 14, .ofs_x = 1, .ofs_y = -1},
    {.bitmap_index = 20528, .adv_w = 256, .box_w = 2, .box_h = 5, .ofs_x = 7, .ofs_y = -3}
};

/*---------------------
 *  CHARACTER MAPPING
 *--------------------*/

static const uint16_t unicode_list_1[] = {
    0x0, 0x2f50, 0x4d50, 0x4d5d, 0x4d7d, 0x4d9b, 0x4ddb, 0x4e61,
    0x4eed, 0x5091, 0x50dd, 0x5100, 0x511d, 0x514a, 0x5156, 0x519d,
    0x51ab, 0x5225, 0x5266, 0x5267, 0x5290, 0x52a7, 0x5326, 0x533f,
    0x5340, 0x549f, 0x5559, 0x5662, 0x574a, 0x57c5, 0x586a, 0x5877,
    0x5879, 0x5881, 0x5aea, 0x5aec, 0x5b16, 0x5b5f, 0x5b9f, 0x5d52,
    0x5df6, 0x5e87, 0x5ec0, 0x5ee7, 0x5f13, 0x5f45, 0x606f, 0x609e,
    0x6190, 0x619b, 0x619d, 0x61e5, 0x62d3, 0x631f, 0x6366, 0x6442,
    0x64a7, 0x64e9, 0x6500, 0x655e, 0x6592, 0x65c4, 0x6604, 0x6644,
    0x6659, 0x667a, 0x66c1, 0x66e7, 0x66ec, 0x6767, 0x6793, 0x68c5,
    0x69af, 0x6a71, 0x6ab4, 0x6b2b, 0x6b73, 0x6b92, 0x6bb0, 0x6be9,
    0x6d2e, 0x6da6, 0x6dfb, 0x6ede, 0x6f25, 0x700a, 0x7071, 0x7101,
    0x7330, 0x7670, 0x780c, 0x78a6, 0x78ae, 0x7922, 0x7a1b, 0x7a49,
    0x7a61, 0x7a7c, 0x7a9a, 0x7c80, 0x7ca0, 0x7d02, 0x7d2a, 0x7d73,
    0x7ea5, 0x7ef9, 0x7f5c, 0x7fa6, 0x814a, 0x8201, 0x8227, 0x843e,
    0x857d, 0x879c, 0x88db, 0x897d, 0x89b6, 0x89f0, 0x89f4, 0x8a1b,
    0x8c17, 0x8d3f, 0x8f6f, 0x8f73, 0x8f9e, 0x9059, 0x909d, 0x911d,
    0x9121, 0x927f, 0x92fe, 0x94d0, 0x95b3, 0x95c0, 0x95d6, 0x9614,
    0x9638, 0x963a, 0x9642, 0x9647, 0x9649, 0x964b, 0x9677, 0x97f8,
    0x98fc, 0x9a24, 0x9a28, 0x9e28, 0x9e2e, 0xfe5c
};

/*Collect the unicode lists and glyph_id offsets*/
static const lv_font_fmt_txt_cmap_t cmaps[] =
{
    {
        .range_start = 32, .range_length = 95, .glyph_id_start = 1,
        .unicode_list = NULL, .glyph_id_ofs_list = NULL, .list_length = 0, .type = LV_FONT_FMT_TXT_CMAP_FORMAT0_TINY
    },
    {
        .range_start = 176, .range_length = 65117, .glyph_id_start = 96,
        .unicode_list = unicode_list_1, .glyph_id_ofs_list = NULL, .list_length = 150, .type = LV_FONT_FMT_TXT_CMAP_SPARSE_TINY
    }
};



/*--------------------
 *  ALL CUSTOM DATA
 *--------------------*/

#if LVGL_VERSION_MAJOR == 8
/*Store all the custom data of the font*/
static  lv_font_fmt_txt_glyph_cache_t cache;
#endif

#if LVGL_VERSION_MAJOR >= 8
static const lv_font_fmt_txt_dsc_t font_dsc = {
#else
static lv_font_fmt_txt_dsc_t font_dsc = {
#endif
    .glyph_bitmap = glyph_bitmap,
    .glyph_dsc = glyph_dsc,
    .cmaps = cmaps,
    .kern_dsc = NULL,
    .kern_scale = 0,
    .cmap_num = 2,
    .bpp = 4,
    .kern_classes = 0,
    .bitmap_format = 0,
#if LVGL_VERSION_MAJOR == 8
    .cache = &cache
#endif
};



/*-----------------
 *  PUBLIC FONT
 *----------------*/

/*Initialize a public general font descriptor*/
#if LVGL_VERSION_MAJOR >= 8
const lv_font_t font_zh_16 = {
#else
lv_font_t font_zh_16 = {
#endif
    .get_glyph_dsc = lv_font_get_glyph_dsc_fmt_txt,    /*Function pointer to get glyph's data*/
    .get_glyph_bitmap = lv_font_get_bitmap_fmt_txt,    /*Function pointer to get glyph's bitmap*/
    .line_height = 18,          /*The maximum line height required by the font*/
    .base_line = 3,             /*Baseline measured from the bottom of the line*/
#if !(LVGL_VERSION_MAJOR == 6 && LVGL_VERSION_MINOR == 0)
    .subpx = LV_FONT_SUBPX_NONE,
#endif
#if LV_VERSION_CHECK(7, 4, 0) || LVGL_VERSION_MAJOR >= 8
    .underline_position = -2,
    .underline_thickness = 1,
#endif
    .dsc = &font_dsc,          /*The custom font data. Will be accessed by `get_glyph_bitmap/dsc` */
#if LV_VERSION_CHECK(8, 2, 0) || LVGL_VERSION_MAJOR >= 9
    .fallback = NULL,
#endif
    .user_data = NULL,
};



#endif /*#if FONT_ZH_16*/
