// 由 scripts/gen-sprites.sh 產生，請勿手動編輯
#include "lvgl.h"

static const uint8_t blk_flat_map[] = {
    0x00, 0x00, 0x00, 0x00, 0x00, 0x00, 0x00, 0x00, 0x00, 0x00, 0x00, 0x00, 0x00, 0x00, 0x00, 0x00,
    0x00, 0x00, 0x00, 0x00, 0x00, 0x00, 0x00, 0x00, 0x00, 0x00, 0x00, 0x00, 0x00, 0x00, 0x00, 0x00,
    0x00, 0x00, 0x00, 0x00, 0x00, 0x00, 0x00, 0x00, 0x00, 0x00, 0x00, 0x00, 0x00, 0x00, 0x00, 0x00,
    0x00, 0x00, 0x00, 0x00, 0x00, 0x00, 0x00, 0x00, 0x00, 0x00, 0x00, 0x00, 0x00, 0x00, 0x00, 0x00,
    0x00, 0x00, 0x00, 0x00, 0x00, 0x00, 0x00, 0x00, 0x00, 0x00, 0x00, 0x00, 0x00, 0x00, 0x00, 0x00,
    0x00, 0x00, 0x00, 0x00, 0x00, 0x00, 0x00, 0x00, 0x00, 0x00, 0x00, 0x00, 0x00, 0x00, 0x00, 0x00,
    0x00, 0x00, 0x00, 0x00, 0x00, 0x00, 0x00, 0x00, 0x00, 0x00, 0x00, 0x00, 0x00, 0x00, 0x00, 0x00,
    0x00, 0x00, 0x00, 0x00, 0x00, 0x00, 0x00, 0x00, 0x00, 0x00, 0x00, 0x00, 0x00, 0x00, 0x00, 0x00,
    0x00, 0x00, 0x00, 0x00, 0x00, 0x00, 0x00, 0x00, 0x00, 0x00, 0x00, 0x00, 0x00, 0x00, 0x00, 0x00,
    0x00, 0x00, 0x00, 0x00, 0x00, 0x00, 0x00, 0x00, 0x00, 0x00, 0x00, 0x00, 0x00, 0x00, 0x00, 0x00,
    0x00, 0x00, 0x00, 0x00, 0x00, 0x00, 0x00, 0x00, 0x00, 0x00, 0x00, 0x00, 0x00, 0x00, 0x00, 0x00,
    0x00, 0x00, 0x00, 0x00, 0x00, 0x00, 0x00, 0x00, 0x00, 0x00, 0x00, 0x00, 0x00, 0x00, 0x00, 0x00,
    0x00, 0x00, 0x00, 0x00, 0x00, 0x00, 0x00, 0x00, 0x00, 0x00, 0x00, 0x00, 0x00, 0x00, 0x00, 0x00,
    0x00, 0x00, 0x00, 0x00, 0x00, 0x00, 0x00, 0x00, 0x00, 0x00, 0x00, 0x00, 0x00, 0x00, 0x00, 0x00,
    0x00, 0x00, 0x00, 0x00, 0x00, 0x00, 0x00, 0x00, 0x00, 0x00, 0x00, 0x00, 0x00, 0x00, 0x00, 0x00,
    0x00, 0x00, 0x00, 0x00, 0x00, 0x00, 0x00, 0x00, 0x00, 0x00, 0x00, 0x00, 0x00, 0x00, 0x00, 0x00,
    0x00, 0x00, 0x00, 0x00, 0x00, 0x00, 0x00, 0x00, 0x00, 0x00, 0x00, 0x00, 0x00, 0x00, 0x00, 0x00,
    0x00, 0x00, 0x00, 0x00, 0x00, 0x00, 0x00, 0x00, 0x00, 0x00, 0x00, 0x00, 0x00, 0x00, 0x00, 0x00,
    0x00, 0x00, 0x00, 0x00, 0x00, 0x00, 0x00, 0x00, 0x00, 0x00, 0x00, 0x00, 0x00, 0x00, 0x00, 0x00,
    0x00, 0x00, 0x00, 0x00, 0x00, 0x00, 0x00, 0x00, 0x00, 0x00, 0x00, 0x00, 0x00, 0x00, 0x00, 0x00,
    0x00, 0x00, 0x00, 0x00, 0x00, 0x00, 0x00, 0x00, 0x00, 0x00, 0x00, 0x00, 0x00, 0x00, 0x00, 0x00,
    0x00, 0x00, 0x00, 0x00, 0x00, 0x00, 0x00, 0x00, 0x00, 0x00, 0x00, 0x00, 0x00, 0x00, 0x00, 0x00,
    0x00, 0x00, 0x00, 0x00, 0x00, 0x00, 0x00, 0x00, 0x00, 0x00, 0x00, 0x00, 0x00, 0x00, 0x00, 0x00,
    0x00, 0x00, 0x00, 0x00, 0x00, 0x00, 0x00, 0x00, 0x00, 0x00, 0x00, 0x00, 0x00, 0x00, 0x00, 0x00,
    0x00, 0x00, 0x00, 0x00, 0x00, 0x00, 0x00, 0x00, 0x00, 0x00, 0x00, 0x00, 0x00, 0x00, 0x00, 0x00,
    0x00, 0x00, 0x00, 0x00, 0x00, 0x00, 0x00, 0x00, 0x00, 0x00, 0x00, 0x00, 0x00, 0x00, 0x00, 0x00,
    0x00, 0x00, 0x00, 0x00, 0x00, 0x00, 0x00, 0x00, 0x00, 0x00, 0x00, 0x00, 0x00, 0x00, 0x00, 0x00,
    0x00, 0x00, 0x00, 0x00, 0x00, 0x00, 0x00, 0x00, 0x00, 0x00, 0x00, 0x00, 0x00, 0x00, 0x00, 0x00,
    0x00, 0x00, 0x00, 0x00, 0x00, 0x00, 0x00, 0x00, 0x00, 0x00, 0x00, 0x00, 0x00, 0x00, 0x00, 0x00,
    0x00, 0x00, 0x00, 0x00, 0x00, 0x00, 0x00, 0x00, 0x00, 0x00, 0x00, 0x00, 0x00, 0x00, 0x00, 0x00,
    0x00, 0x00, 0x00, 0x00, 0x00, 0x00, 0x00, 0x00, 0x00, 0x00, 0x00, 0x00, 0x00, 0x00, 0x00, 0x00,
    0x00, 0x00, 0x00, 0x00, 0x00, 0x00, 0x00, 0x00, 0x00, 0x00, 0x00, 0x00, 0x00, 0x00, 0x00, 0x00,
    0x00, 0x00, 0x00, 0x00, 0x00, 0x00, 0x00, 0x00, 0x00, 0x00, 0x00, 0x00, 0x00, 0x00, 0x00, 0x00,
    0x0F, 0x0B, 0x4F, 0x40, 0x12, 0x0E, 0x59, 0xBF, 0x13, 0x0F, 0x5B, 0x80, 0x13, 0x0F, 0x5C, 0x50,
    0x0F, 0x0F, 0x4F, 0x10, 0x00, 0x00, 0x00, 0x00, 0x00, 0x00, 0x00, 0x00, 0x00, 0x00, 0x00, 0x00,
    0x00, 0x00, 0x00, 0x00, 0x00, 0x00, 0x00, 0x00, 0x00, 0x00, 0x00, 0x00, 0x00, 0x00, 0x00, 0x00,
    0x00, 0x00, 0x00, 0x00, 0x00, 0x00, 0x00, 0x00, 0x00, 0x00, 0x00, 0x00, 0x00, 0x00, 0x00, 0x00,
    0x00, 0x00, 0x00, 0x00, 0x00, 0x00, 0x00, 0x00, 0x00, 0x00, 0x00, 0x00, 0x00, 0x00, 0x00, 0x00,
    0x00, 0x00, 0x00, 0x00, 0x00, 0x00, 0x00, 0x00, 0x00, 0x00, 0x00, 0x00, 0x00, 0x00, 0x00, 0x00,
    0x00, 0x00, 0x00, 0x00, 0x00, 0x00, 0x00, 0x00, 0x00, 0x00, 0x00, 0x00, 0x00, 0x00, 0x00, 0x00,
    0x00, 0x00, 0x00, 0x00, 0x00, 0x00, 0x00, 0x00, 0x00, 0x00, 0x00, 0x00, 0x00, 0x00, 0x00, 0x00,
    0x00, 0x00, 0x00, 0x00, 0x00, 0x00, 0x00, 0x00, 0x00, 0x00, 0x00, 0x00, 0x00, 0x00, 0x00, 0x00,
    0x00, 0x00, 0x00, 0x00, 0x00, 0x00, 0x00, 0x00, 0x00, 0x00, 0x00, 0x00, 0x00, 0x00, 0x00, 0x00,
    0x00, 0x00, 0x00, 0x00, 0x00, 0x00, 0x00, 0x00, 0x00, 0x00, 0x00, 0x00, 0x00, 0x00, 0x00, 0x00,
    0x00, 0x00, 0x00, 0x00, 0x00, 0x00, 0x00, 0x00, 0x00, 0x00, 0x00, 0x00, 0x00, 0x00, 0x00, 0x00,
    0x00, 0x00, 0x00, 0x00, 0x00, 0x00, 0x00, 0x00, 0x00, 0x00, 0x00, 0x00, 0x00, 0x00, 0x00, 0x00,
    0x00, 0x00, 0x00, 0x00, 0x00, 0x00, 0x00, 0x00, 0x00, 0x00, 0x00, 0x00, 0x00, 0x00, 0x00, 0x00,
    0x00, 0x00, 0x00, 0x00, 0x00, 0x00, 0x00, 0x00, 0x00, 0x00, 0x00, 0x00, 0x00, 0x00, 0x00, 0x00,
    0x00, 0x00, 0x00, 0x00, 0x00, 0x00, 0x00, 0x00, 0x00, 0x00, 0x00, 0x00, 0x00, 0x00, 0x00, 0x00,
    0x00, 0x00, 0x00, 0x00, 0x00, 0x00, 0x00, 0x00, 0x00, 0x00, 0x00, 0x00, 0x00, 0x00, 0x00, 0x00,
    0x00, 0x00, 0x00, 0x00, 0x00, 0x00, 0x00, 0x00, 0x00, 0x00, 0x00, 0x00, 0x00, 0x00, 0x00, 0x00,
    0x00, 0x00, 0x00, 0x00, 0x00, 0x00, 0x00, 0x00, 0x00, 0x00, 0x00, 0x00, 0x00, 0x00, 0x00, 0x00,
    0x00, 0x00, 0x00, 0x00, 0x00, 0x00, 0x00, 0x00, 0x00, 0x00, 0x00, 0x00, 0x00, 0x00, 0x00, 0x00,
    0x00, 0x00, 0x00, 0x00, 0x00, 0x00, 0x00, 0x00, 0x00, 0x00, 0x00, 0x00, 0x00, 0x00, 0x00, 0x00,
    0x00, 0x00, 0x00, 0x00, 0x00, 0x00, 0x00, 0x00, 0x00, 0x00, 0x00, 0x00, 0x00, 0x00, 0x00, 0x00,
    0x00, 0x00, 0x00, 0x00, 0x00, 0x00, 0x00, 0x00, 0x00, 0x00, 0x00, 0x00, 0x00, 0x00, 0x00, 0x00,
    0x00, 0x00, 0x00, 0x00, 0x00, 0x00, 0x00, 0x00, 0x00, 0x00, 0x00, 0x00, 0x00, 0x00, 0x00, 0x00,
    0x00, 0x00, 0x00, 0x00, 0x00, 0x00, 0x00, 0x00, 0x00, 0x00, 0x00, 0x00, 0x00, 0x00, 0x00, 0x00,
    0x00, 0x00, 0x00, 0x00, 0x00, 0x00, 0x00, 0x00, 0x00, 0x00, 0x00, 0x00, 0x00, 0x00, 0x00, 0x00,
    0x00, 0x00, 0x00, 0x00, 0x00, 0x00, 0x00, 0x00, 0x00, 0x00, 0x00, 0x00, 0x00, 0x00, 0x00, 0x00,
    0x00, 0x00, 0x00, 0x00, 0x00, 0x00, 0x00, 0x00, 0x00, 0x00, 0x00, 0x00, 0x00, 0x00, 0x00, 0x00,
    0x00, 0x00, 0x00, 0x00, 0x00, 0x00, 0x00, 0x00, 0x00, 0x00, 0x00, 0x00, 0x00, 0x00, 0x00, 0x00,
    0x00, 0x00, 0x00, 0x00, 0x00, 0x00, 0x00, 0x00, 0x00, 0x00, 0x00, 0x00, 0x00, 0x00, 0x00, 0x00,
    0x00, 0x00, 0x00, 0x00, 0x00, 0x00, 0x00, 0x00, 0x00, 0x00, 0x00, 0x00, 0x00, 0x00, 0x00, 0x00,
    0x00, 0x00, 0x00, 0x00, 0x00, 0x00, 0x00, 0x00, 0x00, 0x00, 0x00, 0x00, 0x0F, 0x0F, 0x5F, 0x10,
    0x16, 0x13, 0x6C, 0x50, 0x13, 0x0F, 0x5F, 0x80, 0x12, 0x0E, 0x58, 0xBF, 0x0F, 0x0B, 0x4F, 0x40,
    0x12, 0x0E, 0x5B, 0xAF, 0x18, 0x13, 0x74, 0xFF, 0x18, 0x13, 0x74, 0xFF, 0x18, 0x13, 0x72, 0xFF,
    0x17, 0x12, 0x71, 0xEF, 0x16, 0x11, 0x69, 0xA0, 0x15, 0x0F, 0x5A, 0x30, 0x00, 0x00, 0x00, 0x00,
    0x00, 0x00, 0x00, 0x00, 0x00, 0x00, 0x00, 0x00, 0x00, 0x00, 0x00, 0x00, 0x00, 0x00, 0x00, 0x00,
    0x00, 0x00, 0x00, 0x00, 0x00, 0x00, 0x00, 0x00, 0x00, 0x00, 0x00, 0x00, 0x00, 0x00, 0x00, 0x00,
    0x00, 0x00, 0x00, 0x00, 0x00, 0x00, 0x00, 0x00, 0x00, 0x00, 0x00, 0x00, 0x00, 0x00, 0x00, 0x00,
    0x00, 0x00, 0x00, 0x00, 0x00, 0x00, 0x00, 0x00, 0x00, 0x00, 0x00, 0x00, 0x00, 0x00, 0x00, 0x00,
    0x00, 0x00, 0x00, 0x00, 0x00, 0x00, 0x00, 0x00, 0x00, 0x00, 0x00, 0x00, 0x00, 0x00, 0x00, 0x00,
    0x00, 0x00, 0x00, 0x00, 0x00, 0x00, 0x00, 0x00, 0x00, 0x00, 0x00, 0x00, 0x00, 0x00, 0x00, 0x00,
    0x00, 0x00, 0x00, 0x00, 0x00, 0x00, 0x00, 0x00, 0x00, 0x00, 0x00, 0x00, 0x00, 0x00, 0x00, 0x00,
    0x00, 0x00, 0x00, 0x00, 0x00, 0x00, 0x00, 0x00, 0x00, 0x00, 0x00, 0x00, 0x00, 0x00, 0x00, 0x00,
    0x00, 0x00, 0x00, 0x00, 0x00, 0x00, 0x00, 0x00, 0x00, 0x00, 0x00, 0x00, 0x00, 0x00, 0x00, 0x00,
    0x00, 0x00, 0x00, 0x00, 0x00, 0x00, 0x00, 0x00, 0x00, 0x00, 0x00, 0x00, 0x00, 0x00, 0x00, 0x00,
    0x00, 0x00, 0x00, 0x00, 0x00, 0x00, 0x00, 0x00, 0x00, 0x00, 0x00, 0x00, 0x00, 0x00, 0x00, 0x00,
    0x00, 0x00, 0x00, 0x00, 0x00, 0x00, 0x00, 0x00, 0x00, 0x00, 0x00, 0x00, 0x00, 0x00, 0x00, 0x00,
    0x00, 0x00, 0x00, 0x00, 0x00, 0x00, 0x00, 0x00, 0x00, 0x00, 0x00, 0x00, 0x00, 0x00, 0x00, 0x00,
    0x00, 0x00, 0x00, 0x00, 0x00, 0x00, 0x00, 0x00, 0x00, 0x00, 0x00, 0x00, 0x00, 0x00, 0x00, 0x00,
    0x00, 0x00, 0x00, 0x00, 0x00, 0x00, 0x00, 0x00, 0x00, 0x00, 0x00, 0x00, 0x00, 0x00, 0x00, 0x00,
    0x00, 0x00, 0x00, 0x00, 0x00, 0x00, 0x00, 0x00, 0x00, 0x00, 0x00, 0x00, 0x00, 0x00, 0x00, 0x00,
    0x00, 0x00, 0x00, 0x00, 0x00, 0x00, 0x00, 0x00, 0x00, 0x00, 0x00, 0x00, 0x00, 0x00, 0x00, 0x00,
    0x00, 0x00, 0x00, 0x00, 0x00, 0x00, 0x00, 0x00, 0x00, 0x00, 0x00, 0x00, 0x00, 0x00, 0x00, 0x00,
    0x00, 0x00, 0x00, 0x00, 0x00, 0x00, 0x00, 0x00, 0x00, 0x00, 0x00, 0x00, 0x00, 0x00, 0x00, 0x00,
    0x00, 0x00, 0x00, 0x00, 0x00, 0x00, 0x00, 0x00, 0x00, 0x00, 0x00, 0x00, 0x00, 0x00, 0x00, 0x00,
    0x00, 0x00, 0x00, 0x00, 0x00, 0x00, 0x00, 0x00, 0x00, 0x00, 0x00, 0x00, 0x00, 0x00, 0x00, 0x00,
    0x00, 0x00, 0x00, 0x00, 0x00, 0x00, 0x00, 0x00, 0x00, 0x00, 0x00, 0x00, 0x00, 0x00, 0x00, 0x00,
    0x00, 0x00, 0x00, 0x00, 0x00, 0x00, 0x00, 0x00, 0x00, 0x00, 0x00, 0x00, 0x00, 0x00, 0x00, 0x00,
    0x00, 0x00, 0x00, 0x00, 0x00, 0x00, 0x00, 0x00, 0x00, 0x00, 0x00, 0x00, 0x00, 0x00, 0x00, 0x00,
    0x00, 0x00, 0x00, 0x00, 0x00, 0x00, 0x00, 0x00, 0x00, 0x00, 0x00, 0x00, 0x00, 0x00, 0x00, 0x00,
    0x00, 0x00, 0x00, 0x00, 0x00, 0x00, 0x00, 0x00, 0x00, 0x00, 0x00, 0x00, 0x00, 0x00, 0x00, 0x00,
    0x00, 0x00, 0x00, 0x00, 0x00, 0x00, 0x00, 0x00, 0x00, 0x00, 0x00, 0x00, 0x00, 0x00, 0x00, 0x00,
    0x00, 0x00, 0x00, 0x00, 0x00, 0x00, 0x00, 0x00, 0x00, 0x00, 0x00, 0x00, 0x00, 0x00, 0x00, 0x00,
    0x00, 0x00, 0x00, 0x00, 0x00, 0x00, 0x00, 0x00, 0x00, 0x00, 0x00, 0x00, 0x00, 0x00, 0x00, 0x00,
    0x00, 0x00, 0x00, 0x00, 0x15, 0x0F, 0x6F, 0x30, 0x1B, 0x14, 0x7D, 0xA0, 0x1A, 0x15, 0x80, 0xEF,
    0x19, 0x13, 0x76, 0xFF, 0x18, 0x13, 0x74, 0xFF, 0x18, 0x13, 0x73, 0xFF, 0x12, 0x0E, 0x5B, 0xAF,
    0x15, 0x11, 0x66, 0xEF, 0x18, 0x13, 0x74, 0xFF, 0x18, 0x13, 0x74, 0xFF, 0x18, 0x13, 0x73, 0xFF,
    0x18, 0x13, 0x74, 0xFF, 0x19, 0x13, 0x77, 0xFF, 0x1A, 0x14, 0x79, 0xFF, 0x18, 0x12, 0x71, 0xCF,
    0x15, 0x12, 0x67, 0x60, 0x0F, 0x0F, 0x4F, 0x10, 0x00, 0x00, 0x00, 0x00, 0x00, 0x00, 0x00, 0x00,
    0x00, 0x00, 0x00, 0x00, 0x00, 0x00, 0x00, 0x00, 0x00, 0x00, 0x00, 0x00, 0x00, 0x00, 0x00, 0x00,
    0x00, 0x00, 0x00, 0x00, 0x00, 0x00, 0x00, 0x00, 0x00, 0x00, 0x00, 0x00, 0x00, 0x00, 0x00, 0x00,
    0x00, 0x00, 0x00, 0x00, 0x00, 0x00, 0x00, 0x00, 0x00, 0x00, 0x00, 0x00, 0x00, 0x00, 0x00, 0x00,
    0x00, 0x00, 0x00, 0x00, 0x00, 0x00, 0x00, 0x00, 0x00, 0x00, 0x00, 0x00, 0x00, 0x00, 0x00, 0x00,
    0x00, 0x00, 0x00, 0x00, 0x00, 0x00, 0x00, 0x00, 0x00, 0x00, 0x00, 0x00, 0x00, 0x00, 0x00, 0x00,
    0x00, 0x00, 0x00, 0x00, 0x00, 0x00, 0x00, 0x00, 0x00, 0x00, 0x00, 0x00, 0x00, 0x00, 0x00, 0x00,
    0x00, 0x00, 0x00, 0x00, 0x00, 0x00, 0x00, 0x00, 0x00, 0x00, 0x00, 0x00, 0x00, 0x00, 0x00, 0x00,
    0x00, 0x00, 0x00, 0x00, 0x00, 0x00, 0x00, 0x00, 0x00, 0x00, 0x00, 0x00, 0x00, 0x00, 0x00, 0x00,
    0x00, 0x00, 0x00, 0x00, 0x00, 0x00, 0x00, 0x00, 0x00, 0x00, 0x00, 0x00, 0x00, 0x00, 0x00, 0x00,
    0x00, 0x00, 0x00, 0x00, 0x00, 0x00, 0x00, 0x00, 0x00, 0x00, 0x00, 0x00, 0x00, 0x00, 0x00, 0x00,
    0x00, 0x00, 0x00, 0x00, 0x00, 0x00, 0x00, 0x00, 0x00, 0x00, 0x00, 0x00, 0x00, 0x00, 0x00, 0x00,
    0x00, 0x00, 0x00, 0x00, 0x00, 0x00, 0x00, 0x00, 0x00, 0x00, 0x00, 0x00, 0x00, 0x00, 0x00, 0x00,
    0x00, 0x00, 0x00, 0x00, 0x00, 0x00, 0x00, 0x00, 0x00, 0x00, 0x00, 0x00, 0x00, 0x00, 0x00, 0x00,
    0x00, 0x00, 0x00, 0x00, 0x00, 0x00, 0x00, 0x00, 0x00, 0x00, 0x00, 0x00, 0x00, 0x00, 0x00, 0x00,
    0x00, 0x00, 0x00, 0x00, 0x00, 0x00, 0x00, 0x00, 0x00, 0x00, 0x00, 0x00, 0x00, 0x00, 0x00, 0x00,
    0x00, 0x00, 0x00, 0x00, 0x00, 0x00, 0x00, 0x00, 0x00, 0x00, 0x00, 0x00, 0x00, 0x00, 0x00, 0x00,
    0x00, 0x00, 0x00, 0x00, 0x00, 0x00, 0x00, 0x00, 0x00, 0x00, 0x00, 0x00, 0x00, 0x00, 0x00, 0x00,
    0x00, 0x00, 0x00, 0x00, 0x00, 0x00, 0x00, 0x00, 0x00, 0x00, 0x00, 0x00, 0x00, 0x00, 0x00, 0x00,
    0x00, 0x00, 0x00, 0x00, 0x00, 0x00, 0x00, 0x00, 0x00, 0x00, 0x00, 0x00, 0x00, 0x00, 0x00, 0x00,
    0x00, 0x00, 0x00, 0x00, 0x00, 0x00, 0x00, 0x00, 0x00, 0x00, 0x00, 0x00, 0x00, 0x00, 0x00, 0x00,
    0x00, 0x00, 0x00, 0x00, 0x00, 0x00, 0x00, 0x00, 0x00, 0x00, 0x00, 0x00, 0x00, 0x00, 0x00, 0x00,
    0x00, 0x00, 0x00, 0x00, 0x00, 0x00, 0x00, 0x00, 0x00, 0x00, 0x00, 0x00, 0x00, 0x00, 0x00, 0x00,
    0x00, 0x00, 0x00, 0x00, 0x00, 0x00, 0x00, 0x00, 0x00, 0x00, 0x00, 0x00, 0x00, 0x00, 0x00, 0x00,
    0x00, 0x00, 0x00, 0x00, 0x00, 0x00, 0x00, 0x00, 0x00, 0x00, 0x00, 0x00, 0x00, 0x00, 0x00, 0x00,
    0x00, 0x00, 0x00, 0x00, 0x00, 0x00, 0x00, 0x00, 0x00, 0x00, 0x00, 0x00, 0x00, 0x00, 0x00, 0x00,
    0x00, 0x00, 0x00, 0x00, 0x00, 0x00, 0x00, 0x00, 0x00, 0x00, 0x00, 0x00, 0x00, 0x00, 0x00, 0x00,
    0x00, 0x00, 0x00, 0x00, 0x00, 0x00, 0x00, 0x00, 0x00, 0x00, 0x00, 0x00, 0x00, 0x00, 0x00, 0x00,
    0x00, 0x00, 0x00, 0x00, 0x00, 0x00, 0x00, 0x00, 0x0F, 0x0F, 0x5F, 0x10, 0x1A, 0x15, 0x7A, 0x60,
    0x1C, 0x16, 0x87, 0xCF, 0x1D, 0x17, 0x8B, 0xFF, 0x1A, 0x15, 0x7E, 0xFF, 0x18, 0x13, 0x73, 0xFF,
    0x18, 0x13, 0x74, 0xFF, 0x18, 0x13, 0x74, 0xFF, 0x18, 0x13, 0x74, 0xFF, 0x14, 0x0E, 0x5D, 0xEF,
    0x17, 0x12, 0x6D, 0xFF, 0x18, 0x13, 0x73, 0xFF, 0x18, 0x13, 0x74, 0xFF, 0x18, 0x13, 0x74, 0xFF,
    0x18, 0x13, 0x73, 0xFF, 0x18, 0x13, 0x74, 0xFF, 0x18, 0x13, 0x74, 0xFF, 0x19, 0x14, 0x78, 0xFF,
    0x1B, 0x15, 0x80, 0xFF, 0x19, 0x14, 0x7A, 0xEF, 0x17, 0x11, 0x71, 0xA0, 0x13, 0x0F, 0x5C, 0x50,
    0x00, 0x00, 0x00, 0x00, 0x00, 0x00, 0x00, 0x00, 0x00, 0x00, 0x00, 0x00, 0x00, 0x00, 0x00, 0x00,
    0x00, 0x00, 0x00, 0x00, 0x00, 0x00, 0x00, 0x00, 0x00, 0x00, 0x00, 0x00, 0x00, 0x00, 0x00, 0x00,
    0x00, 0x00, 0x00, 0x00, 0x00, 0x00, 0x00, 0x00, 0x00, 0x00, 0x00, 0x00, 0x00, 0x00, 0x00, 0x00,
    0x00, 0x00, 0x00, 0x00, 0x00, 0x00, 0x00, 0x00, 0x00, 0x00, 0x00, 0x00, 0x00, 0x00, 0x00, 0x00,
    0x00, 0x00, 0x00, 0x00, 0x00, 0x00, 0x00, 0x00, 0x00, 0x00, 0x00, 0x00, 0x00, 0x00, 0x00, 0x00,
    0x00, 0x00, 0x00, 0x00, 0x00, 0x00, 0x00, 0x00, 0x00, 0x00, 0x00, 0x00, 0x00, 0x00, 0x00, 0x00,
    0x00, 0x00, 0x00, 0x00, 0x00, 0x00, 0x00, 0x00, 0x00, 0x00, 0x00, 0x00, 0x00, 0x00, 0x00, 0x00,
    0x00, 0x00, 0x00, 0x00, 0x00, 0x00, 0x00, 0x00, 0x00, 0x00, 0x00, 0x00, 0x00, 0x00, 0x00, 0x00,
    0x00, 0x00, 0x00, 0x00, 0x00, 0x00, 0x00, 0x00, 0x00, 0x00, 0x00, 0x00, 0x00, 0x00, 0x00, 0x00,
    0x00, 0x00, 0x00, 0x00, 0x00, 0x00, 0x00, 0x00, 0x00, 0x00, 0x00, 0x00, 0x00, 0x00, 0x00, 0x00,
    0x00, 0x00, 0x00, 0x00, 0x00, 0x00, 0x00, 0x00, 0x00, 0x00, 0x00, 0x00, 0x00, 0x00, 0x00, 0x00,
    0x00, 0x00, 0x00, 0x00, 0x00, 0x00, 0x00, 0x00, 0x00, 0x00, 0x00, 0x00, 0x00, 0x00, 0x00, 0x00,
    0x00, 0x00, 0x00, 0x00, 0x00, 0x00, 0x00, 0x00, 0x00, 0x00, 0x00, 0x00, 0x00, 0x00, 0x00, 0x00,
    0x00, 0x00, 0x00, 0x00, 0x00, 0x00, 0x00, 0x00, 0x00, 0x00, 0x00, 0x00, 0x00, 0x00, 0x00, 0x00,
    0x00, 0x00, 0x00, 0x00, 0x00, 0x00, 0x00, 0x00, 0x00, 0x00, 0x00, 0x00, 0x00, 0x00, 0x00, 0x00,
    0x00, 0x00, 0x00, 0x00, 0x00, 0x00, 0x00, 0x00, 0x00, 0x00, 0x00, 0x00, 0x00, 0x00, 0x00, 0x00,
    0x00, 0x00, 0x00, 0x00, 0x00, 0x00, 0x00, 0x00, 0x00, 0x00, 0x00, 0x00, 0x00, 0x00, 0x00, 0x00,
    0x00, 0x00, 0x00, 0x00, 0x00, 0x00, 0x00, 0x00, 0x00, 0x00, 0x00, 0x00, 0x00, 0x00, 0x00, 0x00,
    0x00, 0x00, 0x00, 0x00, 0x00, 0x00, 0x00, 0x00, 0x00, 0x00, 0x00, 0x00, 0x00, 0x00, 0x00, 0x00,
    0x00, 0x00, 0x00, 0x00, 0x00, 0x00, 0x00, 0x00, 0x00, 0x00, 0x00, 0x00, 0x00, 0x00, 0x00, 0x00,
    0x00, 0x00, 0x00, 0x00, 0x00, 0x00, 0x00, 0x00, 0x00, 0x00, 0x00, 0x00, 0x00, 0x00, 0x00, 0x00,
    0x00, 0x00, 0x00, 0x00, 0x00, 0x00, 0x00, 0x00, 0x00, 0x00, 0x00, 0x00, 0x00, 0x00, 0x00, 0x00,
    0x00, 0x00, 0x00, 0x00, 0x00, 0x00, 0x00, 0x00, 0x00, 0x00, 0x00, 0x00, 0x00, 0x00, 0x00, 0x00,
    0x00, 0x00, 0x00, 0x00, 0x00, 0x00, 0x00, 0x00, 0x00, 0x00, 0x00, 0x00, 0x00, 0x00, 0x00, 0x00,
    0x00, 0x00, 0x00, 0x00, 0x00, 0x00, 0x00, 0x00, 0x00, 0x00, 0x00, 0x00, 0x00, 0x00, 0x00, 0x00,
    0x00, 0x00, 0x00, 0x00, 0x00, 0x00, 0x00, 0x00, 0x00, 0x00, 0x00, 0x00, 0x00, 0x00, 0x00, 0x00,
    0x00, 0x00, 0x00, 0x00, 0x00, 0x00, 0x00, 0x00, 0x00, 0x00, 0x00, 0x00, 0x00, 0x00, 0x00, 0x00,
    0x16, 0x13, 0x6C, 0x50, 0x1C, 0x16, 0x85, 0xA0, 0x1E, 0x17, 0x93, 0xEF, 0x1F, 0x18, 0x94, 0xFF,
    0x1B, 0x15, 0x81, 0xFF, 0x18, 0x13, 0x75, 0xFF, 0x18, 0x12, 0x73, 0xFF, 0x18, 0x13, 0x75, 0xFF,
    0x18, 0x13, 0x73, 0xFF, 0x18, 0x13, 0x74, 0xFF, 0x18, 0x13, 0x74, 0xFF, 0x13, 0x0F, 0x5E, 0xFF,
    0x18, 0x12, 0x70, 0xFF, 0x18, 0x13, 0x74, 0xFF, 0x18, 0x13, 0x74, 0xFF, 0x18, 0x13, 0x73, 0xFF,
    0x18, 0x13, 0x75, 0xFF, 0x18, 0x13, 0x73, 0xFF, 0x18, 0x13, 0x74, 0xFF, 0x18, 0x13, 0x75, 0xFF,
    0x18, 0x13, 0x74, 0xFF, 0x1A, 0x14, 0x79, 0xFF, 0x1B, 0x15, 0x82, 0xFF, 0x1C, 0x16, 0x83, 0xFF,
    0x19, 0x13, 0x79, 0xDF, 0x17, 0x11, 0x6C, 0x90, 0x15, 0x0F, 0x5A, 0x30, 0x00, 0x00, 0x00, 0x00,
    0x00, 0x00, 0x00, 0x00, 0x00, 0x00, 0x00, 0x00, 0x00, 0x00, 0x00, 0x00, 0x00, 0x00, 0x00, 0x00,
    0x00, 0x00, 0x00, 0x00, 0x00, 0x00, 0x00, 0x00, 0x00, 0x00, 0x00, 0x00, 0x00, 0x00, 0x00, 0x00,
    0x00, 0x00, 0x00, 0x00, 0x00, 0x00, 0x00, 0x00, 0x00, 0x00, 0x00, 0x00, 0x00, 0x00, 0x00, 0x00,
    0x00, 0x00, 0x00, 0x00, 0x00, 0x00, 0x00, 0x00, 0x00, 0x00, 0x00, 0x00, 0x00, 0x00, 0x00, 0x00,
    0x00, 0x00, 0x00, 0x00, 0x00, 0x00, 0x00, 0x00, 0x00, 0x00, 0x00, 0x00, 0x00, 0x00, 0x00, 0x00,
    0x00, 0x00, 0x00, 0x00, 0x00, 0x00, 0x00, 0x00, 0x00, 0x00, 0x00, 0x00, 0x00, 0x00, 0x00, 0x00,
    0x00, 0x00, 0x00, 0x00, 0x00, 0x00, 0x00, 0x00, 0x00, 0x00, 0x00, 0x00, 0x00, 0x00, 0x00, 0x00,
    0x00, 0x00, 0x00, 0x00, 0x00, 0x00, 0x00, 0x00, 0x00, 0x00, 0x00, 0x00, 0x00, 0x00, 0x00, 0x00,
    0x00, 0x00, 0x00, 0x00, 0x00, 0x00, 0x00, 0x00, 0x00, 0x00, 0x00, 0x00, 0x00, 0x00, 0x00, 0x00,
    0x00, 0x00, 0x00, 0x00, 0x00, 0x00, 0x00, 0x00, 0x00, 0x00, 0x00, 0x00, 0x00, 0x00, 0x00, 0x00,
    0x00, 0x00, 0x00, 0x00, 0x00, 0x00, 0x00, 0x00, 0x00, 0x00, 0x00, 0x00, 0x00, 0x00, 0x00, 0x00,
    0x00, 0x00, 0x00, 0x00, 0x00, 0x00, 0x00, 0x00, 0x00, 0x00, 0x00, 0x00, 0x00, 0x00, 0x00, 0x00,
    0x00, 0x00, 0x00, 0x00, 0x00, 0x00, 0x00, 0x00, 0x00, 0x00, 0x00, 0x00, 0x00, 0x00, 0x00, 0x00,
    0x00, 0x00, 0x00, 0x00, 0x00, 0x00, 0x00, 0x00, 0x00, 0x00, 0x00, 0x00, 0x00, 0x00, 0x00, 0x00,
    0x00, 0x00, 0x00, 0x00, 0x00, 0x00, 0x00, 0x00, 0x00, 0x00, 0x00, 0x00, 0x00, 0x00, 0x00, 0x00,
    0x00, 0x00, 0x00, 0x00, 0x00, 0x00, 0x00, 0x00, 0x00, 0x00, 0x00, 0x00, 0x00, 0x00, 0x00, 0x00,
    0x00, 0x00, 0x00, 0x00, 0x00, 0x00, 0x00, 0x00, 0x00, 0x00, 0x00, 0x00, 0x00, 0x00, 0x00, 0x00,
    0x00, 0x00, 0x00, 0x00, 0x00, 0x00, 0x00, 0x00, 0x00, 0x00, 0x00, 0x00, 0x00, 0x00, 0x00, 0x00,
    0x00, 0x00, 0x00, 0x00, 0x00, 0x00, 0x00, 0x00, 0x00, 0x00, 0x00, 0x00, 0x00, 0x00, 0x00, 0x00,
    0x00, 0x00, 0x00, 0x00, 0x00, 0x00, 0x00, 0x00, 0x00, 0x00, 0x00, 0x00, 0x00, 0x00, 0x00, 0x00,
    0x00, 0x00, 0x00, 0x00, 0x00, 0x00, 0x00, 0x00, 0x00, 0x00, 0x00, 0x00, 0x00, 0x00, 0x00, 0x00,
    0x00, 0x00, 0x00, 0x00, 0x00, 0x00, 0x00, 0x00, 0x00, 0x00, 0x00, 0x00, 0x00, 0x00, 0x00, 0x00,
    0x00, 0x00, 0x00, 0x00, 0x00, 0x00, 0x00, 0x00, 0x00, 0x00, 0x00, 0x00, 0x00, 0x00, 0x00, 0x00,
    0x00, 0x00, 0x00, 0x00, 0x00, 0x00, 0x00, 0x00, 0x00, 0x00, 0x00, 0x00, 0x00, 0x00, 0x00, 0x00,
    0x00, 0x00, 0x00, 0x00, 0x00, 0x00, 0x00, 0x00, 0x00, 0x00, 0x00, 0x00, 0x00, 0x00, 0x00, 0x00,
    0x00, 0x00, 0x00, 0x00, 0x15, 0x0F, 0x6A, 0x30, 0x1A, 0x15, 0x7D, 0x90, 0x1D, 0x18, 0x90, 0xDF,
    0x21, 0x1A, 0x9C, 0xFF, 0x20, 0x19, 0x97, 0xFF, 0x1B, 0x15, 0x82, 0xFF, 0x18, 0x13, 0x76, 0xFF,
    0x18, 0x13, 0x74, 0xFF, 0x18, 0x13, 0x73, 0xFF, 0x18, 0x13, 0x75, 0xFF, 0x18, 0x13, 0x73, 0xFF,
    0x18, 0x13, 0x74, 0xFF, 0x18, 0x13, 0x73, 0xFF, 0x18, 0x13, 0x74, 0xFF, 0x13, 0x0F, 0x5A, 0xFF,
    0x17, 0x12, 0x70, 0xFF, 0x18, 0x13, 0x74, 0xFF, 0x18, 0x13, 0x73, 0xFF, 0x18, 0x13, 0x74, 0xFF,
    0x18, 0x13, 0x73, 0xFF, 0x18, 0x13, 0x75, 0xFF, 0x18, 0x13, 0x73, 0xFF, 0x18, 0x13, 0x73, 0xFF,
    0x18, 0x13, 0x75, 0xFF, 0x18, 0x13, 0x74, 0xFF, 0x18, 0x13, 0x74, 0xFF, 0x1A, 0x14, 0x7A, 0xFF,
    0x1B, 0x15, 0x82, 0xFF, 0x1D, 0x16, 0x87, 0xFF, 0x1C, 0x15, 0x83, 0xFF, 0x19, 0x13, 0x76, 0xDF,
    0x17, 0x11, 0x6A, 0x90, 0x15, 0x0F, 0x5F, 0x30, 0x00, 0x00, 0x00, 0x00, 0x00, 0x00, 0x00, 0x00,
    0x00, 0x00, 0x00, 0x00, 0x00, 0x00, 0x00, 0x00, 0x00, 0x00, 0x00, 0x00, 0x00, 0x00, 0x00, 0x00,
    0x00, 0x00, 0x00, 0x00, 0x00, 0x00, 0x00, 0x00, 0x00, 0x00, 0x00, 0x00, 0x00, 0x00, 0x00, 0x00,
    0x00, 0x00, 0x00, 0x00, 0x00, 0x00, 0x00, 0x00, 0x00, 0x00, 0x00, 0x00, 0x00, 0x00, 0x00, 0x00,
    0x00, 0x00, 0x00, 0x00, 0x00, 0x00, 0x00, 0x00, 0x00, 0x00, 0x00, 0x00, 0x00, 0x00, 0x00, 0x00,
    0x00, 0x00, 0x00, 0x00, 0x00, 0x00, 0x00, 0x00, 0x00, 0x00, 0x00, 0x00, 0x00, 0x00, 0x00, 0x00,
    0x00, 0x00, 0x00, 0x00, 0x00, 0x00, 0x00, 0x00, 0x00, 0x00, 0x00, 0x00, 0x00, 0x00, 0x00, 0x00,
    0x00, 0x00, 0x00, 0x00, 0x00, 0x00, 0x00, 0x00, 0x00, 0x00, 0x00, 0x00, 0x00, 0x00, 0x00, 0x00,
    0x00, 0x00, 0x00, 0x00, 0x00, 0x00, 0x00, 0x00, 0x00, 0x00, 0x00, 0x00, 0x00, 0x00, 0x00, 0x00,
    0x00, 0x00, 0x00, 0x00, 0x00, 0x00, 0x00, 0x00, 0x00, 0x00, 0x00, 0x00, 0x00, 0x00, 0x00, 0x00,
    0x00, 0x00, 0x00, 0x00, 0x00, 0x00, 0x00, 0x00, 0x00, 0x00, 0x00, 0x00, 0x00, 0x00, 0x00, 0x00,
    0x00, 0x00, 0x00, 0x00, 0x00, 0x00, 0x00, 0x00, 0x00, 0x00, 0x00, 0x00, 0x00, 0x00, 0x00, 0x00,
    0x00, 0x00, 0x00, 0x00, 0x00, 0x00, 0x00, 0x00, 0x00, 0x00, 0x00, 0x00, 0x00, 0x00, 0x00, 0x00,
    0x00, 0x00, 0x00, 0x00, 0x00, 0x00, 0x00, 0x00, 0x00, 0x00, 0x00, 0x00, 0x00, 0x00, 0x00, 0x00,
    0x00, 0x00, 0x00, 0x00, 0x00, 0x00, 0x00, 0x00, 0x00, 0x00, 0x00, 0x00, 0x00, 0x00, 0x00, 0x00,
    0x00, 0x00, 0x00, 0x00, 0x00, 0x00, 0x00, 0x00, 0x00, 0x00, 0x00, 0x00, 0x00, 0x00, 0x00, 0x00,
    0x00, 0x00, 0x00, 0x00, 0x00, 0x00, 0x00, 0x00, 0x00, 0x00, 0x00, 0x00, 0x00, 0x00, 0x00, 0x00,
    0x00, 0x00, 0x00, 0x00, 0x00, 0x00, 0x00, 0x00, 0x00, 0x00, 0x00, 0x00, 0x00, 0x00, 0x00, 0x00,
    0x00, 0x00, 0x00, 0x00, 0x00, 0x00, 0x00, 0x00, 0x00, 0x00, 0x00, 0x00, 0x00, 0x00, 0x00, 0x00,
    0x00, 0x00, 0x00, 0x00, 0x00, 0x00, 0x00, 0x00, 0x00, 0x00, 0x00, 0x00, 0x00, 0x00, 0x00, 0x00,
    0x00, 0x00, 0x00, 0x00, 0x00, 0x00, 0x00, 0x00, 0x00, 0x00, 0x00, 0x00, 0x00, 0x00, 0x00, 0x00,
    0x00, 0x00, 0x00, 0x00, 0x00, 0x00, 0x00, 0x00, 0x00, 0x00, 0x00, 0x00, 0x00, 0x00, 0x00, 0x00,
    0x00, 0x00, 0x00, 0x00, 0x00, 0x00, 0x00, 0x00, 0x00, 0x00, 0x00, 0x00, 0x00, 0x00, 0x00, 0x00,
    0x00, 0x00, 0x00, 0x00, 0x00, 0x00, 0x00, 0x00, 0x00, 0x00, 0x00, 0x00, 0x00, 0x00, 0x00, 0x00,
    0x00, 0x00, 0x00, 0x00, 0x00, 0x00, 0x00, 0x00, 0x15, 0x0F, 0x6A, 0x30, 0x18, 0x13, 0x7A, 0x90,
    0x1C, 0x16, 0x8A, 0xDF, 0x20, 0x19, 0x9A, 0xFF, 0x22, 0x1A, 0xA1, 0xFF, 0x20, 0x19, 0x97, 0xFF,
    0x1B, 0x15, 0x84, 0xFF, 0x19, 0x13, 0x76, 0xFF, 0x18, 0x13, 0x75, 0xFF, 0x18, 0x13, 0x74, 0xFF,
    0x18, 0x13, 0x72, 0xFF, 0x18, 0x13, 0x75, 0xFF, 0x18, 0x13, 0x73, 0xFF, 0x18, 0x13, 0x74, 0xFF,
    0x18, 0x13, 0x74, 0xFF, 0x18, 0x13, 0x74, 0xFF, 0x18, 0x13, 0x73, 0xFF, 0x11, 0x0E, 0x53, 0xFF,
    0x17, 0x12, 0x6F, 0xFF, 0x18, 0x13, 0x74, 0xFF, 0x18, 0x13, 0x73, 0xFF, 0x18, 0x13, 0x75, 0xFF,
    0x18, 0x13, 0x73, 0xFF, 0x18, 0x13, 0x74, 0xFF, 0x18, 0x13, 0x75, 0xFF, 0x18, 0x13, 0x73, 0xFF,
    0x18, 0x13, 0x73, 0xFF, 0x18, 0x13, 0x74, 0xFF, 0x18, 0x13, 0x75, 0xFF, 0x18, 0x13, 0x74, 0xFF,
    0x18, 0x13, 0x74, 0xFF, 0x1A, 0x14, 0x7A, 0xFF, 0x1B, 0x15, 0x82, 0xFF, 0x1C, 0x16, 0x87, 0xFF,
    0x1D, 0x16, 0x89, 0xFF, 0x1C, 0x15, 0x83, 0xFF, 0x19, 0x13, 0x79, 0xDF, 0x17, 0x11, 0x6D, 0x90,
    0x13, 0x0F, 0x5C, 0x50, 0x00, 0x00, 0x00, 0x00, 0x00, 0x00, 0x00, 0x00, 0x00, 0x00, 0x00, 0x00,
    0x00, 0x00, 0x00, 0x00, 0x00, 0x00, 0x00, 0x00, 0x00, 0x00, 0x00, 0x00, 0x00, 0x00, 0x00, 0x00,
    0x00, 0x00, 0x00, 0x00, 0x00, 0x00, 0x00, 0x00, 0x00, 0x00, 0x00, 0x00, 0x00, 0x00, 0x00, 0x00,
    0x00, 0x00, 0x00, 0x00, 0x00, 0x00, 0x00, 0x00, 0x00, 0x00, 0x00, 0x00, 0x00, 0x00, 0x00, 0x00,
    0x00, 0x00, 0x00, 0x00, 0x00, 0x00, 0x00, 0x00, 0x00, 0x00, 0x00, 0x00, 0x00, 0x00, 0x00, 0x00,
    0x00, 0x00, 0x00, 0x00, 0x00, 0x00, 0x00, 0x00, 0x00, 0x00, 0x00, 0x00, 0x00, 0x00, 0x00, 0x00,
    0x00, 0x00, 0x00, 0x00, 0x00, 0x00, 0x00, 0x00, 0x00, 0x00, 0x00, 0x00, 0x00, 0x00, 0x00, 0x00,
    0x00, 0x00, 0x00, 0x00, 0x00, 0x00, 0x00, 0x00, 0x00, 0x00, 0x00, 0x00, 0x00, 0x00, 0x00, 0x00,
    0x00, 0x00, 0x00, 0x00, 0x00, 0x00, 0x00, 0x00, 0x00, 0x00, 0x00, 0x00, 0x00, 0x00, 0x00, 0x00,
    0x00, 0x00, 0x00, 0x00, 0x00, 0x00, 0x00, 0x00, 0x00, 0x00, 0x00, 0x00, 0x00, 0x00, 0x00, 0x00,
    0x00, 0x00, 0x00, 0x00, 0x00, 0x00, 0x00, 0x00, 0x00, 0x00, 0x00, 0x00, 0x00, 0x00, 0x00, 0x00,
    0x00, 0x00, 0x00, 0x00, 0x00, 0x00, 0x00, 0x00, 0x00, 0x00, 0x00, 0x00, 0x00, 0x00, 0x00, 0x00,
    0x00, 0x00, 0x00, 0x00, 0x00, 0x00, 0x00, 0x00, 0x00, 0x00, 0x00, 0x00, 0x00, 0x00, 0x00, 0x00,
    0x00, 0x00, 0x00, 0x00, 0x00, 0x00, 0x00, 0x00, 0x00, 0x00, 0x00, 0x00, 0x00, 0x00, 0x00, 0x00,
    0x00, 0x00, 0x00, 0x00, 0x00, 0x00, 0x00, 0x00, 0x00, 0x00, 0x00, 0x00, 0x00, 0x00, 0x00, 0x00,
    0x00, 0x00, 0x00, 0x00, 0x00, 0x00, 0x00, 0x00, 0x00, 0x00, 0x00, 0x00, 0x00, 0x00, 0x00, 0x00,
    0x00, 0x00, 0x00, 0x00, 0x00, 0x00, 0x00, 0x00, 0x00, 0x00, 0x00, 0x00, 0x00, 0x00, 0x00, 0x00,
    0x00, 0x00, 0x00, 0x00, 0x00, 0x00, 0x00, 0x00, 0x00, 0x00, 0x00, 0x00, 0x00, 0x00, 0x00, 0x00,
    0x00, 0x00, 0x00, 0x00, 0x00, 0x00, 0x00, 0x00, 0x00, 0x00, 0x00, 0x00, 0x00, 0x00, 0x00, 0x00,
    0x00, 0x00, 0x00, 0x00, 0x00, 0x00, 0x00, 0x00, 0x00, 0x00, 0x00, 0x00, 0x00, 0x00, 0x00, 0x00,
    0x00, 0x00, 0x00, 0x00, 0x00, 0x00, 0x00, 0x00, 0x00, 0x00, 0x00, 0x00, 0x00, 0x00, 0x00, 0x00,
    0x00, 0x00, 0x00, 0x00, 0x00, 0x00, 0x00, 0x00, 0x00, 0x00, 0x00, 0x00, 0x00, 0x00, 0x00, 0x00,
    0x00, 0x00, 0x00, 0x00, 0x00, 0x00, 0x00, 0x00, 0x00, 0x00, 0x00, 0x00, 0x16, 0x13, 0x69, 0x50,
    0x1A, 0x15, 0x7F, 0x90, 0x1D, 0x16, 0x8B, 0xDF, 0x20, 0x19, 0x98, 0xFF, 0x22, 0x1A, 0xA1, 0xFF,
    0x21, 0x1A, 0x9F, 0xFF, 0x20, 0x18, 0x96, 0xFF, 0x1C, 0x16, 0x84, 0xFF, 0x19, 0x13, 0x76, 0xFF,
    0x18, 0x13, 0x74, 0xFF, 0x19, 0x13, 0x75, 0xFF, 0x18, 0x13, 0x74, 0xFF, 0x18, 0x13, 0x72, 0xFF,
    0x18, 0x13, 0x75, 0xFF, 0x18, 0x13, 0x74, 0xFF, 0x18, 0x13, 0x73, 0xFF, 0x18, 0x13, 0x74, 0xFF,
    0x18, 0x13, 0x73, 0xFF, 0x18, 0x13, 0x74, 0xFF, 0x18, 0x13, 0x73, 0xFF, 0x10, 0x0C, 0x4A, 0xFF,
    0x17, 0x11, 0x6D, 0xFF, 0x18, 0x13, 0x75, 0xFF, 0x18, 0x13, 0x74, 0xFF, 0x18, 0x13, 0x73, 0xFF,
    0x18, 0x13, 0x75, 0xFF, 0x18, 0x13, 0x72, 0xFF, 0x18, 0x13, 0x74, 0xFF, 0x18, 0x13, 0x75, 0xFF,
    0x18, 0x13, 0x73, 0xFF, 0x18, 0x12, 0x73, 0xFF, 0x18, 0x13, 0x74, 0xFF, 0x18, 0x13, 0x75, 0xFF,
    0x18, 0x13, 0x74, 0xFF, 0x18, 0x13, 0x73, 0xFF, 0x18, 0x13, 0x74, 0xFF, 0x1A, 0x14, 0x7B, 0xFF,
    0x1B, 0x15, 0x82, 0xFF, 0x1C, 0x16, 0x87, 0xFF, 0x1D, 0x16, 0x89, 0xFF, 0x1D, 0x16, 0x89, 0xFF,
    0x1C, 0x16, 0x86, 0xFF, 0x19, 0x14, 0x7A, 0xEF, 0x18, 0x12, 0x73, 0xAF, 0x15, 0x12, 0x6A, 0x60,
    0x0F, 0x0F, 0x57, 0x20, 0x00, 0x00, 0x00, 0x00, 0x00, 0x00, 0x00, 0x00, 0x00, 0x00, 0x00, 0x00,
    0x00, 0x00, 0x00, 0x00, 0x00, 0x00, 0x00, 0x00, 0x00, 0x00, 0x00, 0x00, 0x00, 0x00, 0x00, 0x00,
    0x00, 0x00, 0x00, 0x00, 0x00, 0x00, 0x00, 0x00, 0x00, 0x00, 0x00, 0x00, 0x00, 0x00, 0x00, 0x00,
    0x00, 0x00, 0x00, 0x00, 0x00, 0x00, 0x00, 0x00, 0x00, 0x00, 0x00, 0x00, 0x00, 0x00, 0x00, 0x00,
    0x00, 0x00, 0x00, 0x00, 0x00, 0x00, 0x00, 0x00, 0x00, 0x00, 0x00, 0x00, 0x00, 0x00, 0x00, 0x00,
    0x00, 0x00, 0x00, 0x00, 0x00, 0x00, 0x00, 0x00, 0x00, 0x00, 0x00, 0x00, 0x00, 0x00, 0x00, 0x00,
    0x00, 0x00, 0x00, 0x00, 0x00, 0x00, 0x00, 0x00, 0x00, 0x00, 0x00, 0x00, 0x00, 0x00, 0x00, 0x00,
    0x00, 0x00, 0x00, 0x00, 0x00, 0x00, 0x00, 0x00, 0x00, 0x00, 0x00, 0x00, 0x00, 0x00, 0x00, 0x00,
    0x00, 0x00, 0x00, 0x00, 0x00, 0x00, 0x00, 0x00, 0x00, 0x00, 0x00, 0x00, 0x00, 0x00, 0x00, 0x00,
    0x00, 0x00, 0x00, 0x00, 0x00, 0x00, 0x00, 0x00, 0x00, 0x00, 0x00, 0x00, 0x00, 0x00, 0x00, 0x00,
    0x00, 0x00, 0x00, 0x00, 0x00, 0x00, 0x00, 0x00, 0x00, 0x00, 0x00, 0x00, 0x00, 0x00, 0x00, 0x00,
    0x00, 0x00, 0x00, 0x00, 0x00, 0x00, 0x00, 0x00, 0x00, 0x00, 0x00, 0x00, 0x00, 0x00, 0x00, 0x00,
    0x00, 0x00, 0x00, 0x00, 0x00, 0x00, 0x00, 0x00, 0x00, 0x00, 0x00, 0x00, 0x00, 0x00, 0x00, 0x00,
    0x00, 0x00, 0x00, 0x00, 0x00, 0x00, 0x00, 0x00, 0x00, 0x00, 0x00, 0x00, 0x00, 0x00, 0x00, 0x00,
    0x00, 0x00, 0x00, 0x00, 0x00, 0x00, 0x00, 0x00, 0x00, 0x00, 0x00, 0x00, 0x00, 0x00, 0x00, 0x00,
    0x00, 0x00, 0x00, 0x00, 0x00, 0x00, 0x00, 0x00, 0x00, 0x00, 0x00, 0x00, 0x00, 0x00, 0x00, 0x00,
    0x00, 0x00, 0x00, 0x00, 0x00, 0x00, 0x00, 0x00, 0x00, 0x00, 0x00, 0x00, 0x00, 0x00, 0x00, 0x00,
    0x00, 0x00, 0x00, 0x00, 0x00, 0x00, 0x00, 0x00, 0x00, 0x00, 0x00, 0x00, 0x00, 0x00, 0x00, 0x00,
    0x00, 0x00, 0x00, 0x00, 0x00, 0x00, 0x00, 0x00, 0x00, 0x00, 0x00, 0x00, 0x00, 0x00, 0x00, 0x00,
    0x00, 0x00, 0x00, 0x00, 0x00, 0x00, 0x00, 0x00, 0x00, 0x00, 0x00, 0x00, 0x00, 0x00, 0x00, 0x00,
    0x00, 0x00, 0x00, 0x00, 0x00, 0x00, 0x00, 0x00, 0x00, 0x00, 0x00, 0x00, 0x17, 0x0F, 0x67, 0x20,
    0x1A, 0x15, 0x77, 0x60, 0x1B, 0x15, 0x84, 0xAF, 0x1D, 0x17, 0x8E, 0xEF, 0x20, 0x19, 0x9B, 0xFF,
    0x21, 0x1A, 0x9F, 0xFF, 0x22, 0x1A, 0x9F, 0xFF, 0x21, 0x19, 0x9C, 0xFF, 0x1F, 0x18, 0x94, 0xFF,
    0x1C, 0x16, 0x84, 0xFF, 0x19, 0x13, 0x77, 0xFF, 0x18, 0x13, 0x73, 0xFF, 0x18, 0x13, 0x74, 0xFF,
    0x18, 0x13, 0x75, 0xFF, 0x18, 0x13, 0x73, 0xFF, 0x18, 0x12, 0x73, 0xFF, 0x18, 0x13, 0x74, 0xFF,
    0x18, 0x13, 0x75, 0xFF, 0x18, 0x12, 0x73, 0xFF, 0x18, 0x13, 0x74, 0xFF, 0x18, 0x13, 0x73, 0xFF,
    0x18, 0x13, 0x74, 0xFF, 0x18, 0x13, 0x73, 0xFF, 0x18, 0x13, 0x71, 0xFF, 0x0E, 0x0B, 0x43, 0xFF,
    0x16, 0x12, 0x6C, 0xDF, 0x19, 0x13, 0x75, 0xFF, 0x18, 0x13, 0x75, 0xFF, 0x18, 0x13, 0x72, 0xFF,
    0x18, 0x13, 0x75, 0xFF, 0x18, 0x13, 0x74, 0xFF, 0x18, 0x13, 0x72, 0xFF, 0x18, 0x13, 0x74, 0xFF,
    0x18, 0x13, 0x75, 0xFF, 0x18, 0x13, 0x74, 0xFF, 0x18, 0x13, 0x73, 0xFF, 0x18, 0x13, 0x73, 0xFF,
    0x18, 0x13, 0x75, 0xFF, 0x18, 0x13, 0x75, 0xFF, 0x18, 0x13, 0x74, 0xFF, 0x18, 0x13, 0x73, 0xFF,
    0x18, 0x13, 0x74, 0xFF, 0x1A, 0x14, 0x7B, 0xFF, 0x1B, 0x15, 0x81, 0xFF, 0x1C, 0x16, 0x86, 0xFF,
    0x1C, 0x16, 0x88, 0xFF, 0x1D, 0x16, 0x89, 0xFF, 0x1D, 0x16, 0x89, 0xFF, 0x1C, 0x16, 0x88, 0xFF,
    0x1B, 0x15, 0x82, 0xFF, 0x19, 0x14, 0x7A, 0xDF, 0x17, 0x13, 0x71, 0xA0, 0x15, 0x0F, 0x64, 0x60,
    0x0F, 0x0F, 0x57, 0x20, 0x00, 0x00, 0x00, 0x00, 0x00, 0x00, 0x00, 0x00, 0x00, 0x00, 0x00, 0x00,
    0x00, 0x00, 0x00, 0x00, 0x00, 0x00, 0x00, 0x00, 0x00, 0x00, 0x00, 0x00, 0x00, 0x00, 0x00, 0x00,
    0x00, 0x00, 0x00, 0x00, 0x00, 0x00, 0x00, 0x00, 0x00, 0x00, 0x00, 0x00, 0x00, 0x00, 0x00, 0x00,
    0x00, 0x00, 0x00, 0x00, 0x00, 0x00, 0x00, 0x00, 0x00, 0x00, 0x00, 0x00, 0x00, 0x00, 0x00, 0x00,
    0x00, 0x00, 0x00, 0x00, 0x00, 0x00, 0x00, 0x00, 0x00, 0x00, 0x00, 0x00, 0x00, 0x00, 0x00, 0x00,
    0x00, 0x00, 0x00, 0x00, 0x00, 0x00, 0x00, 0x00, 0x00, 0x00, 0x00, 0x00, 0x00, 0x00, 0x00, 0x00,
    0x00, 0x00, 0x00, 0x00, 0x00, 0x00, 0x00, 0x00, 0x00, 0x00, 0x00, 0x00, 0x00, 0x00, 0x00, 0x00,
    0x00, 0x00, 0x00, 0x00, 0x00, 0x00, 0x00, 0x00, 0x00, 0x00, 0x00, 0x00, 0x00, 0x00, 0x00, 0x00,
    0x00, 0x00, 0x00, 0x00, 0x00, 0x00, 0x00, 0x00, 0x00, 0x00, 0x00, 0x00, 0x00, 0x00, 0x00, 0x00,
    0x00, 0x00, 0x00, 0x00, 0x00, 0x00, 0x00, 0x00, 0x00, 0x00, 0x00, 0x00, 0x00, 0x00, 0x00, 0x00,
    0x00, 0x00, 0x00, 0x00, 0x00, 0x00, 0x00, 0x00, 0x00, 0x00, 0x00, 0x00, 0x00, 0x00, 0x00, 0x00,
    0x00, 0x00, 0x00, 0x00, 0x00, 0x00, 0x00, 0x00, 0x00, 0x00, 0x00, 0x00, 0x00, 0x00, 0x00, 0x00,
    0x00, 0x00, 0x00, 0x00, 0x00, 0x00, 0x00, 0x00, 0x00, 0x00, 0x00, 0x00, 0x00, 0x00, 0x00, 0x00,
    0x00, 0x00, 0x00, 0x00, 0x00, 0x00, 0x00, 0x00, 0x00, 0x00, 0x00, 0x00, 0x00, 0x00, 0x00, 0x00,
    0x00, 0x00, 0x00, 0x00, 0x00, 0x00, 0x00, 0x00, 0x00, 0x00, 0x00, 0x00, 0x00, 0x00, 0x00, 0x00,
    0x00, 0x00, 0x00, 0x00, 0x00, 0x00, 0x00, 0x00, 0x00, 0x00, 0x00, 0x00, 0x00, 0x00, 0x00, 0x00,
    0x00, 0x00, 0x00, 0x00, 0x00, 0x00, 0x00, 0x00, 0x00, 0x00, 0x00, 0x00, 0x00, 0x00, 0x00, 0x00,
    0x00, 0x00, 0x00, 0x00, 0x00, 0x00, 0x00, 0x00, 0x00, 0x00, 0x00, 0x00, 0x00, 0x00, 0x00, 0x00,
    0x00, 0x00, 0x00, 0x00, 0x00, 0x00, 0x00, 0x00, 0x00, 0x00, 0x00, 0x00, 0x17, 0x0F, 0x5F, 0x20,
    0x17, 0x12, 0x72, 0x60, 0x1B, 0x14, 0x82, 0xA0, 0x1D, 0x16, 0x8B, 0xDF, 0x1F, 0x18, 0x95, 0xFF,
    0x21, 0x1A, 0x9E, 0xFF, 0x21, 0x1A, 0x9F, 0xFF, 0x21, 0x1A, 0x9D, 0xFF, 0x21, 0x1A, 0x9C, 0xFF,
    0x20, 0x19, 0x98, 0xFF, 0x1E, 0x18, 0x8F, 0xFF, 0x1C, 0x15, 0x83, 0xFF, 0x19, 0x14, 0x77, 0xFF,
    0x18, 0x13, 0x72, 0xFF, 0x18, 0x13, 0x73, 0xFF, 0x18, 0x13, 0x74, 0xFF, 0x19, 0x13, 0x75, 0xFF,
    0x18, 0x13, 0x73, 0xFF, 0x18, 0x13, 0x72, 0xFF, 0x18, 0x13, 0x74, 0xFF, 0x18, 0x13, 0x75, 0xFF,
    0x18, 0x12, 0x73, 0xFF, 0x18, 0x13, 0x74, 0xFF, 0x18, 0x13, 0x74, 0xFF, 0x18, 0x13, 0x73, 0xFF,
    0x18, 0x13, 0x74, 0xFF, 0x18, 0x13, 0x73, 0xFF, 0x17, 0x12, 0x6D, 0xFF, 0x0C, 0x0A, 0x3E, 0xDF,
    0x16, 0x11, 0x6C, 0xBF, 0x19, 0x13, 0x76, 0xFF, 0x18, 0x13, 0x75, 0xFF, 0x18, 0x13, 0x73, 0xFF,
    0x18, 0x13, 0x73, 0xFF, 0x18, 0x13, 0x75, 0xFF, 0x18, 0x13, 0x73, 0xFF, 0x18, 0x13, 0x73, 0xFF,
    0x18, 0x13, 0x74, 0xFF, 0x18, 0x13, 0x75, 0xFF, 0x18, 0x13, 0x74, 0xFF, 0x18, 0x12, 0x72, 0xFF,
    0x18, 0x13, 0x73, 0xFF, 0x18, 0x13, 0x75, 0xFF, 0x18, 0x13, 0x75, 0xFF, 0x18, 0x13, 0x74, 0xFF,
    0x18, 0x13, 0x73, 0xFF, 0x18, 0x13, 0x73, 0xFF, 0x18, 0x13, 0x74, 0xFF, 0x1A, 0x14, 0x7A, 0xFF,
    0x1B, 0x15, 0x80, 0xFF, 0x1C, 0x16, 0x85, 0xFF, 0x1C, 0x16, 0x86, 0xFF, 0x1D, 0x16, 0x88, 0xFF,
    0x1C, 0x16, 0x88, 0xFF, 0x1D, 0x16, 0x89, 0xFF, 0x1D, 0x17, 0x8C, 0xFF, 0x1D, 0x17, 0x8B, 0xFF,
    0x1C, 0x16, 0x85, 0xFF, 0x1A, 0x14, 0x7D, 0xDF, 0x17, 0x13, 0x75, 0xA0, 0x16, 0x12, 0x68, 0x70,
    0x15, 0x0F, 0x5F, 0x30, 0x00, 0x00, 0x00, 0x00, 0x00, 0x00, 0x00, 0x00, 0x00, 0x00, 0x00, 0x00,
    0x00, 0x00, 0x00, 0x00, 0x00, 0x00, 0x00, 0x00, 0x00, 0x00, 0x00, 0x00, 0x00, 0x00, 0x00, 0x00,
    0x00, 0x00, 0x00, 0x00, 0x00, 0x00, 0x00, 0x00, 0x00, 0x00, 0x00, 0x00, 0x00, 0x00, 0x00, 0x00,
    0x00, 0x00, 0x00, 0x00, 0x00, 0x00, 0x00, 0x00, 0x00, 0x00, 0x00, 0x00, 0x00, 0x00, 0x00, 0x00,
    0x00, 0x00, 0x00, 0x00, 0x00, 0x00, 0x00, 0x00, 0x00, 0x00, 0x00, 0x00, 0x00, 0x00, 0x00, 0x00,
    0x00, 0x00, 0x00, 0x00, 0x00, 0x00, 0x00, 0x00, 0x00, 0x00, 0x00, 0x00, 0x00, 0x00, 0x00, 0x00,
    0x00, 0x00, 0x00, 0x00, 0x00, 0x00, 0x00, 0x00, 0x00, 0x00, 0x00, 0x00, 0x00, 0x00, 0x00, 0x00,
    0x00, 0x00, 0x00, 0x00, 0x00, 0x00, 0x00, 0x00, 0x00, 0x00, 0x00, 0x00, 0x00, 0x00, 0x00, 0x00,
    0x00, 0x00, 0x00, 0x00, 0x00, 0x00, 0x00, 0x00, 0x00, 0x00, 0x00, 0x00, 0x00, 0x00, 0x00, 0x00,
    0x00, 0x00, 0x00, 0x00, 0x00, 0x00, 0x00, 0x00, 0x00, 0x00, 0x00, 0x00, 0x00, 0x00, 0x00, 0x00,
    0x00, 0x00, 0x00, 0x00, 0x00, 0x00, 0x00, 0x00, 0x00, 0x00, 0x00, 0x00, 0x00, 0x00, 0x00, 0x00,
    0x00, 0x00, 0x00, 0x00, 0x00, 0x00, 0x00, 0x00, 0x00, 0x00, 0x00, 0x00, 0x00, 0x00, 0x00, 0x00,
    0x00, 0x00, 0x00, 0x00, 0x00, 0x00, 0x00, 0x00, 0x00, 0x00, 0x00, 0x00, 0x00, 0x00, 0x00, 0x00,
    0x00, 0x00, 0x00, 0x00, 0x00, 0x00, 0x00, 0x00, 0x00, 0x00, 0x00, 0x00, 0x00, 0x00, 0x00, 0x00,
    0x00, 0x00, 0x00, 0x00, 0x00, 0x00, 0x00, 0x00, 0x00, 0x00, 0x00, 0x00, 0x00, 0x00, 0x00, 0x00,
    0x00, 0x00, 0x00, 0x00, 0x00, 0x00, 0x00, 0x00, 0x00, 0x00, 0x00, 0x00, 0x00, 0x00, 0x00, 0x00,
    0x00, 0x00, 0x00, 0x00, 0x00, 0x00, 0x00, 0x00, 0x00, 0x00, 0x00, 0x00, 0x15, 0x0F, 0x64, 0x30,
    0x19, 0x12, 0x74, 0x70, 0x1C, 0x14, 0x84, 0xA0, 0x1D, 0x16, 0x8C, 0xDF, 0x1F, 0x18, 0x96, 0xFF,
    0x21, 0x1A, 0x9E, 0xFF, 0x21, 0x1A, 0x9F, 0xFF, 0x21, 0x1A, 0x9F, 0xFF, 0x21, 0x1A, 0x9E, 0xFF,
    0x21, 0x19, 0x9C, 0xFF, 0x20, 0x19, 0x99, 0xFF, 0x1F, 0x18, 0x94, 0xFF, 0x1D, 0x17, 0x8B, 0xFF,
    0x1B, 0x15, 0x81, 0xFF, 0x19, 0x13, 0x77, 0xFF, 0x18, 0x13, 0x74, 0xFF, 0x18, 0x13, 0x72, 0xFF,
    0x18, 0x13, 0x73, 0xFF, 0x19, 0x13, 0x75, 0xFF, 0x18, 0x13, 0x75, 0xFF, 0x18, 0x13, 0x73, 0xFF,
    0x18, 0x12, 0x72, 0xFF, 0x18, 0x13, 0x74, 0xFF, 0x18, 0x13, 0x75, 0xFF, 0x18, 0x13, 0x73, 0xFF,
    0x18, 0x13, 0x73, 0xFF, 0x18, 0x13, 0x75, 0xFF, 0x18, 0x13, 0x73, 0xFF, 0x18, 0x13, 0x73, 0xFF,
    0x18, 0x13, 0x75, 0xFF, 0x18, 0x13, 0x73, 0xFF, 0x16, 0x11, 0x66, 0xFF, 0x0C, 0x09, 0x3C, 0xBF,
    0x15, 0x11, 0x67, 0xAF, 0x19, 0x14, 0x79, 0xFF, 0x18, 0x13, 0x74, 0xFF, 0x18, 0x13, 0x74, 0xFF,
    0x18, 0x12, 0x72, 0xFF, 0x18, 0x13, 0x75, 0xFF, 0x18, 0x13, 0x75, 0xFF, 0x18, 0x13, 0x73, 0xFF,
    0x18, 0x13, 0x73, 0xFF, 0x19, 0x13, 0x74, 0xFF, 0x18, 0x13, 0x75, 0xFF, 0x18, 0x13, 0x74, 0xFF,
    0x18, 0x13, 0x72, 0xFF, 0x18, 0x12, 0x73, 0xFF, 0x18, 0x13, 0x74, 0xFF, 0x18, 0x13, 0x75, 0xFF,
    0x18, 0x13, 0x75, 0xFF, 0x18, 0x13, 0x73, 0xFF, 0x18, 0x13, 0x73, 0xFF, 0x18, 0x12, 0x72, 0xFF,
    0x19, 0x13, 0x75, 0xFF, 0x19, 0x14, 0x79, 0xFF, 0x1B, 0x15, 0x7F, 0xFF, 0x1B, 0x15, 0x83, 0xFF,
    0x1C, 0x16, 0x84, 0xFF, 0x1C, 0x16, 0x86, 0xFF, 0x1C, 0x16, 0x87, 0xFF, 0x1D, 0x16, 0x89, 0xFF,
    0x1D, 0x17, 0x8C, 0xFF, 0x1D, 0x17, 0x8D, 0xFF, 0x1E, 0x18, 0x90, 0xFF, 0x1E, 0x17, 0x90, 0xFF,
    0x1D, 0x16, 0x89, 0xFF, 0x1B, 0x15, 0x7E, 0xFF, 0x1A, 0x14, 0x7C, 0xBF, 0x18, 0x13, 0x71, 0x90,
    0x15, 0x0F, 0x64, 0x60, 0x15, 0x0F, 0x5A, 0x30, 0x00, 0x00, 0x00, 0x00, 0x00, 0x00, 0x00, 0x00,
    0x00, 0x00, 0x00, 0x00, 0x00, 0x00, 0x00, 0x00, 0x00, 0x00, 0x00, 0x00, 0x00, 0x00, 0x00, 0x00,
    0x00, 0x00, 0x00, 0x00, 0x00, 0x00, 0x00, 0x00, 0x00, 0x00, 0x00, 0x00, 0x00, 0x00, 0x00, 0x00,
    0x00, 0x00, 0x00, 0x00, 0x00, 0x00, 0x00, 0x00, 0x00, 0x00, 0x00, 0x00, 0x00, 0x00, 0x00, 0x00,
    0x00, 0x00, 0x00, 0x00, 0x00, 0x00, 0x00, 0x00, 0x00, 0x00, 0x00, 0x00, 0x00, 0x00, 0x00, 0x00,
    0x00, 0x00, 0x00, 0x00, 0x00, 0x00, 0x00, 0x00, 0x00, 0x00, 0x00, 0x00, 0x00, 0x00, 0x00, 0x00,
    0x00, 0x00, 0x00, 0x00, 0x00, 0x00, 0x00, 0x00, 0x00, 0x00, 0x00, 0x00, 0x00, 0x00, 0x00, 0x00,
    0x00, 0x00, 0x00, 0x00, 0x00, 0x00, 0x00, 0x00, 0x00, 0x00, 0x00, 0x00, 0x00, 0x00, 0x00, 0x00,
    0x00, 0x00, 0x00, 0x00, 0x00, 0x00, 0x00, 0x00, 0x00, 0x00, 0x00, 0x00, 0x00, 0x00, 0x00, 0x00,
    0x00, 0x00, 0x00, 0x00, 0x00, 0x00, 0x00, 0x00, 0x00, 0x00, 0x00, 0x00, 0x00, 0x00, 0x00, 0x00,
    0x00, 0x00, 0x00, 0x00, 0x00, 0x00, 0x00, 0x00, 0x00, 0x00, 0x00, 0x00, 0x00, 0x00, 0x00, 0x00,
    0x00, 0x00, 0x00, 0x00, 0x00, 0x00, 0x00, 0x00, 0x00, 0x00, 0x00, 0x00, 0x00, 0x00, 0x00, 0x00,
    0x00, 0x00, 0x00, 0x00, 0x00, 0x00, 0x00, 0x00, 0x00, 0x00, 0x00, 0x00, 0x00, 0x00, 0x00, 0x00,
    0x00, 0x00, 0x00, 0x00, 0x00, 0x00, 0x00, 0x00, 0x00, 0x00, 0x00, 0x00, 0x00, 0x00, 0x00, 0x00,
    0x00, 0x00, 0x00, 0x00, 0x00, 0x00, 0x00, 0x00, 0x15, 0x0F, 0x64, 0x30, 0x17, 0x12, 0x72, 0x60,
    0x1A, 0x15, 0x81, 0x90, 0x1D, 0x16, 0x8A, 0xBF, 0x1E, 0x17, 0x8D, 0xFF, 0x21, 0x19, 0x9A, 0xFF,
    0x22, 0x1A, 0xA0, 0xFF, 0x22, 0x1A, 0xA0, 0xFF, 0x21, 0x1A, 0x9E, 0xFF, 0x21, 0x1A, 0x9E, 0xFF,
    0x21, 0x1A, 0x9E, 0xFF, 0x21, 0x1A, 0x9C, 0xFF, 0x20, 0x19, 0x99, 0xFF, 0x1F, 0x18, 0x95, 0xFF,
    0x1E, 0x17, 0x90, 0xFF, 0x1C, 0x16, 0x87, 0xFF, 0x1B, 0x15, 0x7E, 0xFF, 0x19, 0x13, 0x77, 0xFF,
    0x18, 0x13, 0x74, 0xFF, 0x18, 0x13, 0x73, 0xFF, 0x18, 0x12, 0x72, 0xFF, 0x18, 0x13, 0x73, 0xFF,
    0x19, 0x13, 0x75, 0xFF, 0x18, 0x13, 0x75, 0xFF, 0x18, 0x13, 0x73, 0xFF, 0x18, 0x12, 0x72, 0xFF,
    0x18, 0x13, 0x73, 0xFF, 0x18, 0x13, 0x75, 0xFF, 0x18, 0x13, 0x74, 0xFF, 0x18, 0x12, 0x72, 0xFF,
    0x18, 0x13, 0x75, 0xFF, 0x18, 0x13, 0x74, 0xFF, 0x18, 0x13, 0x72, 0xFF, 0x18, 0x13, 0x74, 0xFF,
    0x18, 0x13, 0x73, 0xFF, 0x18, 0x13, 0x74, 0xFF, 0x14, 0x0F, 0x5E, 0xFF, 0x0B, 0x08, 0x37, 0xAF,
    0x15, 0x0F, 0x63, 0x80, 0x1A, 0x14, 0x7A, 0xFF, 0x18, 0x13, 0x74, 0xFF, 0x18, 0x13, 0x75, 0xFF,
    0x18, 0x13, 0x73, 0xFF, 0x18, 0x13, 0x73, 0xFF, 0x18, 0x13, 0x75, 0xFF, 0x18, 0x13, 0x74, 0xFF,
    0x18, 0x12, 0x72, 0xFF, 0x18, 0x13, 0x73, 0xFF, 0x19, 0x13, 0x75, 0xFF, 0x18, 0x13, 0x75, 0xFF,
    0x18, 0x13, 0x74, 0xFF, 0x18, 0x12, 0x72, 0xFF, 0x18, 0x13, 0x73, 0xFF, 0x18, 0x13, 0x75, 0xFF,
    0x18, 0x13, 0x75, 0xFF, 0x18, 0x13, 0x75, 0xFF, 0x18, 0x13, 0x74, 0xFF, 0x18, 0x13, 0x73, 0xFF,
    0x18, 0x12, 0x72, 0xFF, 0x18, 0x13, 0x73, 0xFF, 0x18, 0x13, 0x75, 0xFF, 0x19, 0x14, 0x78, 0xFF,
    0x1A, 0x15, 0x7E, 0xFF, 0x1B, 0x15, 0x80, 0xFF, 0x1C, 0x15, 0x83, 0xFF, 0x1C, 0x15, 0x84, 0xFF,
    0x1C, 0x16, 0x85, 0xFF, 0x1D, 0x16, 0x89, 0xFF, 0x1D, 0x16, 0x8B, 0xFF, 0x1E, 0x17, 0x8D, 0xFF,
    0x1E, 0x17, 0x90, 0xFF, 0x1E, 0x17, 0x90, 0xFF, 0x1E, 0x17, 0x8F, 0xFF, 0x1E, 0x17, 0x91, 0xFF,
    0x1E, 0x17, 0x8E, 0xFF, 0x1D, 0x16, 0x88, 0xFF, 0x1B, 0x15, 0x7F, 0xFF, 0x1B, 0x14, 0x7D, 0xCF,
    0x18, 0x12, 0x77, 0xAF, 0x17, 0x11, 0x71, 0x80, 0x16, 0x13, 0x69, 0x50, 0x13, 0x0F, 0x5B, 0x40,
    0x00, 0x00, 0x00, 0x00, 0x00, 0x00, 0x00, 0x00, 0x00, 0x00, 0x00, 0x00, 0x00, 0x00, 0x00, 0x00,
    0x00, 0x00, 0x00, 0x00, 0x00, 0x00, 0x00, 0x00, 0x00, 0x00, 0x00, 0x00, 0x00, 0x00, 0x00, 0x00,
    0x00, 0x00, 0x00, 0x00, 0x00, 0x00, 0x00, 0x00, 0x00, 0x00, 0x00, 0x00, 0x00, 0x00, 0x00, 0x00,
    0x00, 0x00, 0x00, 0x00, 0x00, 0x00, 0x00, 0x00, 0x00, 0x00, 0x00, 0x00, 0x00, 0x00, 0x00, 0x00,
    0x00, 0x00, 0x00, 0x00, 0x00, 0x00, 0x00, 0x00, 0x00, 0x00, 0x00, 0x00, 0x00, 0x00, 0x00, 0x00,
    0x00, 0x00, 0x00, 0x00, 0x00, 0x00, 0x00, 0x00, 0x00, 0x00, 0x00, 0x00, 0x00, 0x00, 0x00, 0x00,
    0x00, 0x00, 0x00, 0x00, 0x00, 0x00, 0x00, 0x00, 0x00, 0x00, 0x00, 0x00, 0x00, 0x00, 0x00, 0x00,
    0x00, 0x00, 0x00, 0x00, 0x00, 0x00, 0x00, 0x00, 0x00, 0x00, 0x00, 0x00, 0x00, 0x00, 0x00, 0x00,
    0x00, 0x00, 0x00, 0x00, 0x00, 0x00, 0x00, 0x00, 0x00, 0x00, 0x00, 0x00, 0x00, 0x00, 0x00, 0x00,
    0x00, 0x00, 0x00, 0x00, 0x00, 0x00, 0x00, 0x00, 0x00, 0x00, 0x00, 0x00, 0x00, 0x00, 0x00, 0x00,
    0x00, 0x00, 0x00, 0x00, 0x00, 0x00, 0x00, 0x00, 0x00, 0x00, 0x00, 0x00, 0x00, 0x00, 0x00, 0x00,
    0x17, 0x0F, 0x67, 0x40, 0x19, 0x13, 0x75, 0x50, 0x19, 0x13, 0x7D, 0x80, 0x1B, 0x15, 0x84, 0xAF,
    0x1D, 0x17, 0x8C, 0xCF, 0x1E, 0x17, 0x8F, 0xFF, 0x20, 0x19, 0x99, 0xFF, 0x22, 0x1A, 0x9F, 0xFF,
    0x22, 0x1A, 0xA0, 0xFF, 0x22, 0x1A, 0xA0, 0xFF, 0x21, 0x1A, 0x9E, 0xFF, 0x21, 0x1A, 0x9E, 0xFF,
    0x21, 0x19, 0x9D, 0xFF, 0x21, 0x1A, 0x9D, 0xFF, 0x21, 0x1A, 0x9C, 0xFF, 0x20, 0x19, 0x99, 0xFF,
    0x1F, 0x18, 0x94, 0xFF, 0x1E, 0x18, 0x90, 0xFF, 0x1D, 0x17, 0x8B, 0xFF, 0x1C, 0x16, 0x82, 0xFF,
    0x1A, 0x14, 0x7B, 0xFF, 0x19, 0x13, 0x77, 0xFF, 0x18, 0x13, 0x74, 0xFF, 0x18, 0x13, 0x74, 0xFF,
    0x18, 0x13, 0x72, 0xFF, 0x18, 0x13, 0x72, 0xFF, 0x18, 0x13, 0x74, 0xFF, 0x19, 0x13, 0x75, 0xFF,
    0x18, 0x13, 0x75, 0xFF, 0x18, 0x13, 0x73, 0xFF, 0x18, 0x13, 0x72, 0xFF, 0x18, 0x13, 0x73, 0xFF,
    0x18, 0x13, 0x75, 0xFF, 0x18, 0x13, 0x75, 0xFF, 0x18, 0x13, 0x72, 0xFF, 0x18, 0x13, 0x73, 0xFF,
    0x18, 0x13, 0x75, 0xFF, 0x18, 0x13, 0x73, 0xFF, 0x18, 0x13, 0x73, 0xFF, 0x18, 0x13, 0x75, 0xFF,
    0x18, 0x13, 0x73, 0xFF, 0x18, 0x13, 0x72, 0xFF, 0x12, 0x0E, 0x55, 0xFF, 0x09, 0x07, 0x33, 0x80,
    0x12, 0x0F, 0x58, 0x70, 0x1A, 0x14, 0x7A, 0xFF, 0x18, 0x13, 0x74, 0xFF, 0x18, 0x13, 0x75, 0xFF,
    0x18, 0x13, 0x74, 0xFF, 0x18, 0x12, 0x72, 0xFF, 0x18, 0x13, 0x74, 0xFF, 0x19, 0x13, 0x75, 0xFF,
    0x18, 0x13, 0x74, 0xFF, 0x18, 0x12, 0x72, 0xFF, 0x18, 0x13, 0x73, 0xFF, 0x18, 0x13, 0x75, 0xFF,
    0x18, 0x13, 0x75, 0xFF, 0x18, 0x13, 0x74, 0xFF, 0x18, 0x12, 0x72, 0xFF, 0x18, 0x13, 0x73, 0xFF,
    0x18, 0x13, 0x74, 0xFF, 0x18, 0x13, 0x75, 0xFF, 0x18, 0x13, 0x75, 0xFF, 0x18, 0x13, 0x74, 0xFF,
    0x18, 0x12, 0x73, 0xFF, 0x18, 0x13, 0x72, 0xFF, 0x18, 0x12, 0x72, 0xFF, 0x18, 0x13, 0x74, 0xFF,
    0x18, 0x13, 0x75, 0xFF, 0x19, 0x14, 0x78, 0xFF, 0x1A, 0x14, 0x7A, 0xFF, 0x1A, 0x15, 0x7D, 0xFF,
    0x1B, 0x15, 0x80, 0xFF, 0x1B, 0x15, 0x81, 0xFF, 0x1C, 0x16, 0x85, 0xFF, 0x1C, 0x16, 0x88, 0xFF,
    0x1D, 0x16, 0x8A, 0xFF, 0x1E, 0x17, 0x8D, 0xFF, 0x1E, 0x17, 0x8F, 0xFF, 0x1E, 0x17, 0x8E, 0xFF,
    0x1E, 0x17, 0x8F, 0xFF, 0x1E, 0x17, 0x90, 0xFF, 0x1E, 0x17, 0x8F, 0xFF, 0x1E, 0x17, 0x8E, 0xFF,
    0x1E, 0x17, 0x8F, 0xFF, 0x1E, 0x17, 0x90, 0xFF, 0x1E, 0x18, 0x90, 0xFF, 0x1D, 0x17, 0x8B, 0xFF,
    0x1C, 0x15, 0x85, 0xFF, 0x1A, 0x14, 0x7E, 0xFF, 0x1A, 0x15, 0x81, 0xBF, 0x19, 0x14, 0x79, 0xBF,
    0x19, 0x13, 0x7D, 0x80, 0x17, 0x11, 0x71, 0x80, 0x15, 0x12, 0x6A, 0x60, 0x17, 0x0F, 0x67, 0x40,
    0x13, 0x0F, 0x5F, 0x40, 0x0F, 0x0F, 0x5F, 0x10, 0x00, 0x00, 0x00, 0x00, 0x00, 0x00, 0x00, 0x00,
    0x00, 0x00, 0x00, 0x00, 0x00, 0x00, 0x00, 0x00, 0x00, 0x00, 0x00, 0x00, 0x00, 0x00, 0x00, 0x00,
    0x00, 0x00, 0x00, 0x00, 0x00, 0x00, 0x00, 0x00, 0x00, 0x00, 0x00, 0x00, 0x00, 0x00, 0x00, 0x00,
    0x00, 0x00, 0x00, 0x00, 0x00, 0x00, 0x00, 0x00, 0x00, 0x00, 0x00, 0x00, 0x00, 0x00, 0x00, 0x00,
    0x00, 0x00, 0x00, 0x00, 0x00, 0x00, 0x00, 0x00, 0x00, 0x00, 0x00, 0x00, 0x00, 0x00, 0x00, 0x00,
    0x00, 0x00, 0x00, 0x00, 0x00, 0x00, 0x00, 0x00, 0x00, 0x00, 0x00, 0x00, 0x00, 0x00, 0x00, 0x00,
    0x00, 0x00, 0x00, 0x00, 0x00, 0x00, 0x00, 0x00, 0x0F, 0x0F, 0x5F, 0x10, 0x13, 0x0F, 0x5F, 0x40,
    0x17, 0x0F, 0x6B, 0x40, 0x17, 0x12, 0x6C, 0x60, 0x17, 0x13, 0x73, 0x80, 0x1B, 0x15, 0x81, 0x80,
    0x1A, 0x15, 0x80, 0xBF, 0x1D, 0x16, 0x8A, 0xBF, 0x1D, 0x16, 0x88, 0xFF, 0x1F, 0x18, 0x90, 0xFF,
    0x20, 0x19, 0x98, 0xFF, 0x21, 0x19, 0x9C, 0xFF, 0x21, 0x1A, 0x9E, 0xFF, 0x21, 0x1A, 0x9E, 0xFF,
    0x21, 0x1A, 0x9E, 0xFF, 0x21, 0x1A, 0x9D, 0xFF, 0x21, 0x19, 0x9D, 0xFF, 0x21, 0x19, 0x9D, 0xFF,
    0x21, 0x19, 0x9C, 0xFF, 0x21, 0x19, 0x9C, 0xFF, 0x21, 0x19, 0x9C, 0xFF, 0x21, 0x19, 0x9B, 0xFF,
    0x20, 0x19, 0x98, 0xFF, 0x1F, 0x18, 0x94, 0xFF, 0x1E, 0x17, 0x8F, 0xFF, 0x1D, 0x17, 0x8B, 0xFF,
    0x1C, 0x16, 0x86, 0xFF, 0x1B, 0x15, 0x7E, 0xFF, 0x19, 0x14, 0x78, 0xFF, 0x19, 0x13, 0x76, 0xFF,
    0x19, 0x13, 0x75, 0xFF, 0x18, 0x13, 0x74, 0xFF, 0x18, 0x13, 0x74, 0xFF, 0x18, 0x12, 0x72, 0xFF,
    0x18, 0x13, 0x73, 0xFF, 0x18, 0x13, 0x73, 0xFF, 0x19, 0x13, 0x75, 0xFF, 0x18, 0x13, 0x75, 0xFF,
    0x18, 0x13, 0x74, 0xFF, 0x18, 0x12, 0x72, 0xFF, 0x18, 0x12, 0x73, 0xFF, 0x18, 0x13, 0x75, 0xFF,
    0x18, 0x13, 0x75, 0xFF, 0x18, 0x13, 0x73, 0xFF, 0x18, 0x13, 0x72, 0xFF, 0x18, 0x13, 0x75, 0xFF,
    0x18, 0x13, 0x74, 0xFF, 0x18, 0x13, 0x72, 0xFF, 0x18, 0x13, 0x74, 0xFF, 0x18, 0x13, 0x74, 0xFF,
    0x18, 0x12, 0x72, 0xFF, 0x17, 0x12, 0x6E, 0xFF, 0x10, 0x0D, 0x4D, 0xFF, 0x09, 0x06, 0x2D, 0x70,
    0x0F, 0x0F, 0x53, 0x40, 0x19, 0x13, 0x77, 0xFF, 0x19, 0x13, 0x76, 0xFF, 0x18, 0x13, 0x74, 0xFF,
    0x18, 0x13, 0x75, 0xFF, 0x18, 0x13, 0x73, 0xFF, 0x18, 0x13, 0x73, 0xFF, 0x18, 0x13, 0x74, 0xFF,
    0x18, 0x13, 0x75, 0xFF, 0x18, 0x13, 0x74, 0xFF, 0x18, 0x12, 0x72, 0xFF, 0x18, 0x13, 0x73, 0xFF,
    0x19, 0x13, 0x75, 0xFF, 0x18, 0x13, 0x75, 0xFF, 0x18, 0x13, 0x74, 0xFF, 0x18, 0x12, 0x72, 0xFF,
    0x18, 0x12, 0x73, 0xFF, 0x18, 0x13, 0x74, 0xFF, 0x18, 0x13, 0x75, 0xFF, 0x18, 0x13, 0x75, 0xFF,
    0x18, 0x13, 0x75, 0xFF, 0x18, 0x13, 0x73, 0xFF, 0x18, 0x13, 0x73, 0xFF, 0x18, 0x12, 0x72, 0xFF,
    0x18, 0x13, 0x74, 0xFF, 0x18, 0x13, 0x74, 0xFF, 0x19, 0x13, 0x75, 0xFF, 0x19, 0x13, 0x76, 0xFF,
    0x19, 0x13, 0x77, 0xFF, 0x1A, 0x14, 0x7B, 0xFF, 0x1A, 0x14, 0x7D, 0xFF, 0x1B, 0x15, 0x80, 0xFF,
    0x1C, 0x16, 0x84, 0xFF, 0x1C, 0x16, 0x86, 0xFF, 0x1D, 0x16, 0x89, 0xFF, 0x1E, 0x17, 0x8D, 0xFF,
    0x1D, 0x17, 0x8D, 0xFF, 0x1D, 0x17, 0x8D, 0xFF, 0x1E, 0x17, 0x8E, 0xFF, 0x1E, 0x17, 0x8F, 0xFF,
    0x1E, 0x17, 0x8E, 0xFF, 0x1D, 0x17, 0x8D, 0xFF, 0x1E, 0x17, 0x8E, 0xFF, 0x1E, 0x17, 0x90, 0xFF,
    0x1E, 0x18, 0x91, 0xFF, 0x1E, 0x17, 0x91, 0xFF, 0x1E, 0x17, 0x91, 0xFF, 0x1E, 0x17, 0x91, 0xFF,
    0x1E, 0x18, 0x92, 0xFF, 0x1F, 0x18, 0x93, 0xFF, 0x1F, 0x18, 0x93, 0xFF, 0x1E, 0x18, 0x91, 0xFF,
    0x1E, 0x17, 0x8F, 0xFF, 0x1D, 0x17, 0x8C, 0xFF, 0x1D, 0x16, 0x88, 0xFF, 0x1C, 0x16, 0x84, 0xFF,
    0x1A, 0x15, 0x83, 0xEF, 0x1D, 0x15, 0x88, 0xBF, 0x1C, 0x15, 0x84, 0xBF, 0x1A, 0x15, 0x81, 0xBF,
    0x1A, 0x15, 0x7D, 0xBF, 0x1A, 0x14, 0x7A, 0xBF, 0x19, 0x14, 0x79, 0xBF, 0x1A, 0x15, 0x7F, 0x90,
    0x1B, 0x15, 0x83, 0x80, 0x1B, 0x15, 0x81, 0x80, 0x1B, 0x15, 0x81, 0x80, 0x1B, 0x15, 0x81, 0x80,
    0x1A, 0x15, 0x7F, 0x90, 0x19, 0x12, 0x78, 0xBF, 0x19, 0x14, 0x7A, 0xBF, 0x1A, 0x15, 0x7D, 0xBF,
    0x1A, 0x15, 0x80, 0xBF, 0x1C, 0x15, 0x84, 0xBF, 0x1D, 0x16, 0x88, 0xBF, 0x1B, 0x15, 0x83, 0xEF,
    0x1C, 0x16, 0x85, 0xFF, 0x1D, 0x16, 0x89, 0xFF, 0x1E, 0x17, 0x8E, 0xFF, 0x1F, 0x18, 0x93, 0xFF,
    0x1F, 0x18, 0x95, 0xFF, 0x20, 0x19, 0x99, 0xFF, 0x20, 0x19, 0x9A, 0xFF, 0x20, 0x19, 0x9A, 0xFF,
    0x20, 0x19, 0x9A, 0xFF, 0x20, 0x19, 0x9B, 0xFF, 0x20, 0x19, 0x9B, 0xFF, 0x20, 0x19, 0x9B, 0xFF,
    0x20, 0x19, 0x9B, 0xFF, 0x20, 0x19, 0x9B, 0xFF, 0x21, 0x19, 0x9C, 0xFF, 0x21, 0x19, 0x9C, 0xFF,
    0x21, 0x19, 0x9C, 0xFF, 0x21, 0x19, 0x9C, 0xFF, 0x21, 0x19, 0x9C, 0xFF, 0x21, 0x19, 0x9B, 0xFF,
    0x20, 0x19, 0x99, 0xFF, 0x1F, 0x19, 0x97, 0xFF, 0x1F, 0x18, 0x93, 0xFF, 0x1E, 0x17, 0x8F, 0xFF,
    0x1D, 0x17, 0x8B, 0xFF, 0x1C, 0x16, 0x86, 0xFF, 0x1B, 0x15, 0x81, 0xFF, 0x1A, 0x14, 0x7A, 0xFF,
    0x18, 0x13, 0x76, 0xFF, 0x19, 0x13, 0x75, 0xFF, 0x19, 0x13, 0x76, 0xFF, 0x18, 0x13, 0x74, 0xFF,
    0x18, 0x13, 0x74, 0xFF, 0x18, 0x13, 0x73, 0xFF, 0x18, 0x12, 0x72, 0xFF, 0x18, 0x13, 0x73, 0xFF,
    0x18, 0x13, 0x73, 0xFF, 0x19, 0x13, 0x76, 0xFF, 0x18, 0x13, 0x75, 0xFF, 0x18, 0x13, 0x74, 0xFF,
    0x18, 0x12, 0x72, 0xFF, 0x18, 0x13, 0x73, 0xFF, 0x18, 0x13, 0x75, 0xFF, 0x18, 0x13, 0x75, 0xFF,
    0x18, 0x13, 0x73, 0xFF, 0x18, 0x12, 0x72, 0xFF, 0x18, 0x13, 0x74, 0xFF, 0x19, 0x13, 0x75, 0xFF,
    0x18, 0x13, 0x73, 0xFF, 0x18, 0x13, 0x73, 0xFF, 0x18, 0x13, 0x75, 0xFF, 0x18, 0x13, 0x73, 0xFF,
    0x18, 0x13, 0x73, 0xFF, 0x16, 0x11, 0x66, 0xFF, 0x0E, 0x0B, 0x44, 0xFF, 0x07, 0x07, 0x2B, 0x40,
    0x0F, 0x0F, 0x4F, 0x10, 0x17, 0x12, 0x70, 0xFF, 0x19, 0x13, 0x77, 0xFF, 0x18, 0x13, 0x73, 0xFF,
    0x18, 0x13, 0x75, 0xFF, 0x18, 0x13, 0x74, 0xFF, 0x18, 0x12, 0x72, 0xFF, 0x18, 0x13, 0x74, 0xFF,
    0x19, 0x13, 0x75, 0xFF, 0x18, 0x13, 0x74, 0xFF, 0x18, 0x13, 0x73, 0xFF, 0x18, 0x13, 0x72, 0xFF,
    0x18, 0x13, 0x73, 0xFF, 0x19, 0x13, 0x75, 0xFF, 0x18, 0x13, 0x75, 0xFF, 0x18, 0x13, 0x74, 0xFF,
    0x18, 0x12, 0x72, 0xFF, 0x18, 0x13, 0x73, 0xFF, 0x18, 0x13, 0x74, 0xFF, 0x18, 0x13, 0x75, 0xFF,
    0x18, 0x13, 0x75, 0xFF, 0x18, 0x13, 0x75, 0xFF, 0x18, 0x12, 0x72, 0xFF, 0x18, 0x13, 0x73, 0xFF,
    0x18, 0x12, 0x72, 0xFF, 0x18, 0x13, 0x74, 0xFF, 0x18, 0x13, 0x75, 0xFF, 0x18, 0x13, 0x75, 0xFF,
    0x19, 0x13, 0x76, 0xFF, 0x18, 0x13, 0x74, 0xFF, 0x19, 0x13, 0x75, 0xFF, 0x19, 0x13, 0x77, 0xFF,
    0x19, 0x14, 0x79, 0xFF, 0x1A, 0x15, 0x7E, 0xFF, 0x1B, 0x15, 0x82, 0xFF, 0x1C, 0x16, 0x84, 0xFF,
    0x1D, 0x16, 0x88, 0xFF, 0x1D, 0x17, 0x8B, 0xFF, 0x1D, 0x16, 0x8B, 0xFF, 0x1D, 0x17, 0x8C, 0xFF,
    0x1E, 0x17, 0x8D, 0xFF, 0x1E, 0x17, 0x8E, 0xFF, 0x1D, 0x17, 0x8D, 0xFF, 0x1D, 0x17, 0x8C, 0xFF,
    0x1D, 0x17, 0x8D, 0xFF, 0x1E, 0x17, 0x8E, 0xFF, 0x1E, 0x17, 0x90, 0xFF, 0x1E, 0x17, 0x91, 0xFF,
    0x1E, 0x17, 0x91, 0xFF, 0x1E, 0x17, 0x91, 0xFF, 0x1E, 0x18, 0x91, 0xFF, 0x1E, 0x18, 0x91, 0xFF,
    0x1E, 0x18, 0x92, 0xFF, 0x1F, 0x18, 0x92, 0xFF, 0x1F, 0x18, 0x93, 0xFF, 0x1F, 0x18, 0x94, 0xFF,
    0x1F, 0x18, 0x94, 0xFF, 0x1F, 0x18, 0x94, 0xFF, 0x1F, 0x18, 0x95, 0xFF, 0x1F, 0x18, 0x95, 0xFF,
    0x1F, 0x18, 0x95, 0xFF, 0x1F, 0x18, 0x95, 0xFF, 0x1F, 0x18, 0x95, 0xFF, 0x1F, 0x18, 0x95, 0xFF,
    0x1F, 0x18, 0x96, 0xFF, 0x1F, 0x18, 0x96, 0xFF, 0x1F, 0x18, 0x96, 0xFF, 0x1F, 0x18, 0x97, 0xFF,
    0x20, 0x19, 0x97, 0xFF, 0x20, 0x19, 0x98, 0xFF, 0x20, 0x19, 0x98, 0xFF, 0x20, 0x19, 0x98, 0xFF,
    0x20, 0x19, 0x99, 0xFF, 0x20, 0x19, 0x99, 0xFF, 0x20, 0x19, 0x99, 0xFF, 0x20, 0x19, 0x9A, 0xFF,
    0x20, 0x19, 0x9A, 0xFF, 0x20, 0x19, 0x9A, 0xFF, 0x20, 0x19, 0x9A, 0xFF, 0x20, 0x19, 0x9B, 0xFF,
    0x20, 0x19, 0x9B, 0xFF, 0x20, 0x19, 0x9B, 0xFF, 0x20, 0x19, 0x9B, 0xFF, 0x20, 0x19, 0x9B, 0xFF,
    0x20, 0x19, 0x9B, 0xFF, 0x20, 0x19, 0x9B, 0xFF, 0x21, 0x19, 0x9B, 0xFF, 0x21, 0x19, 0x9B, 0xFF,
    0x21, 0x19, 0x9B, 0xFF, 0x21, 0x19, 0x9B, 0xFF, 0x20, 0x19, 0x9A, 0xFF, 0x20, 0x19, 0x9A, 0xFF,
    0x20, 0x19, 0x98, 0xFF, 0x1F, 0x19, 0x96, 0xFF, 0x1F, 0x18, 0x94, 0xFF, 0x1E, 0x18, 0x91, 0xFF,
    0x1D, 0x17, 0x8D, 0xFF, 0x1D, 0x16, 0x8A, 0xFF, 0x1C, 0x16, 0x86, 0xFF, 0x1B, 0x15, 0x82, 0xFF,
    0x1A, 0x14, 0x7C, 0xFF, 0x19, 0x13, 0x77, 0xFF, 0x18, 0x13, 0x75, 0xFF, 0x19, 0x13, 0x75, 0xFF,
    0x19, 0x13, 0x76, 0xFF, 0x18, 0x13, 0x75, 0xFF, 0x18, 0x13, 0x74, 0xFF, 0x18, 0x13, 0x74, 0xFF,
    0x18, 0x13, 0x72, 0xFF, 0x18, 0x12, 0x72, 0xFF, 0x18, 0x13, 0x73, 0xFF, 0x18, 0x13, 0x74, 0xFF,
    0x19, 0x13, 0x76, 0xFF, 0x18, 0x13, 0x74, 0xFF, 0x18, 0x13, 0x74, 0xFF, 0x18, 0x12, 0x72, 0xFF,
    0x18, 0x12, 0x73, 0xFF, 0x18, 0x13, 0x74, 0xFF, 0x18, 0x13, 0x75, 0xFF, 0x18, 0x13, 0x74, 0xFF,
    0x18, 0x12, 0x73, 0xFF, 0x18, 0x13, 0x73, 0xFF, 0x18, 0x13, 0x75, 0xFF, 0x18, 0x13, 0x74, 0xFF,
    0x18, 0x12, 0x72, 0xFF, 0x18, 0x13, 0x74, 0xFF, 0x18, 0x13, 0x75, 0xFF, 0x18, 0x13, 0x73, 0xFF,
    0x18, 0x13, 0x73, 0xFF, 0x14, 0x0F, 0x5C, 0xFF, 0x0D, 0x0A, 0x3D, 0xFF, 0x0F, 0x0F, 0x1F, 0x10,
    0x00, 0x00, 0x00, 0x00, 0x15, 0x11, 0x69, 0xDF, 0x19, 0x14, 0x78, 0xFF, 0x18, 0x13, 0x73, 0xFF,
    0x18, 0x13, 0x75, 0xFF, 0x18, 0x13, 0x75, 0xFF, 0x18, 0x13, 0x73, 0xFF, 0x18, 0x12, 0x72, 0xFF,
    0x18, 0x13, 0x74, 0xFF, 0x19, 0x13, 0x75, 0xFF, 0x18, 0x13, 0x74, 0xFF, 0x18, 0x13, 0x72, 0xFF,
    0x18, 0x13, 0x73, 0xFF, 0x18, 0x13, 0x73, 0xFF, 0x19, 0x13, 0x76, 0xFF, 0x18, 0x13, 0x75, 0xFF,
    0x18, 0x13, 0x74, 0xFF, 0x18, 0x12, 0x72, 0xFF, 0x18, 0x13, 0x73, 0xFF, 0x18, 0x13, 0x73, 0xFF,
    0x18, 0x13, 0x75, 0xFF, 0x18, 0x13, 0x75, 0xFF, 0x18, 0x13, 0x75, 0xFF, 0x18, 0x12, 0x73, 0xFF,
    0x18, 0x13, 0x73, 0xFF, 0x18, 0x12, 0x72, 0xFF, 0x18, 0x13, 0x73, 0xFF, 0x18, 0x13, 0x75, 0xFF,
    0x18, 0x13, 0x75, 0xFF, 0x19, 0x13, 0x76, 0xFF, 0x18, 0x13, 0x74, 0xFF, 0x18, 0x13, 0x73, 0xFF,
    0x18, 0x13, 0x74, 0xFF, 0x18, 0x13, 0x74, 0xFF, 0x19, 0x13, 0x77, 0xFF, 0x1A, 0x14, 0x7C, 0xFF,
    0x1B, 0x15, 0x7E, 0xFF, 0x1B, 0x15, 0x82, 0xFF, 0x1C, 0x16, 0x86, 0xFF, 0x1C, 0x16, 0x88, 0xFF,
    0x1C, 0x16, 0x88, 0xFF, 0x1D, 0x16, 0x8A, 0xFF, 0x1D, 0x17, 0x8B, 0xFF, 0x1D, 0x17, 0x8C, 0xFF,
    0x1D, 0x17, 0x8C, 0xFF, 0x1D, 0x17, 0x8B, 0xFF, 0x1D, 0x17, 0x8B, 0xFF, 0x1D, 0x17, 0x8D, 0xFF,
    0x1E, 0x17, 0x8E, 0xFF, 0x1E, 0x17, 0x8F, 0xFF, 0x1E, 0x17, 0x90, 0xFF, 0x1E, 0x18, 0x91, 0xFF,
    0x1E, 0x18, 0x91, 0xFF, 0x1E, 0x18, 0x92, 0xFF, 0x1E, 0x18, 0x92, 0xFF, 0x1F, 0x18, 0x92, 0xFF,
    0x1F, 0x18, 0x93, 0xFF, 0x1F, 0x18, 0x93, 0xFF, 0x1F, 0x18, 0x94, 0xFF, 0x1F, 0x18, 0x94, 0xFF,
    0x1F, 0x18, 0x94, 0xFF, 0x1F, 0x18, 0x95, 0xFF, 0x1F, 0x18, 0x95, 0xFF, 0x1F, 0x18, 0x96, 0xFF,
    0x1F, 0x18, 0x96, 0xFF, 0x1F, 0x18, 0x97, 0xFF, 0x20, 0x18, 0x97, 0xFF, 0x20, 0x19, 0x97, 0xFF,
    0x20, 0x19, 0x97, 0xFF, 0x20, 0x19, 0x97, 0xFF, 0x20, 0x19, 0x97, 0xFF, 0x20, 0x19, 0x98, 0xFF,
    0x20, 0x19, 0x98, 0xFF, 0x20, 0x19, 0x98, 0xFF, 0x20, 0x19, 0x98, 0xFF, 0x20, 0x19, 0x98, 0xFF,
    0x20, 0x19, 0x98, 0xFF, 0x20, 0x19, 0x98, 0xFF, 0x20, 0x19, 0x98, 0xFF, 0x20, 0x19, 0x98, 0xFF,
    0x20, 0x19, 0x98, 0xFF, 0x20, 0x19, 0x98, 0xFF, 0x20, 0x19, 0x98, 0xFF, 0x20, 0x19, 0x98, 0xFF,
    0x20, 0x19, 0x98, 0xFF, 0x20, 0x19, 0x98, 0xFF, 0x20, 0x19, 0x97, 0xFF, 0x20, 0x18, 0x96, 0xFF,
    0x1F, 0x18, 0x95, 0xFF, 0x1F, 0x18, 0x94, 0xFF, 0x1F, 0x18, 0x93, 0xFF, 0x1E, 0x18, 0x90, 0xFF,
    0x1E, 0x17, 0x8E, 0xFF, 0x1D, 0x17, 0x8B, 0xFF, 0x1D, 0x16, 0x89, 0xFF, 0x1C, 0x16, 0x85, 0xFF,
    0x1B, 0x15, 0x81, 0xFF, 0x1A, 0x14, 0x7C, 0xFF, 0x19, 0x14, 0x78, 0xFF, 0x18, 0x13, 0x75, 0xFF,
    0x18, 0x13, 0x74, 0xFF, 0x19, 0x13, 0x75, 0xFF, 0x19, 0x13, 0x76, 0xFF, 0x19, 0x13, 0x75, 0xFF,
    0x18, 0x13, 0x74, 0xFF, 0x18, 0x13, 0x74, 0xFF, 0x18, 0x13, 0x73, 0xFF, 0x18, 0x12, 0x71, 0xFF,
    0x18, 0x13, 0x72, 0xFF, 0x18, 0x13, 0x74, 0xFF, 0x18, 0x13, 0x74, 0xFF, 0x19, 0x13, 0x76, 0xFF,
    0x18, 0x13, 0x74, 0xFF, 0x18, 0x13, 0x75, 0xFF, 0x18, 0x12, 0x72, 0xFF, 0x18, 0x13, 0x73, 0xFF,
    0x18, 0x13, 0x74, 0xFF, 0x18, 0x13, 0x75, 0xFF, 0x18, 0x13, 0x75, 0xFF, 0x18, 0x12, 0x73, 0xFF,
    0x18, 0x12, 0x72, 0xFF, 0x18, 0x13, 0x75, 0xFF, 0x19, 0x13, 0x75, 0xFF, 0x18, 0x13, 0x73, 0xFF,
    0x18, 0x13, 0x73, 0xFF, 0x18, 0x13, 0x75, 0xFF, 0x18, 0x13, 0x74, 0xFF, 0x18, 0x12, 0x72, 0xFF,
    0x17, 0x12, 0x6F, 0xFF, 0x11, 0x0E, 0x53, 0xFF, 0x0B, 0x09, 0x38, 0xDF, 0x00, 0x00, 0x00, 0x00,
    0x00, 0x00, 0x00, 0x00, 0x15, 0x10, 0x64, 0xAF, 0x19, 0x13, 0x78, 0xFF, 0x18, 0x13, 0x75, 0xFF,
    0x18, 0x13, 0x74, 0xFF, 0x18, 0x13, 0x75, 0xFF, 0x18, 0x13, 0x74, 0xFF, 0x18, 0x13, 0x72, 0xFF,
    0x18, 0x13, 0x73, 0xFF, 0x18, 0x13, 0x74, 0xFF, 0x19, 0x13, 0x75, 0xFF, 0x18, 0x13, 0x74, 0xFF,
    0x18, 0x12, 0x72, 0xFF, 0x18, 0x13, 0x73, 0xFF, 0x18, 0x13, 0x74, 0xFF, 0x19, 0x13, 0x76, 0xFF,
    0x18, 0x13, 0x74, 0xFF, 0x18, 0x13, 0x74, 0xFF, 0x18, 0x12, 0x72, 0xFF, 0x18, 0x13, 0x73, 0xFF,
    0x18, 0x13, 0x73, 0xFF, 0x18, 0x13, 0x76, 0xFF, 0x18, 0x13, 0x75, 0xFF, 0x18, 0x13, 0x76, 0xFF,
    0x18, 0x13, 0x73, 0xFF, 0x18, 0x13, 0x73, 0xFF, 0x18, 0x12, 0x72, 0xFF, 0x18, 0x13, 0x73, 0xFF,
    0x18, 0x13, 0x75, 0xFF, 0x18, 0x13, 0x74, 0xFF, 0x19, 0x13, 0x76, 0xFF, 0x18, 0x13, 0x75, 0xFF,
    0x18, 0x13, 0x73, 0xFF, 0x18, 0x13, 0x74, 0xFF, 0x18, 0x12, 0x72, 0xFF, 0x18, 0x12, 0x72, 0xFF,
    0x19, 0x13, 0x76, 0xFF, 0x19, 0x14, 0x78, 0xFF, 0x1A, 0x14, 0x7B, 0xFF, 0x1B, 0x15, 0x80, 0xFF,
    0x1C, 0x15, 0x83, 0xFF, 0x1C, 0x15, 0x84, 0xFF, 0x1C, 0x16, 0x85, 0xFF, 0x1C, 0x16, 0x87, 0xFF,
    0x1D, 0x16, 0x89, 0xFF, 0x1D, 0x16, 0x8A, 0xFF, 0x1D, 0x16, 0x8A, 0xFF, 0x1D, 0x16, 0x8A, 0xFF,
    0x1D, 0x16, 0x8A, 0xFF, 0x1D, 0x16, 0x8B, 0xFF, 0x1D, 0x17, 0x8C, 0xFF, 0x1D, 0x17, 0x8D, 0xFF,
    0x1E, 0x17, 0x8E, 0xFF, 0x1E, 0x17, 0x8F, 0xFF, 0x1E, 0x17, 0x90, 0xFF, 0x1E, 0x18, 0x90, 0xFF,
    0x1E, 0x18, 0x91, 0xFF, 0x1F, 0x18, 0x92, 0xFF, 0x1F, 0x18, 0x92, 0xFF, 0x1F, 0x18, 0x93, 0xFF,
    0x1F, 0x18, 0x93, 0xFF, 0x1F, 0x18, 0x93, 0xFF, 0x1F, 0x18, 0x94, 0xFF, 0x1F, 0x18, 0x94, 0xFF,
    0x1F, 0x18, 0x94, 0xFF, 0x1F, 0x18, 0x94, 0xFF, 0x1F, 0x18, 0x94, 0xFF, 0x1F, 0x18, 0x94, 0xFF,
    0x1F, 0x18, 0x94, 0xFF, 0x1F, 0x18, 0x94, 0xFF, 0x1F, 0x18, 0x94, 0xFF, 0x1F, 0x18, 0x95, 0xFF,
    0x1F, 0x18, 0x95, 0xFF, 0x1F, 0x18, 0x95, 0xFF, 0x1F, 0x18, 0x96, 0xFF, 0x1F, 0x18, 0x96, 0xFF,
    0x1F, 0x18, 0x96, 0xFF, 0x1F, 0x18, 0x96, 0xFF, 0x1F, 0x18, 0x96, 0xFF, 0x1F, 0x18, 0x97, 0xFF,
    0x1F, 0x18, 0x97, 0xFF, 0x1F, 0x18, 0x96, 0xFF, 0x1F, 0x18, 0x96, 0xFF, 0x1F, 0x18, 0x96, 0xFF,
    0x1F, 0x18, 0x95, 0xFF, 0x1F, 0x18, 0x94, 0xFF, 0x1F, 0x18, 0x93, 0xFF, 0x1F, 0x18, 0x91, 0xFF,
    0x1E, 0x17, 0x90, 0xFF, 0x1E, 0x17, 0x8D, 0xFF, 0x1D, 0x17, 0x8A, 0xFF, 0x1C, 0x16, 0x87, 0xFF,
    0x1C, 0x16, 0x84, 0xFF, 0x1B, 0x15, 0x80, 0xFF, 0x1A, 0x14, 0x7C, 0xFF, 0x19, 0x14, 0x78, 0xFF,
    0x18, 0x13, 0x75, 0xFF, 0x18, 0x13, 0x74, 0xFF, 0x18, 0x13, 0x75, 0xFF, 0x19, 0x13, 0x76, 0xFF,
    0x19, 0x13, 0x76, 0xFF, 0x19, 0x13, 0x75, 0xFF, 0x18, 0x13, 0x74, 0xFF, 0x18, 0x13, 0x73, 0xFF,
    0x18, 0x13, 0x74, 0xFF, 0x18, 0x13, 0x73, 0xFF, 0x18, 0x12, 0x71, 0xFF, 0x18, 0x13, 0x73, 0xFF,
    0x18, 0x13, 0x74, 0xFF, 0x18, 0x13, 0x74, 0xFF, 0x19, 0x13, 0x76, 0xFF, 0x18, 0x13, 0x74, 0xFF,
    0x18, 0x13, 0x75, 0xFF, 0x18, 0x12, 0x72, 0xFF, 0x18, 0x13, 0x73, 0xFF, 0x18, 0x13, 0x73, 0xFF,
    0x18, 0x13, 0x75, 0xFF, 0x18, 0x13, 0x75, 0xFF, 0x18, 0x13, 0x73, 0xFF, 0x18, 0x12, 0x72, 0xFF,
    0x18, 0x13, 0x74, 0xFF, 0x18, 0x13, 0x75, 0xFF, 0x18, 0x13, 0x74, 0xFF, 0x18, 0x12, 0x72, 0xFF,
    0x18, 0x13, 0x74, 0xFF, 0x19, 0x13, 0x75, 0xFF, 0x18, 0x13, 0x73, 0xFF, 0x18, 0x13, 0x73, 0xFF,
    0x16, 0x11, 0x68, 0xFF, 0x10, 0x0C, 0x4B, 0xFF, 0x0A, 0x08, 0x33, 0xAF, 0x00, 0x00, 0x00, 0x00,
    0x00, 0x00, 0x00, 0x00, 0x12, 0x0F, 0x5B, 0x70, 0x19, 0x13, 0x77, 0xFF, 0x18, 0x13, 0x75, 0xFF,
    0x18, 0x13, 0x73, 0xFF, 0x18, 0x13, 0x75, 0xFF, 0x18, 0x13, 0x75, 0xFF, 0x18, 0x13, 0x73, 0xFF,
    0x18, 0x12, 0x72, 0xFF, 0x18, 0x13, 0x74, 0xFF, 0x19, 0x13, 0x75, 0xFF, 0x18, 0x13, 0x75, 0xFF,
    0x18, 0x13, 0x74, 0xFF, 0x18, 0x12, 0x72, 0xFF, 0x18, 0x13, 0x73, 0xFF, 0x18, 0x13, 0x74, 0xFF,
    0x19, 0x13, 0x76, 0xFF, 0x18, 0x13, 0x75, 0xFF, 0x18, 0x13, 0x74, 0xFF, 0x18, 0x12, 0x72, 0xFF,
    0x18, 0x13, 0x73, 0xFF, 0x18, 0x13, 0x73, 0xFF, 0x18, 0x13, 0x76, 0xFF, 0x18, 0x13, 0x75, 0xFF,
    0x18, 0x13, 0x75, 0xFF, 0x18, 0x13, 0x73, 0xFF, 0x18, 0x13, 0x73, 0xFF, 0x18, 0x12, 0x72, 0xFF,
    0x18, 0x13, 0x73, 0xFF, 0x18, 0x13, 0x75, 0xFF, 0x18, 0x13, 0x74, 0xFF, 0x19, 0x13, 0x76, 0xFF,
    0x18, 0x13, 0x75, 0xFF, 0x18, 0x13, 0x73, 0xFF, 0x18, 0x13, 0x74, 0xFF, 0x18, 0x13, 0x72, 0xFF,
    0x17, 0x12, 0x71, 0xFF, 0x18, 0x13, 0x73, 0xFF, 0x18, 0x13, 0x74, 0xFF, 0x18, 0x13, 0x75, 0xFF,
    0x19, 0x14, 0x78, 0xFF, 0x1A, 0x14, 0x7C, 0xFF, 0x1B, 0x15, 0x7F, 0xFF, 0x1B, 0x15, 0x80, 0xFF,
    0x1B, 0x15, 0x81, 0xFF, 0x1C, 0x15, 0x83, 0xFF, 0x1C, 0x16, 0x85, 0xFF, 0x1C, 0x16, 0x87, 0xFF,
    0x1D, 0x16, 0x88, 0xFF, 0x1D, 0x16, 0x88, 0xFF, 0x1D, 0x16, 0x89, 0xFF, 0x1D, 0x16, 0x89, 0xFF,
    0x1D, 0x16, 0x8A, 0xFF, 0x1D, 0x16, 0x8A, 0xFF, 0x1D, 0x17, 0x8B, 0xFF, 0x1D, 0x17, 0x8C, 0xFF,
    0x1D, 0x17, 0x8C, 0xFF, 0x1D, 0x17, 0x8D, 0xFF, 0x1E, 0x17, 0x8E, 0xFF, 0x1E, 0x17, 0x8E, 0xFF,
    0x1E, 0x17, 0x8F, 0xFF, 0x1E, 0x17, 0x8F, 0xFF, 0x1E, 0x17, 0x90, 0xFF, 0x1E, 0x17, 0x90, 0xFF,
    0x1E, 0x17, 0x91, 0xFF, 0x1E, 0x18, 0x91, 0xFF, 0x1E, 0x18, 0x92, 0xFF, 0x1F, 0x18, 0x92, 0xFF,
    0x1F, 0x18, 0x93, 0xFF, 0x1F, 0x18, 0x94, 0xFF, 0x1F, 0x18, 0x95, 0xFF, 0x1F, 0x18, 0x95, 0xFF,
    0x1F, 0x18, 0x96, 0xFF, 0x1F, 0x18, 0x96, 0xFF, 0x1F, 0x18, 0x96, 0xFF, 0x1F, 0x18, 0x96, 0xFF,
    0x1F, 0x18, 0x96, 0xFF, 0x1F, 0x18, 0x96, 0xFF, 0x1F, 0x18, 0x96, 0xFF, 0x1F, 0x18, 0x95, 0xFF,
    0x1F, 0x18, 0x95, 0xFF, 0x1F, 0x18, 0x94, 0xFF, 0x1F, 0x18, 0x92, 0xFF, 0x1E, 0x18, 0x91, 0xFF,
    0x1E, 0x17, 0x8F, 0xFF, 0x1D, 0x17, 0x8C, 0xFF, 0x1D, 0x17, 0x8A, 0xFF, 0x1C, 0x16, 0x87, 0xFF,
    0x1C, 0x15, 0x84, 0xFF, 0x1B, 0x15, 0x81, 0xFF, 0x1A, 0x14, 0x7D, 0xFF, 0x19, 0x14, 0x79, 0xFF,
    0x19, 0x13, 0x77, 0xFF, 0x18, 0x13, 0x75, 0xFF, 0x18, 0x13, 0x74, 0xFF, 0x18, 0x13, 0x75, 0xFF,
    0x19, 0x13, 0x76, 0xFF, 0x19, 0x13, 0x76, 0xFF, 0x19, 0x13, 0x76, 0xFF, 0x18, 0x13, 0x75, 0xFF,
    0x18, 0x13, 0x74, 0xFF, 0x18, 0x13, 0x73, 0xFF, 0x18, 0x13, 0x74, 0xFF, 0x18, 0x13, 0x73, 0xFF,
    0x18, 0x12, 0x72, 0xFF, 0x18, 0x12, 0x72, 0xFF, 0x18, 0x13, 0x74, 0xFF, 0x18, 0x13, 0x73, 0xFF,
    0x18, 0x13, 0x75, 0xFF, 0x19, 0x13, 0x76, 0xFF, 0x18, 0x13, 0x74, 0xFF, 0x18, 0x13, 0x75, 0xFF,
    0x18, 0x12, 0x72, 0xFF, 0x18, 0x13, 0x73, 0xFF, 0x18, 0x12, 0x73, 0xFF, 0x18, 0x13, 0x75, 0xFF,
    0x18, 0x13, 0x75, 0xFF, 0x18, 0x13, 0x74, 0xFF, 0x18, 0x12, 0x73, 0xFF, 0x18, 0x13, 0x73, 0xFF,
    0x18, 0x13, 0x75, 0xFF, 0x19, 0x13, 0x75, 0xFF, 0x18, 0x13, 0x73, 0xFF, 0x18, 0x13, 0x73, 0xFF,
    0x18, 0x13, 0x74, 0xFF, 0x18, 0x13, 0x75, 0xFF, 0x18, 0x12, 0x72, 0xFF, 0x18, 0x13, 0x72, 0xFF,
    0x14, 0x10, 0x5E, 0xFF, 0x0F, 0x0B, 0x45, 0xFF, 0x0B, 0x09, 0x2F, 0x70, 0x00, 0x00, 0x00, 0x00,
    0x00, 0x00, 0x00, 0x00, 0x0F, 0x0B, 0x4F, 0x40, 0x18, 0x13, 0x72, 0xFF, 0x19, 0x13, 0x76, 0xFF,
    0x18, 0x13, 0x73, 0xFF, 0x18, 0x13, 0x74, 0xFF, 0x18, 0x13, 0x75, 0xFF, 0x18, 0x13, 0x74, 0xFF,
    0x18, 0x13, 0x73, 0xFF, 0x18, 0x13, 0x72, 0xFF, 0x18, 0x13, 0x74, 0xFF, 0x19, 0x13, 0x76, 0xFF,
    0x18, 0x13, 0x74, 0xFF, 0x18, 0x13, 0x73, 0xFF, 0x18, 0x12, 0x72, 0xFF, 0x18, 0x13, 0x73, 0xFF,
    0x18, 0x13, 0x74, 0xFF, 0x19, 0x13, 0x75, 0xFF, 0x18, 0x13, 0x75, 0xFF, 0x18, 0x13, 0x73, 0xFF,
    0x18, 0x12, 0x72, 0xFF, 0x18, 0x13, 0x73, 0xFF, 0x18, 0x13, 0x73, 0xFF, 0x18, 0x13, 0x76, 0xFF,
    0x18, 0x13, 0x75, 0xFF, 0x18, 0x13, 0x76, 0xFF, 0x18, 0x13, 0x73, 0xFF, 0x18, 0x13, 0x73, 0xFF,
    0x18, 0x12, 0x72, 0xFF, 0x18, 0x13, 0x73, 0xFF, 0x18, 0x13, 0x75, 0xFF, 0x18, 0x13, 0x74, 0xFF,
    0x19, 0x13, 0x76, 0xFF, 0x19, 0x13, 0x75, 0xFF, 0x18, 0x13, 0x73, 0xFF, 0x18, 0x13, 0x74, 0xFF,
    0x18, 0x13, 0x73, 0xFF, 0x17, 0x12, 0x71, 0xFF, 0x18, 0x12, 0x72, 0xFF, 0x18, 0x13, 0x74, 0xFF,
    0x18, 0x13, 0x74, 0xFF, 0x18, 0x13, 0x73, 0xFF, 0x18, 0x13, 0x76, 0xFF, 0x19, 0x14, 0x78, 0xFF,
    0x1A, 0x14, 0x7A, 0xFF, 0x1A, 0x14, 0x7C, 0xFF, 0x1A, 0x14, 0x7D, 0xFF, 0x1B, 0x15, 0x7E, 0xFF,
    0x1B, 0x15, 0x81, 0xFF, 0x1B, 0x15, 0x83, 0xFF, 0x1C, 0x16, 0x84, 0xFF, 0x1C, 0x16, 0x86, 0xFF,
    0x1C, 0x16, 0x86, 0xFF, 0x1C, 0x16, 0x88, 0xFF, 0x1C, 0x16, 0x88, 0xFF, 0x1D, 0x16, 0x89, 0xFF,
    0x1D, 0x16, 0x8A, 0xFF, 0x1D, 0x16, 0x8A, 0xFF, 0x1D, 0x17, 0x8B, 0xFF, 0x1D, 0x17, 0x8C, 0xFF,
    0x1D, 0x17, 0x8D, 0xFF, 0x1E, 0x17, 0x8E, 0xFF, 0x1E, 0x17, 0x8E, 0xFF, 0x1E, 0x17, 0x8F, 0xFF,
    0x1E, 0x17, 0x90, 0xFF, 0x1E, 0x17, 0x90, 0xFF, 0x1E, 0x18, 0x91, 0xFF, 0x1F, 0x18, 0x92, 0xFF,
    0x1F, 0x18, 0x92, 0xFF, 0x1F, 0x18, 0x92, 0xFF, 0x1F, 0x18, 0x92, 0xFF, 0x1F, 0x18, 0x92, 0xFF,
    0x1F, 0x18, 0x92, 0xFF, 0x1F, 0x18, 0x91, 0xFF, 0x1E, 0x18, 0x91, 0xFF, 0x1E, 0x18, 0x90, 0xFF,
    0x1E, 0x17, 0x8F, 0xFF, 0x1E, 0x17, 0x8E, 0xFF, 0x1E, 0x17, 0x8D, 0xFF, 0x1D, 0x17, 0x8C, 0xFF,
    0x1D, 0x17, 0x8B, 0xFF, 0x1D, 0x16, 0x89, 0xFF, 0x1C, 0x16, 0x87, 0xFF, 0x1C, 0x16, 0x85, 0xFF,
    0x1B, 0x15, 0x82, 0xFF, 0x1B, 0x15, 0x7F, 0xFF, 0x1A, 0x14, 0x7D, 0xFF, 0x19, 0x14, 0x7A, 0xFF,
    0x19, 0x13, 0x77, 0xFF, 0x18, 0x13, 0x76, 0xFF, 0x18, 0x13, 0x75, 0xFF, 0x18, 0x13, 0x75, 0xFF,
    0x19, 0x13, 0x76, 0xFF, 0x19, 0x13, 0x76, 0xFF, 0x19, 0x13, 0x76, 0xFF, 0x19, 0x13, 0x76, 0xFF,
    0x18, 0x13, 0x75, 0xFF, 0x18, 0x13, 0x74, 0xFF, 0x18, 0x13, 0x73, 0xFF, 0x18, 0x13, 0x73, 0xFF,
    0x18, 0x13, 0x74, 0xFF, 0x18, 0x13, 0x73, 0xFF, 0x18, 0x12, 0x72, 0xFF, 0x17, 0x12, 0x71, 0xFF,
    0x18, 0x13, 0x73, 0xFF, 0x18, 0x13, 0x74, 0xFF, 0x18, 0x13, 0x73, 0xFF, 0x19, 0x13, 0x75, 0xFF,
    0x19, 0x13, 0x76, 0xFF, 0x18, 0x13, 0x74, 0xFF, 0x18, 0x13, 0x75, 0xFF, 0x18, 0x12, 0x72, 0xFF,
    0x18, 0x13, 0x73, 0xFF, 0x18, 0x12, 0x73, 0xFF, 0x18, 0x13, 0x75, 0xFF, 0x18, 0x13, 0x75, 0xFF,
    0x18, 0x13, 0x75, 0xFF, 0x18, 0x12, 0x73, 0xFF, 0x18, 0x12, 0x72, 0xFF, 0x18, 0x13, 0x75, 0xFF,
    0x18, 0x13, 0x75, 0xFF, 0x18, 0x13, 0x73, 0xFF, 0x18, 0x12, 0x72, 0xFF, 0x18, 0x13, 0x74, 0xFF,
    0x19, 0x13, 0x75, 0xFF, 0x18, 0x13, 0x73, 0xFF, 0x18, 0x13, 0x72, 0xFF, 0x17, 0x12, 0x6E, 0xFF,
    0x12, 0x0E, 0x55, 0xFF, 0x0D, 0x0A, 0x3E, 0xFF, 0x07, 0x07, 0x27, 0x40, 0x00, 0x00, 0x00, 0x00,
    0x00, 0x00, 0x00, 0x00, 0x00, 0x00, 0x00, 0x00, 0x16, 0x11, 0x68, 0xEF, 0x19, 0x13, 0x76, 0xFF,
    0x18, 0x13, 0x74, 0xFF, 0x18, 0x12, 0x72, 0xFF, 0x18, 0x13, 0x75, 0xFF, 0x18, 0x13, 0x75, 0xFF,
    0x18, 0x13, 0x73, 0xFF, 0x18, 0x12, 0x72, 0xFF, 0x18, 0x13, 0x74, 0xFF, 0x18, 0x13, 0x74, 0xFF,
    0x19, 0x13, 0x76, 0xFF, 0x18, 0x13, 0x74, 0xFF, 0x18, 0x13, 0x73, 0xFF, 0x18, 0x12, 0x72, 0xFF,
    0x18, 0x13, 0x73, 0xFF, 0x18, 0x13, 0x75, 0xFF, 0x19, 0x13, 0x75, 0xFF, 0x18, 0x13, 0x75, 0xFF,
    0x18, 0x13, 0x73, 0xFF, 0x18, 0x12, 0x72, 0xFF, 0x18, 0x13, 0x73, 0xFF, 0x18, 0x13, 0x74, 0xFF,
    0x18, 0x13, 0x75, 0xFF, 0x18, 0x13, 0x75, 0xFF, 0x18, 0x13, 0x76, 0xFF, 0x18, 0x13, 0x73, 0xFF,
    0x18, 0x13, 0x73, 0xFF, 0x18, 0x12, 0x72, 0xFF, 0x18, 0x12, 0x72, 0xFF, 0x18, 0x13, 0x75, 0xFF,
    0x18, 0x13, 0x74, 0xFF, 0x19, 0x13, 0x75, 0xFF, 0x19, 0x13, 0x76, 0xFF, 0x18, 0x13, 0x74, 0xFF,
    0x18, 0x13, 0x73, 0xFF, 0x18, 0x13, 0x73, 0xFF, 0x18, 0x12, 0x72, 0xFF, 0x18, 0x12, 0x71, 0xFF,
    0x18, 0x13, 0x73, 0xFF, 0x18, 0x13, 0x74, 0xFF, 0x18, 0x13, 0x73, 0xFF, 0x18, 0x13, 0x73, 0xFF,
    0x18, 0x13, 0x75, 0xFF, 0x19, 0x13, 0x76, 0xFF, 0x19, 0x13, 0x77, 0xFF, 0x19, 0x13, 0x77, 0xFF,
    0x19, 0x13, 0x78, 0xFF, 0x19, 0x14, 0x79, 0xFF, 0x1A, 0x14, 0x7B, 0xFF, 0x1A, 0x14, 0x7D, 0xFF,
    0x1A, 0x15, 0x7E, 0xFF, 0x1B, 0x15, 0x80, 0xFF, 0x1B, 0x15, 0x82, 0xFF, 0x1B, 0x15, 0x83, 0xFF,
    0x1C, 0x16, 0x84, 0xFF, 0x1C, 0x16, 0x85, 0xFF, 0x1C, 0x16, 0x86, 0xFF, 0x1C, 0x16, 0x87, 0xFF,
    0x1D, 0x16, 0x88, 0xFF, 0x1D, 0x16, 0x88, 0xFF, 0x1D, 0x16, 0x89, 0xFF, 0x1D, 0x16, 0x8A, 0xFF,
    0x1D, 0x17, 0x8A, 0xFF, 0x1D, 0x17, 0x8A, 0xFF, 0x1D, 0x17, 0x8A, 0xFF, 0x1D, 0x17, 0x8A, 0xFF,
    0x1D, 0x17, 0x8A, 0xFF, 0x1D, 0x16, 0x8A, 0xFF, 0x1D, 0x16, 0x89, 0xFF, 0x1D, 0x16, 0x89, 0xFF,
    0x1D, 0x16, 0x89, 0xFF, 0x1D, 0x16, 0x88, 0xFF, 0x1C, 0x16, 0x87, 0xFF, 0x1C, 0x16, 0x86, 0xFF,
    0x1C, 0x16, 0x85, 0xFF, 0x1C, 0x16, 0x84, 0xFF, 0x1C, 0x15, 0x83, 0xFF, 0x1B, 0x15, 0x82, 0xFF,
    0x1B, 0x15, 0x80, 0xFF, 0x1B, 0x15, 0x7E, 0xFF, 0x1A, 0x14, 0x7C, 0xFF, 0x1A, 0x14, 0x7A, 0xFF,
    0x19, 0x14, 0x78, 0xFF, 0x19, 0x13, 0x77, 0xFF, 0x19, 0x13, 0x76, 0xFF, 0x19, 0x13, 0x76, 0xFF,
    0x19, 0x13, 0x76, 0xFF, 0x19, 0x13, 0x76, 0xFF, 0x19, 0x13, 0x76, 0xFF, 0x19, 0x13, 0x76, 0xFF,
    0x18, 0x13, 0x75, 0xFF, 0x18, 0x13, 0x75, 0xFF, 0x18, 0x13, 0x74, 0xFF, 0x18, 0x13, 0x73, 0xFF,
    0x18, 0x13, 0x73, 0xFF, 0x18, 0x13, 0x74, 0xFF, 0x18, 0x13, 0x74, 0xFF, 0x18, 0x13, 0x73, 0xFF,
    0x18, 0x12, 0x72, 0xFF, 0x18, 0x12, 0x71, 0xFF, 0x18, 0x12, 0x72, 0xFF, 0x18, 0x13, 0x74, 0xFF,
    0x18, 0x13, 0x74, 0xFF, 0x18, 0x13, 0x74, 0xFF, 0x19, 0x13, 0x75, 0xFF, 0x19, 0x13, 0x76, 0xFF,
    0x18, 0x13, 0x74, 0xFF, 0x18, 0x13, 0x75, 0xFF, 0x18, 0x12, 0x72, 0xFF, 0x18, 0x13, 0x73, 0xFF,
    0x18, 0x12, 0x72, 0xFF, 0x18, 0x13, 0x74, 0xFF, 0x18, 0x13, 0x75, 0xFF, 0x18, 0x13, 0x75, 0xFF,
    0x18, 0x12, 0x73, 0xFF, 0x18, 0x13, 0x72, 0xFF, 0x18, 0x13, 0x73, 0xFF, 0x18, 0x13, 0x75, 0xFF,
    0x18, 0x13, 0x75, 0xFF, 0x18, 0x13, 0x73, 0xFF, 0x18, 0x13, 0x72, 0xFF, 0x18, 0x13, 0x74, 0xFF,
    0x18, 0x13, 0x75, 0xFF, 0x18, 0x13, 0x72, 0xFF, 0x18, 0x12, 0x73, 0xFF, 0x15, 0x11, 0x66, 0xFF,
    0x10, 0x0D, 0x4C, 0xFF, 0x0B, 0x09, 0x37, 0xEF, 0x00, 0x00, 0x00, 0x00, 0x00, 0x00, 0x00, 0x00,
    0x00, 0x00, 0x00, 0x00, 0x00, 0x00, 0x00, 0x00, 0x14, 0x10, 0x63, 0xAF, 0x19, 0x13, 0x76, 0xFF,
    0x18, 0x13, 0x74, 0xFF, 0x18, 0x13, 0x73, 0xFF, 0x18, 0x13, 0x74, 0xFF, 0x18, 0x13, 0x75, 0xFF,
    0x18, 0x13, 0x74, 0xFF, 0x18, 0x13, 0x73, 0xFF, 0x18, 0x12, 0x72, 0xFF, 0x18, 0x13, 0x74, 0xFF,
    0x18, 0x13, 0x75, 0xFF, 0x19, 0x13, 0x75, 0xFF, 0x18, 0x13, 0x74, 0xFF, 0x18, 0x12, 0x72, 0xFF,
    0x18, 0x13, 0x73, 0xFF, 0x18, 0x13, 0x73, 0xFF, 0x19, 0x13, 0x75, 0xFF, 0x18, 0x13, 0x75, 0xFF,
    0x18, 0x13, 0x75, 0xFF, 0x18, 0x13, 0x73, 0xFF, 0x18, 0x13, 0x72, 0xFF, 0x18, 0x13, 0x73, 0xFF,
    0x18, 0x13, 0x74, 0xFF, 0x18, 0x13, 0x75, 0xFF, 0x18, 0x13, 0x75, 0xFF, 0x18, 0x13, 0x76, 0xFF,
    0x18, 0x13, 0x73, 0xFF, 0x18, 0x13, 0x73, 0xFF, 0x18, 0x12, 0x72, 0xFF, 0x18, 0x12, 0x72, 0xFF,
    0x18, 0x13, 0x75, 0xFF, 0x18, 0x13, 0x74, 0xFF, 0x18, 0x13, 0x75, 0xFF, 0x19, 0x13, 0x76, 0xFF,
    0x18, 0x13, 0x74, 0xFF, 0x18, 0x13, 0x73, 0xFF, 0x18, 0x13, 0x74, 0xFF, 0x18, 0x13, 0x72, 0xFF,
    0x18, 0x12, 0x71, 0xFF, 0x18, 0x12, 0x72, 0xFF, 0x18, 0x13, 0x74, 0xFF, 0x18, 0x13, 0x74, 0xFF,
    0x18, 0x13, 0x73, 0xFF, 0x18, 0x13, 0x74, 0xFF, 0x18, 0x13, 0x75, 0xFF, 0x19, 0x13, 0x76, 0xFF,
    0x19, 0x13, 0x76, 0xFF, 0x19, 0x13, 0x76, 0xFF, 0x19, 0x13, 0x76, 0xFF, 0x19, 0x13, 0x76, 0xFF,
    0x19, 0x13, 0x76, 0xFF, 0x19, 0x13, 0x77, 0xFF, 0x19, 0x13, 0x78, 0xFF, 0x19, 0x14, 0x79, 0xFF,
    0x1A, 0x14, 0x7A, 0xFF, 0x1A, 0x14, 0x7B, 0xFF, 0x1A, 0x14, 0x7C, 0xFF, 0x1A, 0x14, 0x7D, 0xFF,
    0x1A, 0x15, 0x7E, 0xFF, 0x1B, 0x15, 0x7F, 0xFF, 0x1B, 0x15, 0x7F, 0xFF, 0x1B, 0x15, 0x80, 0xFF,
    0x1B, 0x15, 0x80, 0xFF, 0x1B, 0x15, 0x81, 0xFF, 0x1B, 0x15, 0x81, 0xFF, 0x1B, 0x15, 0x81, 0xFF,
    0x1B, 0x15, 0x81, 0xFF, 0x1B, 0x15, 0x81, 0xFF, 0x1B, 0x15, 0x81, 0xFF, 0x1B, 0x15, 0x81, 0xFF,
    0x1B, 0x15, 0x80, 0xFF, 0x1B, 0x15, 0x80, 0xFF, 0x1B, 0x15, 0x7F, 0xFF, 0x1A, 0x15, 0x7E, 0xFF,
    0x1A, 0x14, 0x7C, 0xFF, 0x1A, 0x14, 0x7B, 0xFF, 0x1A, 0x14, 0x7A, 0xFF, 0x19, 0x14, 0x78, 0xFF,
    0x19, 0x13, 0x77, 0xFF, 0x19, 0x13, 0x76, 0xFF, 0x19, 0x13, 0x76, 0xFF, 0x19, 0x13, 0x76, 0xFF,
    0x19, 0x13, 0x75, 0xFF, 0x18, 0x13, 0x75, 0xFF, 0x18, 0x13, 0x75, 0xFF, 0x18, 0x13, 0x75, 0xFF,
    0x18, 0x13, 0x74, 0xFF, 0x18, 0x13, 0x74, 0xFF, 0x18, 0x13, 0x74, 0xFF, 0x18, 0x13, 0x73, 0xFF,
    0x18, 0x13, 0x73, 0xFF, 0x18, 0x13, 0x73, 0xFF, 0x18, 0x13, 0x74, 0xFF, 0x18, 0x13, 0x74, 0xFF,
    0x18, 0x13, 0x74, 0xFF, 0x18, 0x13, 0x73, 0xFF, 0x18, 0x12, 0x72, 0xFF, 0x18, 0x12, 0x71, 0xFF,
    0x18, 0x12, 0x72, 0xFF, 0x18, 0x13, 0x73, 0xFF, 0x18, 0x13, 0x74, 0xFF, 0x18, 0x13, 0x73, 0xFF,
    0x18, 0x13, 0x74, 0xFF, 0x19, 0x13, 0x76, 0xFF, 0x18, 0x13, 0x75, 0xFF, 0x18, 0x13, 0x74, 0xFF,
    0x18, 0x13, 0x75, 0xFF, 0x18, 0x12, 0x72, 0xFF, 0x18, 0x13, 0x73, 0xFF, 0x18, 0x12, 0x73, 0xFF,
    0x18, 0x13, 0x74, 0xFF, 0x18, 0x13, 0x75, 0xFF, 0x18, 0x13, 0x75, 0xFF, 0x18, 0x13, 0x73, 0xFF,
    0x18, 0x13, 0x73, 0xFF, 0x18, 0x12, 0x72, 0xFF, 0x18, 0x13, 0x74, 0xFF, 0x19, 0x13, 0x75, 0xFF,
    0x18, 0x13, 0x73, 0xFF, 0x18, 0x12, 0x72, 0xFF, 0x18, 0x13, 0x73, 0xFF, 0x19, 0x13, 0x75, 0xFF,
    0x18, 0x13, 0x74, 0xFF, 0x18, 0x13, 0x72, 0xFF, 0x18, 0x12, 0x70, 0xFF, 0x13, 0x0F, 0x5C, 0xFF,
    0x0F, 0x0B, 0x44, 0xFF, 0x0A, 0x08, 0x34, 0xAF, 0x00, 0x00, 0x00, 0x00, 0x00, 0x00, 0x00, 0x00,
    0x00, 0x00, 0x00, 0x00, 0x00, 0x00, 0x00, 0x00, 0x12, 0x0D, 0x54, 0x70, 0x18, 0x13, 0x74, 0xFF,
    0x18, 0x13, 0x75, 0xFF, 0x18, 0x13, 0x73, 0xFF, 0x18, 0x13, 0x72, 0xFF, 0x18, 0x13, 0x75, 0xFF,
    0x18, 0x13, 0x75, 0xFF, 0x18, 0x13, 0x73, 0xFF, 0x18, 0x13, 0x73, 0xFF, 0x18, 0x13, 0x73, 0xFF,
    0x18, 0x13, 0x74, 0xFF, 0x19, 0x13, 0x76, 0xFF, 0x18, 0x13, 0x74, 0xFF, 0x18, 0x13, 0x74, 0xFF,
    0x18, 0x12, 0x72, 0xFF, 0x18, 0x13, 0x73, 0xFF, 0x18, 0x13, 0x73, 0xFF, 0x19, 0x13, 0x76, 0xFF,
    0x18, 0x13, 0x75, 0xFF, 0x18, 0x13, 0x75, 0xFF, 0x18, 0x12, 0x72, 0xFF, 0x18, 0x13, 0x73, 0xFF,
    0x18, 0x12, 0x72, 0xFF, 0x18, 0x13, 0x74, 0xFF, 0x18, 0x13, 0x76, 0xFF, 0x18, 0x13, 0x75, 0xFF,
    0x18, 0x13, 0x76, 0xFF, 0x18, 0x13, 0x73, 0xFF, 0x18, 0x13, 0x73, 0xFF, 0x18, 0x12, 0x72, 0xFF,
    0x18, 0x12, 0x72, 0xFF, 0x18, 0x13, 0x75, 0xFF, 0x18, 0x13, 0x74, 0xFF, 0x18, 0x13, 0x75, 0xFF,
    0x19, 0x13, 0x76, 0xFF, 0x18, 0x13, 0x75, 0xFF, 0x18, 0x13, 0x73, 0xFF, 0x18, 0x13, 0x74, 0xFF,
    0x18, 0x13, 0x73, 0xFF, 0x18, 0x12, 0x71, 0xFF, 0x18, 0x12, 0x71, 0xFF, 0x18, 0x13, 0x73, 0xFF,
    0x18, 0x13, 0x74, 0xFF, 0x18, 0x13, 0x74, 0xFF, 0x18, 0x13, 0x73, 0xFF, 0x18, 0x13, 0x73, 0xFF,
    0x18, 0x13, 0x74, 0xFF, 0x18, 0x13, 0x75, 0xFF, 0x19, 0x13, 0x76, 0xFF, 0x19, 0x13, 0x76, 0xFF,
    0x19, 0x13, 0x76, 0xFF, 0x19, 0x13, 0x76, 0xFF, 0x19, 0x13, 0x76, 0xFF, 0x19, 0x13, 0x76, 0xFF,
    0x19, 0x13, 0x76, 0xFF, 0x19, 0x13, 0x76, 0xFF, 0x19, 0x13, 0x76, 0xFF, 0x19, 0x13, 0x77, 0xFF,
    0x19, 0x13, 0x77, 0xFF, 0x19, 0x13, 0x77, 0xFF, 0x19, 0x13, 0x78, 0xFF, 0x19, 0x14, 0x78, 0xFF,
    0x19, 0x14, 0x78, 0xFF, 0x19, 0x14, 0x79, 0xFF, 0x19, 0x14, 0x79, 0xFF, 0x19, 0x14, 0x79, 0xFF,
    0x19, 0x14, 0x79, 0xFF, 0x19, 0x14, 0x79, 0xFF, 0x19, 0x14, 0x78, 0xFF, 0x19, 0x13, 0x78, 0xFF,
    0x19, 0x13, 0x77, 0xFF, 0x19, 0x13, 0x76, 0xFF, 0x18, 0x13, 0x76, 0xFF, 0x18, 0x13, 0x75, 0xFF,
    0x18, 0x13, 0x75, 0xFF, 0x18, 0x13, 0x74, 0xFF, 0x18, 0x13, 0x74, 0xFF, 0x18, 0x13, 0x74, 0xFF,
    0x18, 0x13, 0x74, 0xFF, 0x18, 0x13, 0x74, 0xFF, 0x18, 0x13, 0x73, 0xFF, 0x18, 0x13, 0x73, 0xFF,
    0x18, 0x13, 0x73, 0xFF, 0x18, 0x13, 0x73, 0xFF, 0x18, 0x13, 0x73, 0xFF, 0x18, 0x13, 0x73, 0xFF,
    0x18, 0x13, 0x73, 0xFF, 0x18, 0x13, 0x73, 0xFF, 0x18, 0x13, 0x74, 0xFF, 0x18, 0x13, 0x74, 0xFF,
    0x18, 0x13, 0x74, 0xFF, 0x18, 0x13, 0x74, 0xFF, 0x18, 0x13, 0x73, 0xFF, 0x18, 0x12, 0x72, 0xFF,
    0x18, 0x12, 0x71, 0xFF, 0x17, 0x12, 0x71, 0xFF, 0x18, 0x12, 0x72, 0xFF, 0x18, 0x13, 0x73, 0xFF,
    0x18, 0x13, 0x74, 0xFF, 0x18, 0x13, 0x73, 0xFF, 0x18, 0x13, 0x73, 0xFF, 0x18, 0x13, 0x75, 0xFF,
    0x19, 0x13, 0x76, 0xFF, 0x18, 0x13, 0x75, 0xFF, 0x18, 0x13, 0x74, 0xFF, 0x18, 0x13, 0x74, 0xFF,
    0x18, 0x12, 0x72, 0xFF, 0x18, 0x13, 0x72, 0xFF, 0x18, 0x13, 0x73, 0xFF, 0x18, 0x13, 0x74, 0xFF,
    0x18, 0x13, 0x75, 0xFF, 0x18, 0x13, 0x75, 0xFF, 0x18, 0x13, 0x74, 0xFF, 0x18, 0x12, 0x73, 0xFF,
    0x18, 0x12, 0x72, 0xFF, 0x18, 0x13, 0x74, 0xFF, 0x18, 0x13, 0x75, 0xFF, 0x18, 0x13, 0x75, 0xFF,
    0x18, 0x13, 0x73, 0xFF, 0x18, 0x13, 0x72, 0xFF, 0x18, 0x13, 0x74, 0xFF, 0x19, 0x13, 0x75, 0xFF,
    0x18, 0x13, 0x73, 0xFF, 0x18, 0x12, 0x72, 0xFF, 0x16, 0x11, 0x69, 0xFF, 0x11, 0x0E, 0x52, 0xFF,
    0x0D, 0x0A, 0x3F, 0xFF, 0x09, 0x06, 0x2D, 0x70, 0x00, 0x00, 0x00, 0x00, 0x00, 0x00, 0x00, 0x00,
    0x00, 0x00, 0x00, 0x00, 0x00, 0x00, 0x00, 0x00, 0x0F, 0x0F, 0x47, 0x20, 0x16, 0x12, 0x6B, 0xFF,
    0x18, 0x13, 0x75, 0xFF, 0x18, 0x13, 0x73, 0xFF, 0x18, 0x13, 0x72, 0xFF, 0x18, 0x13, 0x74, 0xFF,
    0x18, 0x13, 0x75, 0xFF, 0x18, 0x13, 0x75, 0xFF, 0x18, 0x13, 0x73, 0xFF, 0x18, 0x12, 0x72, 0xFF,
    0x18, 0x13, 0x73, 0xFF, 0x18, 0x13, 0x74, 0xFF, 0x19, 0x13, 0x76, 0xFF, 0x18, 0x13, 0x74, 0xFF,
    0x18, 0x13, 0x74, 0xFF, 0x18, 0x12, 0x72, 0xFF, 0x18, 0x13, 0x73, 0xFF, 0x18, 0x13, 0x73, 0xFF,
    0x19, 0x13, 0x76, 0xFF, 0x18, 0x13, 0x74, 0xFF, 0x18, 0x13, 0x75, 0xFF, 0x18, 0x12, 0x72, 0xFF,
    0x18, 0x13, 0x73, 0xFF, 0x18, 0x12, 0x72, 0xFF, 0x18, 0x13, 0x74, 0xFF, 0x18, 0x13, 0x75, 0xFF,
    0x18, 0x13, 0x75, 0xFF, 0x18, 0x13, 0x76, 0xFF, 0x18, 0x12, 0x73, 0xFF, 0x18, 0x13, 0x73, 0xFF,
    0x18, 0x12, 0x72, 0xFF, 0x18, 0x12, 0x72, 0xFF, 0x18, 0x13, 0x74, 0xFF, 0x18, 0x13, 0x74, 0xFF,
    0x18, 0x13, 0x75, 0xFF, 0x19, 0x13, 0x76, 0xFF, 0x18, 0x13, 0x75, 0xFF, 0x18, 0x13, 0x73, 0xFF,
    0x18, 0x13, 0x73, 0xFF, 0x18, 0x13, 0x74, 0xFF, 0x18, 0x12, 0x72, 0xFF, 0x17, 0x12, 0x71, 0xFF,
    0x18, 0x12, 0x72, 0xFF, 0x18, 0x13, 0x73, 0xFF, 0x18, 0x13, 0x74, 0xFF, 0x18, 0x13, 0x74, 0xFF,
    0x18, 0x13, 0x73, 0xFF, 0x18, 0x13, 0x73, 0xFF, 0x18, 0x13, 0x73, 0xFF, 0x18, 0x13, 0x74, 0xFF,
    0x18, 0x13, 0x74, 0xFF, 0x18, 0x13, 0x75, 0xFF, 0x18, 0x13, 0x75, 0xFF, 0x19, 0x13, 0x76, 0xFF,
    0x19, 0x13, 0x76, 0xFF, 0x19, 0x13, 0x76, 0xFF, 0x19, 0x13, 0x76, 0xFF, 0x19, 0x13, 0x76, 0xFF,
    0x19, 0x13, 0x76, 0xFF, 0x19, 0x13, 0x76, 0xFF, 0x19, 0x13, 0x76, 0xFF, 0x19, 0x13, 0x76, 0xFF,
    0x18, 0x13, 0x75, 0xFF, 0x18, 0x13, 0x75, 0xFF, 0x18, 0x13, 0x75, 0xFF, 0x18, 0x13, 0x75, 0xFF,
    0x18, 0x13, 0x74, 0xFF, 0x18, 0x13, 0x74, 0xFF, 0x18, 0x13, 0x74, 0xFF, 0x18, 0x13, 0x73, 0xFF,
    0x18, 0x13, 0x73, 0xFF, 0x18, 0x13, 0x73, 0xFF, 0x18, 0x13, 0x73, 0xFF, 0x18, 0x13, 0x73, 0xFF,
    0x18, 0x13, 0x73, 0xFF, 0x18, 0x13, 0x73, 0xFF, 0x18, 0x13, 0x73, 0xFF, 0x18, 0x13, 0x73, 0xFF,
    0x18, 0x13, 0x73, 0xFF, 0x18, 0x13, 0x74, 0xFF, 0x18, 0x13, 0x74, 0xFF, 0x18, 0x13, 0x74, 0xFF,
    0x18, 0x13, 0x74, 0xFF, 0x18, 0x13, 0x74, 0xFF, 0x18, 0x13, 0x74, 0xFF, 0x18, 0x13, 0x74, 0xFF,
    0x18, 0x13, 0x74, 0xFF, 0x18, 0x13, 0x73, 0xFF, 0x18, 0x13, 0x73, 0xFF, 0x18, 0x12, 0x72, 0xFF,
    0x18, 0x12, 0x72, 0xFF, 0x18, 0x12, 0x71, 0xFF, 0x17, 0x12, 0x71, 0xFF, 0x18, 0x12, 0x71, 0xFF,
    0x18, 0x12, 0x72, 0xFF, 0x18, 0x13, 0x73, 0xFF, 0x18, 0x13, 0x74, 0xFF, 0x18, 0x13, 0x73, 0xFF,
    0x18, 0x13, 0x73, 0xFF, 0x18, 0x13, 0x74, 0xFF, 0x19, 0x13, 0x76, 0xFF, 0x19, 0x13, 0x76, 0xFF,
    0x18, 0x13, 0x74, 0xFF, 0x18, 0x13, 0x75, 0xFF, 0x18, 0x13, 0x74, 0xFF, 0x18, 0x12, 0x72, 0xFF,
    0x18, 0x13, 0x72, 0xFF, 0x18, 0x13, 0x73, 0xFF, 0x18, 0x13, 0x74, 0xFF, 0x18, 0x13, 0x76, 0xFF,
    0x18, 0x13, 0x75, 0xFF, 0x18, 0x13, 0x75, 0xFF, 0x18, 0x12, 0x73, 0xFF, 0x18, 0x13, 0x72, 0xFF,
    0x18, 0x13, 0x73, 0xFF, 0x18, 0x13, 0x74, 0xFF, 0x19, 0x13, 0x76, 0xFF, 0x18, 0x13, 0x73, 0xFF,
    0x18, 0x12, 0x72, 0xFF, 0x18, 0x13, 0x73, 0xFF, 0x19, 0x13, 0x75, 0xFF, 0x18, 0x13, 0x74, 0xFF,
    0x18, 0x12, 0x72, 0xFF, 0x18, 0x13, 0x71, 0xFF, 0x14, 0x10, 0x5F, 0xFF, 0x0F, 0x0C, 0x4A, 0xFF,
    0x0C, 0x09, 0x39, 0xFF, 0x07, 0x07, 0x27, 0x20, 0x00, 0x00, 0x00, 0x00, 0x00, 0x00, 0x00, 0x00,
    0x00, 0x00, 0x00, 0x00, 0x00, 0x00, 0x00, 0x00, 0x00, 0x00, 0x00, 0x00, 0x13, 0x10, 0x60, 0xCF,
    0x18, 0x13, 0x73, 0xFF, 0x18, 0x13, 0x73, 0xFF, 0x18, 0x13, 0x73, 0xFF, 0x18, 0x12, 0x72, 0xFF,
    0x18, 0x13, 0x75, 0xFF, 0x18, 0x13, 0x75, 0xFF, 0x18, 0x13, 0x74, 0xFF, 0x18, 0x13, 0x73, 0xFF,
    0x18, 0x12, 0x72, 0xFF, 0x18, 0x13, 0x74, 0xFF, 0x18, 0x13, 0x75, 0xFF, 0x19, 0x13, 0x76, 0xFF,
    0x18, 0x13, 0x74, 0xFF, 0x18, 0x13, 0x73, 0xFF, 0x18, 0x12, 0x72, 0xFF, 0x18, 0x13, 0x73, 0xFF,
    0x18, 0x13, 0x74, 0xFF, 0x19, 0x13, 0x76, 0xFF, 0x18, 0x13, 0x74, 0xFF, 0x18, 0x13, 0x75, 0xFF,
    0x18, 0x12, 0x72, 0xFF, 0x18, 0x13, 0x73, 0xFF, 0x18, 0x12, 0x72, 0xFF, 0x18, 0x13, 0x74, 0xFF,
    0x18, 0x13, 0x75, 0xFF, 0x18, 0x13, 0x75, 0xFF, 0x18, 0x13, 0x75, 0xFF, 0x18, 0x12, 0x73, 0xFF,
    0x18, 0x13, 0x73, 0xFF, 0x18, 0x12, 0x72, 0xFF, 0x18, 0x12, 0x72, 0xFF, 0x18, 0x13, 0x74, 0xFF,
    0x18, 0x13, 0x75, 0xFF, 0x18, 0x13, 0x74, 0xFF, 0x19, 0x13, 0x76, 0xFF, 0x19, 0x13, 0x75, 0xFF,
    0x18, 0x13, 0x74, 0xFF, 0x18, 0x13, 0x73, 0xFF, 0x18, 0x13, 0x74, 0xFF, 0x18, 0x13, 0x73, 0xFF,
    0x18, 0x12, 0x72, 0xFF, 0x18, 0x12, 0x71, 0xFF, 0x18, 0x12, 0x72, 0xFF, 0x18, 0x13, 0x73, 0xFF,
    0x18, 0x13, 0x74, 0xFF, 0x18, 0x13, 0x74, 0xFF, 0x18, 0x13, 0x74, 0xFF, 0x18, 0x13, 0x73, 0xFF,
    0x18, 0x13, 0x73, 0xFF, 0x18, 0x13, 0x73, 0xFF, 0x18, 0x13, 0x73, 0xFF, 0x18, 0x13, 0x73, 0xFF,
    0x18, 0x13, 0x73, 0xFF, 0x18, 0x13, 0x73, 0xFF, 0x18, 0x13, 0x74, 0xFF, 0x18, 0x13, 0x74, 0xFF,
    0x18, 0x13, 0x74, 0xFF, 0x18, 0x13, 0x73, 0xFF, 0x18, 0x13, 0x73, 0xFF, 0x18, 0x13, 0x73, 0xFF,
    0x18, 0x13, 0x73, 0xFF, 0x18, 0x13, 0x73, 0xFF, 0x18, 0x13, 0x73, 0xFF, 0x18, 0x13, 0x73, 0xFF,
    0x18, 0x13, 0x73, 0xFF, 0x18, 0x13, 0x73, 0xFF, 0x18, 0x13, 0x73, 0xFF, 0x18, 0x13, 0x74, 0xFF,
    0x18, 0x13, 0x74, 0xFF, 0x18, 0x13, 0x74, 0xFF, 0x18, 0x13, 0x74, 0xFF, 0x18, 0x13, 0x74, 0xFF,
    0x18, 0x13, 0x74, 0xFF, 0x18, 0x13, 0x74, 0xFF, 0x18, 0x13, 0x74, 0xFF, 0x18, 0x13, 0x74, 0xFF,
    0x18, 0x13, 0x73, 0xFF, 0x18, 0x13, 0x73, 0xFF, 0x18, 0x13, 0x73, 0xFF, 0x18, 0x13, 0x73, 0xFF,
    0x18, 0x13, 0x72, 0xFF, 0x18, 0x12, 0x72, 0xFF, 0x18, 0x12, 0x72, 0xFF, 0x18, 0x12, 0x72, 0xFF,
    0x18, 0x12, 0x71, 0xFF, 0x17, 0x12, 0x71, 0xFF, 0x17, 0x12, 0x71, 0xFF, 0x17, 0x12, 0x71, 0xFF,
    0x18, 0x12, 0x72, 0xFF, 0x18, 0x12, 0x72, 0xFF, 0x18, 0x13, 0x73, 0xFF, 0x18, 0x13, 0x74, 0xFF,
    0x18, 0x13, 0x74, 0xFF, 0x18, 0x13, 0x73, 0xFF, 0x18, 0x13, 0x73, 0xFF, 0x18, 0x13, 0x74, 0xFF,
    0x19, 0x13, 0x75, 0xFF, 0x19, 0x13, 0x76, 0xFF, 0x18, 0x13, 0x75, 0xFF, 0x18, 0x13, 0x74, 0xFF,
    0x18, 0x13, 0x75, 0xFF, 0x18, 0x13, 0x74, 0xFF, 0x18, 0x12, 0x71, 0xFF, 0x18, 0x13, 0x73, 0xFF,
    0x18, 0x13, 0x73, 0xFF, 0x18, 0x13, 0x73, 0xFF, 0x18, 0x13, 0x76, 0xFF, 0x18, 0x13, 0x75, 0xFF,
    0x18, 0x13, 0x75, 0xFF, 0x18, 0x12, 0x73, 0xFF, 0x18, 0x13, 0x73, 0xFF, 0x18, 0x12, 0x72, 0xFF,
    0x18, 0x13, 0x75, 0xFF, 0x18, 0x13, 0x75, 0xFF, 0x18, 0x13, 0x74, 0xFF, 0x18, 0x13, 0x73, 0xFF,
    0x18, 0x13, 0x73, 0xFF, 0x18, 0x13, 0x74, 0xFF, 0x19, 0x13, 0x75, 0xFF, 0x18, 0x13, 0x74, 0xFF,
    0x18, 0x12, 0x72, 0xFF, 0x17, 0x11, 0x6A, 0xFF, 0x12, 0x0E, 0x56, 0xFF, 0x0E, 0x0B, 0x42, 0xFF,
    0x0B, 0x08, 0x33, 0xCF, 0x00, 0x00, 0x00, 0x00, 0x00, 0x00, 0x00, 0x00, 0x00, 0x00, 0x00, 0x00,
    0x00, 0x00, 0x00, 0x00, 0x00, 0x00, 0x00, 0x00, 0x00, 0x00, 0x00, 0x00, 0x12, 0x0D, 0x54, 0x70,
    0x18, 0x12, 0x71, 0xFF, 0x18, 0x13, 0x73, 0xFF, 0x18, 0x12, 0x72, 0xFF, 0x18, 0x13, 0x72, 0xFF,
    0x18, 0x13, 0x74, 0xFF, 0x18, 0x13, 0x75, 0xFF, 0x18, 0x13, 0x76, 0xFF, 0x18, 0x13, 0x73, 0xFF,
    0x18, 0x13, 0x72, 0xFF, 0x18, 0x13, 0x72, 0xFF, 0x18, 0x13, 0x74, 0xFF, 0x19, 0x13, 0x75, 0xFF,
    0x18, 0x13, 0x75, 0xFF, 0x18, 0x13, 0x74, 0xFF, 0x18, 0x13, 0x72, 0xFF, 0x18, 0x13, 0x72, 0xFF,
    0x18, 0x13, 0x73, 0xFF, 0x18, 0x13, 0x74, 0xFF, 0x19, 0x13, 0x76, 0xFF, 0x18, 0x13, 0x74, 0xFF,
    0x18, 0x13, 0x74, 0xFF, 0x18, 0x12, 0x72, 0xFF, 0x18, 0x13, 0x73, 0xFF, 0x18, 0x12, 0x72, 0xFF,
    0x18, 0x13, 0x75, 0xFF, 0x18, 0x13, 0x75, 0xFF, 0x18, 0x13, 0x75, 0xFF, 0x18, 0x13, 0x75, 0xFF,
    0x18, 0x12, 0x72, 0xFF, 0x18, 0x13, 0x73, 0xFF, 0x18, 0x12, 0x72, 0xFF, 0x18, 0x12, 0x72, 0xFF,
    0x18, 0x13, 0x74, 0xFF, 0x18, 0x13, 0x75, 0xFF, 0x18, 0x13, 0x74, 0xFF, 0x19, 0x13, 0x76, 0xFF,
    0x19, 0x13, 0x76, 0xFF, 0x18, 0x13, 0x75, 0xFF, 0x18, 0x13, 0x73, 0xFF, 0x18, 0x13, 0x73, 0xFF,
    0x18, 0x13, 0x74, 0xFF, 0x18, 0x13, 0x73, 0xFF, 0x18, 0x12, 0x72, 0xFF, 0x17, 0x12, 0x71, 0xFF,
    0x18, 0x12, 0x71, 0xFF, 0x18, 0x12, 0x72, 0xFF, 0x18, 0x13, 0x73, 0xFF, 0x18, 0x13, 0x74, 0xFF,
    0x18, 0x13, 0x74, 0xFF, 0x18, 0x13, 0x74, 0xFF, 0x18, 0x13, 0x74, 0xFF, 0x18, 0x13, 0x74, 0xFF,
    0x18, 0x13, 0x74, 0xFF, 0x18, 0x13, 0x74, 0xFF, 0x18, 0x13, 0x73, 0xFF, 0x18, 0x13, 0x73, 0xFF,
    0x18, 0x13, 0x73, 0xFF, 0x18, 0x13, 0x74, 0xFF, 0x18, 0x13, 0x74, 0xFF, 0x18, 0x13, 0x74, 0xFF,
    0x18, 0x13, 0x74, 0xFF, 0x18, 0x13, 0x74, 0xFF, 0x18, 0x13, 0x74, 0xFF, 0x18, 0x13, 0x74, 0xFF,
    0x18, 0x13, 0x74, 0xFF, 0x18, 0x13, 0x74, 0xFF, 0x18, 0x13, 0x74, 0xFF, 0x18, 0x13, 0x73, 0xFF,
    0x18, 0x13, 0x73, 0xFF, 0x18, 0x13, 0x73, 0xFF, 0x18, 0x13, 0x72, 0xFF, 0x18, 0x12, 0x72, 0xFF,
    0x18, 0x12, 0x72, 0xFF, 0x18, 0x12, 0x72, 0xFF, 0x18, 0x12, 0x72, 0xFF, 0x18, 0x12, 0x71, 0xFF,
    0x17, 0x12, 0x71, 0xFF, 0x17, 0x12, 0x71, 0xFF, 0x17, 0x12, 0x71, 0xFF, 0x17, 0x12, 0x71, 0xFF,
    0x17, 0x12, 0x71, 0xFF, 0x17, 0x12, 0x71, 0xFF, 0x18, 0x12, 0x71, 0xFF, 0x18, 0x12, 0x72, 0xFF,
    0x18, 0x12, 0x72, 0xFF, 0x18, 0x13, 0x72, 0xFF, 0x18, 0x13, 0x73, 0xFF, 0x18, 0x13, 0x74, 0xFF,
    0x18, 0x13, 0x74, 0xFF, 0x18, 0x13, 0x74, 0xFF, 0x18, 0x13, 0x73, 0xFF, 0x18, 0x13, 0x73, 0xFF,
    0x18, 0x13, 0x73, 0xFF, 0x18, 0x13, 0x74, 0xFF, 0x19, 0x13, 0x75, 0xFF, 0x19, 0x13, 0x76, 0xFF,
    0x19, 0x13, 0x76, 0xFF, 0x18, 0x13, 0x74, 0xFF, 0x18, 0x13, 0x74, 0xFF, 0x18, 0x13, 0x75, 0xFF,
    0x18, 0x13, 0x73, 0xFF, 0x18, 0x12, 0x71, 0xFF, 0x18, 0x13, 0x73, 0xFF, 0x18, 0x13, 0x73, 0xFF,
    0x18, 0x13, 0x73, 0xFF, 0x18, 0x13, 0x76, 0xFF, 0x18, 0x13, 0x75, 0xFF, 0x18, 0x13, 0x75, 0xFF,
    0x18, 0x13, 0x73, 0xFF, 0x18, 0x13, 0x73, 0xFF, 0x18, 0x12, 0x72, 0xFF, 0x18, 0x13, 0x74, 0xFF,
    0x18, 0x13, 0x74, 0xFF, 0x19, 0x13, 0x76, 0xFF, 0x18, 0x13, 0x73, 0xFF, 0x18, 0x12, 0x72, 0xFF,
    0x18, 0x13, 0x74, 0xFF, 0x19, 0x13, 0x75, 0xFF, 0x18, 0x13, 0x74, 0xFF, 0x18, 0x13, 0x72, 0xFF,
    0x18, 0x12, 0x71, 0xFF, 0x15, 0x10, 0x61, 0xFF, 0x10, 0x0C, 0x4D, 0xFF, 0x0D, 0x0A, 0x3E, 0xFF,
    0x09, 0x09, 0x2D, 0x70, 0x00, 0x00, 0x00, 0x00, 0x00, 0x00, 0x00, 0x00, 0x00, 0x00, 0x00, 0x00,
    0x00, 0x00, 0x00, 0x00, 0x00, 0x00, 0x00, 0x00, 0x00, 0x00, 0x00, 0x00, 0x0F, 0x0F, 0x47, 0x20,
    0x16, 0x11, 0x67, 0xFF, 0x18, 0x12, 0x72, 0xFF, 0x18, 0x13, 0x72, 0xFF, 0x18, 0x13, 0x73, 0xFF,
    0x18, 0x12, 0x72, 0xFF, 0x18, 0x13, 0x75, 0xFF, 0x18, 0x13, 0x75, 0xFF, 0x18, 0x13, 0x74, 0xFF,
    0x18, 0x13, 0x73, 0xFF, 0x18, 0x12, 0x72, 0xFF, 0x18, 0x13, 0x73, 0xFF, 0x18, 0x13, 0x74, 0xFF,
    0x19, 0x13, 0x76, 0xFF, 0x18, 0x13, 0x74, 0xFF, 0x18, 0x13, 0x74, 0xFF, 0x18, 0x12, 0x72, 0xFF,
    0x18, 0x13, 0x73, 0xFF, 0x18, 0x13, 0x73, 0xFF, 0x19, 0x13, 0x75, 0xFF, 0x18, 0x13, 0x75, 0xFF,
    0x18, 0x13, 0x75, 0xFF, 0x18, 0x13, 0x73, 0xFF, 0x18, 0x12, 0x72, 0xFF, 0x18, 0x13, 0x73, 0xFF,
    0x18, 0x12, 0x72, 0xFF, 0x18, 0x13, 0x75, 0xFF, 0x18, 0x13, 0x75, 0xFF, 0x18, 0x13, 0x75, 0xFF,
    0x18, 0x13, 0x75, 0xFF, 0x18, 0x12, 0x72, 0xFF, 0x18, 0x13, 0x73, 0xFF, 0x18, 0x13, 0x73, 0xFF,
    0x18, 0x12, 0x71, 0xFF, 0x18, 0x13, 0x74, 0xFF, 0x18, 0x13, 0x75, 0xFF, 0x18, 0x13, 0x74, 0xFF,
    0x18, 0x13, 0x75, 0xFF, 0x19, 0x13, 0x76, 0xFF, 0x19, 0x13, 0x75, 0xFF, 0x18, 0x13, 0x74, 0xFF,
    0x18, 0x13, 0x73, 0xFF, 0x18, 0x13, 0x74, 0xFF, 0x18, 0x13, 0x74, 0xFF, 0x18, 0x13, 0x73, 0xFF,
    0x18, 0x12, 0x72, 0xFF, 0x18, 0x12, 0x71, 0xFF, 0x17, 0x12, 0x71, 0xFF, 0x18, 0x12, 0x71, 0xFF,
    0x18, 0x12, 0x72, 0xFF, 0x18, 0x12, 0x72, 0xFF, 0x18, 0x13, 0x72, 0xFF, 0x18, 0x13, 0x73, 0xFF,
    0x18, 0x13, 0x73, 0xFF, 0x18, 0x13, 0x73, 0xFF, 0x18, 0x13, 0x73, 0xFF, 0x18, 0x13, 0x73, 0xFF,
    0x18, 0x13, 0x73, 0xFF, 0x18, 0x13, 0x73, 0xFF, 0x18, 0x13, 0x73, 0xFF, 0x18, 0x13, 0x73, 0xFF,
    0x18, 0x13, 0x73, 0xFF, 0x18, 0x13, 0x72, 0xFF, 0x18, 0x12, 0x72, 0xFF, 0x18, 0x12, 0x72, 0xFF,
    0x18, 0x12, 0x72, 0xFF, 0x18, 0x12, 0x72, 0xFF, 0x18, 0x12, 0x71, 0xFF, 0x17, 0x12, 0x71, 0xFF,
    0x17, 0x12, 0x71, 0xFF, 0x17, 0x12, 0x71, 0xFF, 0x17, 0x12, 0x71, 0xFF, 0x17, 0x12, 0x71, 0xFF,
    0x18, 0x12, 0x71, 0xFF, 0x18, 0x12, 0x71, 0xFF, 0x18, 0x12, 0x72, 0xFF, 0x18, 0x12, 0x72, 0xFF,
    0x18, 0x12, 0x72, 0xFF, 0x18, 0x12, 0x72, 0xFF, 0x18, 0x13, 0x72, 0xFF, 0x18, 0x13, 0x73, 0xFF,
    0x18, 0x13, 0x73, 0xFF, 0x18, 0x13, 0x73, 0xFF, 0x18, 0x13, 0x74, 0xFF, 0x18, 0x13, 0x74, 0xFF,
    0x18, 0x13, 0x74, 0xFF, 0x18, 0x13, 0x74, 0xFF, 0x18, 0x13, 0x73, 0xFF, 0x18, 0x13, 0x73, 0xFF,
    0x18, 0x13, 0x73, 0xFF, 0x18, 0x13, 0x73, 0xFF, 0x18, 0x13, 0x74, 0xFF, 0x18, 0x13, 0x75, 0xFF,
    0x19, 0x13, 0x76, 0xFF, 0x19, 0x13, 0x76, 0xFF, 0x19, 0x13, 0x76, 0xFF, 0x18, 0x13, 0x75, 0xFF,
    0x18, 0x13, 0x74, 0xFF, 0x18, 0x13, 0x75, 0xFF, 0x18, 0x13, 0x74, 0xFF, 0x18, 0x13, 0x72, 0xFF,
    0x18, 0x12, 0x71, 0xFF, 0x18, 0x13, 0x73, 0xFF, 0x18, 0x13, 0x73, 0xFF, 0x18, 0x13, 0x73, 0xFF,
    0x18, 0x13, 0x76, 0xFF, 0x18, 0x13, 0x75, 0xFF, 0x18, 0x13, 0x76, 0xFF, 0x18, 0x13, 0x74, 0xFF,
    0x18, 0x12, 0x73, 0xFF, 0x18, 0x12, 0x72, 0xFF, 0x18, 0x13, 0x73, 0xFF, 0x18, 0x13, 0x75, 0xFF,
    0x19, 0x13, 0x76, 0xFF, 0x18, 0x13, 0x74, 0xFF, 0x18, 0x13, 0x73, 0xFF, 0x18, 0x13, 0x73, 0xFF,
    0x18, 0x13, 0x74, 0xFF, 0x19, 0x13, 0x75, 0xFF, 0x18, 0x13, 0x74, 0xFF, 0x18, 0x12, 0x72, 0xFF,
    0x16, 0x11, 0x6A, 0xFF, 0x13, 0x0E, 0x57, 0xFF, 0x0F, 0x0B, 0x44, 0xFF, 0x0C, 0x09, 0x38, 0xFF,
    0x07, 0x07, 0x27, 0x20, 0x00, 0x00, 0x00, 0x00, 0x00, 0x00, 0x00, 0x00, 0x00, 0x00, 0x00, 0x00,
    0x00, 0x00, 0x00, 0x00, 0x00, 0x00, 0x00, 0x00, 0x00, 0x00, 0x00, 0x00, 0x00, 0x00, 0x00, 0x00,
    0x14, 0x10, 0x5D, 0xAF, 0x17, 0x12, 0x70, 0xFF, 0x18, 0x12, 0x72, 0xFF, 0x18, 0x12, 0x72, 0xFF,
    0x18, 0x12, 0x72, 0xFF, 0x18, 0x13, 0x74, 0xFF, 0x18, 0x13, 0x75, 0xFF, 0x18, 0x13, 0x76, 0xFF,
    0x18, 0x13, 0x73, 0xFF, 0x18, 0x13, 0x73, 0xFF, 0x18, 0x12, 0x71, 0xFF, 0x18, 0x13, 0x74, 0xFF,
    0x18, 0x13, 0x74, 0xFF, 0x19, 0x13, 0x76, 0xFF, 0x18, 0x13, 0x73, 0xFF, 0x18, 0x13, 0x74, 0xFF,
    0x18, 0x12, 0x71, 0xFF, 0x18, 0x13, 0x73, 0xFF, 0x18, 0x13, 0x73, 0xFF, 0x19, 0x13, 0x76, 0xFF,
    0x18, 0x13, 0x75, 0xFF, 0x18, 0x13, 0x75, 0xFF, 0x18, 0x13, 0x73, 0xFF, 0x18, 0x12, 0x72, 0xFF,
    0x18, 0x13, 0x73, 0xFF, 0x18, 0x12, 0x73, 0xFF, 0x18, 0x13, 0x75, 0xFF, 0x18, 0x13, 0x75, 0xFF,
    0x18, 0x13, 0x75, 0xFF, 0x18, 0x13, 0x75, 0xFF, 0x18, 0x12, 0x72, 0xFF, 0x18, 0x13, 0x73, 0xFF,
    0x18, 0x13, 0x73, 0xFF, 0x18, 0x12, 0x71, 0xFF, 0x18, 0x13, 0x73, 0xFF, 0x18, 0x13, 0x75, 0xFF,
    0x18, 0x13, 0x74, 0xFF, 0x18, 0x13, 0x75, 0xFF, 0x19, 0x13, 0x76, 0xFF, 0x19, 0x13, 0x76, 0xFF,
    0x18, 0x13, 0x75, 0xFF, 0x18, 0x13, 0x73, 0xFF, 0x18, 0x13, 0x73, 0xFF, 0x18, 0x13, 0x74, 0xFF,
    0x18, 0x13, 0x74, 0xFF, 0x18, 0x13, 0x74, 0xFF, 0x18, 0x13, 0x73, 0xFF, 0x18, 0x12, 0x72, 0xFF,
    0x18, 0x12, 0x71, 0xFF, 0x17, 0x12, 0x71, 0xFF, 0x17, 0x12, 0x71, 0xFF, 0x17, 0x12, 0x71, 0xFF,
    0x17, 0x12, 0x71, 0xFF, 0x17, 0x12, 0x71, 0xFF, 0x17, 0x12, 0x71, 0xFF, 0x17, 0x12, 0x71, 0xFF,
    0x17, 0x12, 0x71, 0xFF, 0x17, 0x12, 0x71, 0xFF, 0x17, 0x12, 0x71, 0xFF, 0x17, 0x12, 0x71, 0xFF,
    0x17, 0x12, 0x71, 0xFF, 0x17, 0x12, 0x71, 0xFF, 0x17, 0x12, 0x71, 0xFF, 0x17, 0x12, 0x71, 0xFF,
    0x18, 0x12, 0x71, 0xFF, 0x18, 0x12, 0x72, 0xFF, 0x18, 0x12, 0x72, 0xFF, 0x18, 0x12, 0x72, 0xFF,
    0x18, 0x12, 0x72, 0xFF, 0x18, 0x13, 0x73, 0xFF, 0x18, 0x13, 0x73, 0xFF, 0x18, 0x13, 0x73, 0xFF,
    0x18, 0x13, 0x73, 0xFF, 0x18, 0x13, 0x74, 0xFF, 0x18, 0x13, 0x74, 0xFF, 0x18, 0x13, 0x74, 0xFF,
    0x18, 0x13, 0x74, 0xFF, 0x18, 0x13, 0x74, 0xFF, 0x18, 0x13, 0x74, 0xFF, 0x18, 0x13, 0x74, 0xFF,
    0x18, 0x13, 0x73, 0xFF, 0x18, 0x13, 0x73, 0xFF, 0x18, 0x13, 0x73, 0xFF, 0x18, 0x13, 0x73, 0xFF,
    0x18, 0x13, 0x73, 0xFF, 0x18, 0x13, 0x73, 0xFF, 0x18, 0x13, 0x73, 0xFF, 0x18, 0x13, 0x74, 0xFF,
    0x18, 0x13, 0x75, 0xFF, 0x19, 0x13, 0x75, 0xFF, 0x19, 0x13, 0x76, 0xFF, 0x19, 0x13, 0x76, 0xFF,
    0x19, 0x13, 0x76, 0xFF, 0x18, 0x13, 0x75, 0xFF, 0x18, 0x13, 0x74, 0xFF, 0x18, 0x13, 0x74, 0xFF,
    0x18, 0x13, 0x75, 0xFF, 0x18, 0x13, 0x74, 0xFF, 0x18, 0x12, 0x72, 0xFF, 0x18, 0x12, 0x72, 0xFF,
    0x18, 0x13, 0x73, 0xFF, 0x18, 0x12, 0x73, 0xFF, 0x18, 0x13, 0x73, 0xFF, 0x18, 0x13, 0x76, 0xFF,
    0x18, 0x13, 0x75, 0xFF, 0x18, 0x13, 0x75, 0xFF, 0x18, 0x13, 0x75, 0xFF, 0x18, 0x12, 0x72, 0xFF,
    0x18, 0x13, 0x73, 0xFF, 0x18, 0x12, 0x72, 0xFF, 0x18, 0x13, 0x75, 0xFF, 0x18, 0x13, 0x75, 0xFF,
    0x18, 0x13, 0x75, 0xFF, 0x18, 0x13, 0x73, 0xFF, 0x18, 0x12, 0x72, 0xFF, 0x18, 0x13, 0x74, 0xFF,
    0x18, 0x13, 0x75, 0xFF, 0x18, 0x13, 0x74, 0xFF, 0x18, 0x13, 0x73, 0xFF, 0x18, 0x12, 0x70, 0xFF,
    0x14, 0x10, 0x60, 0xFF, 0x11, 0x0D, 0x4E, 0xFF, 0x0D, 0x0A, 0x3F, 0xFF, 0x0A, 0x08, 0x34, 0xAF,
    0x00, 0x00, 0x00, 0x00, 0x00, 0x00, 0x00, 0x00, 0x00, 0x00, 0x00, 0x00, 0x00, 0x00, 0x00, 0x00,
    0x00, 0x00, 0x00, 0x00, 0x00, 0x00, 0x00, 0x00, 0x00, 0x00, 0x00, 0x00, 0x00, 0x00, 0x00, 0x00,
    0x0F, 0x0D, 0x4A, 0x60, 0x17, 0x12, 0x6C, 0xFF, 0x18, 0x12, 0x71, 0xFF, 0x18, 0x12, 0x71, 0xFF,
    0x18, 0x12, 0x72, 0xFF, 0x18, 0x12, 0x72, 0xFF, 0x18, 0x13, 0x75, 0xFF, 0x18, 0x13, 0x75, 0xFF,
    0x18, 0x13, 0x75, 0xFF, 0x18, 0x12, 0x73, 0xFF, 0x18, 0x13, 0x72, 0xFF, 0x18, 0x12, 0x72, 0xFF,
    0x18, 0x13, 0x74, 0xFF, 0x18, 0x13, 0x75, 0xFF, 0x19, 0x13, 0x76, 0xFF, 0x18, 0x13, 0x74, 0xFF,
    0x18, 0x13, 0x73, 0xFF, 0x18, 0x12, 0x72, 0xFF, 0x18, 0x13, 0x73, 0xFF, 0x18, 0x13, 0x74, 0xFF,
    0x19, 0x13, 0x76, 0xFF, 0x18, 0x13, 0x74, 0xFF, 0x18, 0x13, 0x75, 0xFF, 0x18, 0x13, 0x73, 0xFF,
    0x18, 0x12, 0x72, 0xFF, 0x18, 0x13, 0x73, 0xFF, 0x18, 0x13, 0x73, 0xFF, 0x18, 0x13, 0x76, 0xFF,
    0x18, 0x13, 0x75, 0xFF, 0x18, 0x13, 0x76, 0xFF, 0x18, 0x13, 0x75, 0xFF, 0x18, 0x12, 0x72, 0xFF,
    0x18, 0x13, 0x73, 0xFF, 0x18, 0x13, 0x73, 0xFF, 0x18, 0x12, 0x71, 0xFF, 0x18, 0x13, 0x73, 0xFF,
    0x18, 0x13, 0x75, 0xFF, 0x18, 0x13, 0x75, 0xFF, 0x18, 0x13, 0x74, 0xFF, 0x18, 0x13, 0x75, 0xFF,
    0x19, 0x13, 0x76, 0xFF, 0x19, 0x13, 0x76, 0xFF, 0x18, 0x13, 0x75, 0xFF, 0x18, 0x13, 0x73, 0xFF,
    0x18, 0x13, 0x73, 0xFF, 0x18, 0x13, 0x73, 0xFF, 0x18, 0x13, 0x74, 0xFF, 0x18, 0x13, 0x74, 0xFF,
    0x18, 0x13, 0x74, 0xFF, 0x18, 0x13, 0x73, 0xFF, 0x18, 0x13, 0x73, 0xFF, 0x18, 0x13, 0x72, 0xFF,
    0x18, 0x12, 0x72, 0xFF, 0x18, 0x12, 0x72, 0xFF, 0x18, 0x12, 0x72, 0xFF, 0x18, 0x12, 0x72, 0xFF,
    0x18, 0x12, 0x72, 0xFF, 0x18, 0x12, 0x72, 0xFF, 0x18, 0x12, 0x72, 0xFF, 0x18, 0x12, 0x72, 0xFF,
    0x18, 0x13, 0x72, 0xFF, 0x18, 0x13, 0x73, 0xFF, 0x18, 0x13, 0x73, 0xFF, 0x18, 0x13, 0x73, 0xFF,
    0x18, 0x13, 0x74, 0xFF, 0x18, 0x13, 0x74, 0xFF, 0x18, 0x13, 0x74, 0xFF, 0x18, 0x13, 0x74, 0xFF,
    0x18, 0x13, 0x74, 0xFF, 0x18, 0x13, 0x74, 0xFF, 0x18, 0x13, 0x74, 0xFF, 0x18, 0x13, 0x73, 0xFF,
    0x18, 0x13, 0x73, 0xFF, 0x18, 0x13, 0x73, 0xFF, 0x18, 0x13, 0x73, 0xFF, 0x18, 0x13, 0x73, 0xFF,
    0x18, 0x13, 0x73, 0xFF, 0x18, 0x13, 0x73, 0xFF, 0x18, 0x13, 0x73, 0xFF, 0x18, 0x13, 0x73, 0xFF,
    0x18, 0x13, 0x73, 0xFF, 0x18, 0x13, 0x74, 0xFF, 0x18, 0x13, 0x74, 0xFF, 0x18, 0x13, 0x75, 0xFF,
    0x18, 0x13, 0x75, 0xFF, 0x19, 0x13, 0x75, 0xFF, 0x19, 0x13, 0x76, 0xFF, 0x19, 0x13, 0x76, 0xFF,
    0x19, 0x13, 0x76, 0xFF, 0x19, 0x13, 0x76, 0xFF, 0x18, 0x13, 0x75, 0xFF, 0x18, 0x13, 0x74, 0xFF,
    0x18, 0x13, 0x74, 0xFF, 0x18, 0x13, 0x74, 0xFF, 0x18, 0x13, 0x75, 0xFF, 0x18, 0x13, 0x74, 0xFF,
    0x18, 0x13, 0x73, 0xFF, 0x18, 0x12, 0x71, 0xFF, 0x18, 0x12, 0x72, 0xFF, 0x18, 0x13, 0x73, 0xFF,
    0x18, 0x12, 0x72, 0xFF, 0x18, 0x13, 0x73, 0xFF, 0x18, 0x13, 0x76, 0xFF, 0x18, 0x13, 0x75, 0xFF,
    0x18, 0x13, 0x75, 0xFF, 0x18, 0x13, 0x75, 0xFF, 0x18, 0x12, 0x72, 0xFF, 0x18, 0x13, 0x73, 0xFF,
    0x18, 0x12, 0x72, 0xFF, 0x18, 0x13, 0x74, 0xFF, 0x18, 0x13, 0x74, 0xFF, 0x19, 0x13, 0x76, 0xFF,
    0x18, 0x13, 0x73, 0xFF, 0x18, 0x13, 0x73, 0xFF, 0x18, 0x13, 0x73, 0xFF, 0x18, 0x13, 0x74, 0xFF,
    0x19, 0x13, 0x76, 0xFF, 0x18, 0x13, 0x74, 0xFF, 0x18, 0x12, 0x72, 0xFF, 0x16, 0x11, 0x68, 0xFF,
    0x13, 0x0E, 0x57, 0xFF, 0x0F, 0x0B, 0x45, 0xFF, 0x0C, 0x0A, 0x3C, 0xFF, 0x07, 0x07, 0x2A, 0x60,
    0x00, 0x00, 0x00, 0x00, 0x00, 0x00, 0x00, 0x00, 0x00, 0x00, 0x00, 0x00, 0x00, 0x00, 0x00, 0x00,
    0x00, 0x00, 0x00, 0x00, 0x00, 0x00, 0x00, 0x00, 0x00, 0x00, 0x00, 0x00, 0x00, 0x00, 0x00, 0x00,
    0x00, 0x00, 0x00, 0x00, 0x14, 0x10, 0x60, 0xDF, 0x17, 0x12, 0x6E, 0xFF, 0x18, 0x12, 0x71, 0xFF,
    0x17, 0x12, 0x71, 0xFF, 0x18, 0x12, 0x72, 0xFF, 0x18, 0x13, 0x73, 0xFF, 0x18, 0x13, 0x75, 0xFF,
    0x18, 0x13, 0x75, 0xFF, 0x18, 0x13, 0x74, 0xFF, 0x18, 0x13, 0x73, 0xFF, 0x18, 0x12, 0x72, 0xFF,
    0x18, 0x13, 0x73, 0xFF, 0x18, 0x13, 0x74, 0xFF, 0x19, 0x13, 0x75, 0xFF, 0x18, 0x13, 0x75, 0xFF,
    0x18, 0x13, 0x74, 0xFF, 0x18, 0x13, 0x72, 0xFF, 0x18, 0x12, 0x72, 0xFF, 0x18, 0x13, 0x73, 0xFF,
    0x18, 0x13, 0x74, 0xFF, 0x19, 0x13, 0x76, 0xFF, 0x18, 0x13, 0x74, 0xFF, 0x18, 0x13, 0x75, 0xFF,
    0x18, 0x12, 0x72, 0xFF, 0x18, 0x13, 0x73, 0xFF, 0x18, 0x12, 0x73, 0xFF, 0x18, 0x13, 0x73, 0xFF,
    0x18, 0x13, 0x76, 0xFF, 0x18, 0x13, 0x75, 0xFF, 0x18, 0x13, 0x76, 0xFF, 0x18, 0x13, 0x75, 0xFF,
    0x18, 0x12, 0x73, 0xFF, 0x18, 0x13, 0x73, 0xFF, 0x18, 0x13, 0x73, 0xFF, 0x18, 0x12, 0x71, 0xFF,
    0x18, 0x12, 0x72, 0xFF, 0x18, 0x13, 0x74, 0xFF, 0x18, 0x13, 0x75, 0xFF, 0x18, 0x13, 0x74, 0xFF,
    0x18, 0x13, 0x74, 0xFF, 0x19, 0x13, 0x76, 0xFF, 0x19, 0x13, 0x76, 0xFF, 0x19, 0x13, 0x76, 0xFF,
    0x18, 0x13, 0x75, 0xFF, 0x18, 0x13, 0x74, 0xFF, 0x18, 0x13, 0x73, 0xFF, 0x18, 0x13, 0x73, 0xFF,
    0x18, 0x13, 0x73, 0xFF, 0x18, 0x13, 0x73, 0xFF, 0x18, 0x13, 0x74, 0xFF, 0x18, 0x13, 0x74, 0xFF,
    0x18, 0x13, 0x74, 0xFF, 0x18, 0x13, 0x74, 0xFF, 0x18, 0x13, 0x74, 0xFF, 0x18, 0x13, 0x74, 0xFF,
    0x18, 0x13, 0x74, 0xFF, 0x18, 0x13, 0x74, 0xFF, 0x18, 0x13, 0x74, 0xFF, 0x18, 0x13, 0x74, 0xFF,
    0x18, 0x13, 0x74, 0xFF, 0x18, 0x13, 0x74, 0xFF, 0x18, 0x13, 0x73, 0xFF, 0x18, 0x13, 0x73, 0xFF,
    0x18, 0x13, 0x73, 0xFF, 0x18, 0x13, 0x73, 0xFF, 0x18, 0x13, 0x73, 0xFF, 0x18, 0x13, 0x73, 0xFF,
    0x18, 0x13, 0x73, 0xFF, 0x18, 0x13, 0x73, 0xFF, 0x18, 0x13, 0x73, 0xFF, 0x18, 0x13, 0x73, 0xFF,
    0x18, 0x13, 0x74, 0xFF, 0x18, 0x13, 0x74, 0xFF, 0x18, 0x13, 0x74, 0xFF, 0x18, 0x13, 0x74, 0xFF,
    0x18, 0x13, 0x75, 0xFF, 0x18, 0x13, 0x75, 0xFF, 0x18, 0x13, 0x75, 0xFF, 0x19, 0x13, 0x76, 0xFF,
    0x19, 0x13, 0x76, 0xFF, 0x19, 0x13, 0x76, 0xFF, 0x19, 0x13, 0x76, 0xFF, 0x19, 0x13, 0x76, 0xFF,
    0x19, 0x13, 0x76, 0xFF, 0x19, 0x13, 0x76, 0xFF, 0x18, 0x13, 0x75, 0xFF, 0x18, 0x13, 0x75, 0xFF,
    0x18, 0x13, 0x74, 0xFF, 0x18, 0x13, 0x74, 0xFF, 0x18, 0x13, 0x74, 0xFF, 0x18, 0x13, 0x75, 0xFF,
    0x18, 0x13, 0x75, 0xFF, 0x18, 0x13, 0x74, 0xFF, 0x18, 0x13, 0x73, 0xFF, 0x18, 0x12, 0x71, 0xFF,
    0x18, 0x12, 0x72, 0xFF, 0x18, 0x13, 0x73, 0xFF, 0x18, 0x13, 0x73, 0xFF, 0x18, 0x12, 0x72, 0xFF,
    0x18, 0x13, 0x73, 0xFF, 0x18, 0x13, 0x76, 0xFF, 0x18, 0x13, 0x75, 0xFF, 0x18, 0x13, 0x75, 0xFF,
    0x18, 0x13, 0x75, 0xFF, 0x18, 0x12, 0x72, 0xFF, 0x18, 0x13, 0x73, 0xFF, 0x18, 0x12, 0x72, 0xFF,
    0x18, 0x13, 0x73, 0xFF, 0x18, 0x13, 0x75, 0xFF, 0x19, 0x13, 0x76, 0xFF, 0x18, 0x13, 0x74, 0xFF,
    0x18, 0x13, 0x73, 0xFF, 0x18, 0x12, 0x72, 0xFF, 0x18, 0x13, 0x74, 0xFF, 0x18, 0x13, 0x75, 0xFF,
    0x18, 0x13, 0x74, 0xFF, 0x18, 0x13, 0x73, 0xFF, 0x17, 0x12, 0x6E, 0xFF, 0x14, 0x0F, 0x5E, 0xFF,
    0x11, 0x0D, 0x4E, 0xFF, 0x0D, 0x0A, 0x3F, 0xFF, 0x0B, 0x09, 0x35, 0xDF, 0x00, 0x00, 0x00, 0x00,
    0x00, 0x00, 0x00, 0x00, 0x00, 0x00, 0x00, 0x00, 0x00, 0x00, 0x00, 0x00, 0x00, 0x00, 0x00, 0x00,
    0x00, 0x00, 0x00, 0x00, 0x00, 0x00, 0x00, 0x00, 0x00, 0x00, 0x00, 0x00, 0x00, 0x00, 0x00, 0x00,
    0x00, 0x00, 0x00, 0x00, 0x11, 0x0D, 0x51, 0x80, 0x17, 0x12, 0x6C, 0xFF, 0x17, 0x12, 0x6F, 0xFF,
    0x17, 0x12, 0x70, 0xFF, 0x18, 0x12, 0x72, 0xFF, 0x18, 0x12, 0x72, 0xFF, 0x18, 0x13, 0x75, 0xFF,
    0x18, 0x13, 0x75, 0xFF, 0x19, 0x13, 0x76, 0xFF, 0x18, 0x13, 0x73, 0xFF, 0x18, 0x13, 0x73, 0xFF,
    0x18, 0x12, 0x71, 0xFF, 0x18, 0x13, 0x74, 0xFF, 0x18, 0x13, 0x74, 0xFF, 0x19, 0x13, 0x76, 0xFF,
    0x18, 0x13, 0x74, 0xFF, 0x18, 0x13, 0x74, 0xFF, 0x18, 0x12, 0x72, 0xFF, 0x18, 0x13, 0x73, 0xFF,
    0x18, 0x13, 0x73, 0xFF, 0x18, 0x13, 0x75, 0xFF, 0x19, 0x13, 0x76, 0xFF, 0x18, 0x13, 0x74, 0xFF,
    0x18, 0x13, 0x75, 0xFF, 0x18, 0x12, 0x71, 0xFF, 0x18, 0x13, 0x73, 0xFF, 0x18, 0x12, 0x72, 0xFF,
    0x18, 0x13, 0x73, 0xFF, 0x18, 0x13, 0x75, 0xFF, 0x18, 0x13, 0x74, 0xFF, 0x18, 0x13, 0x76, 0xFF,
    0x18, 0x13, 0x75, 0xFF, 0x18, 0x13, 0x73, 0xFF, 0x18, 0x12, 0x73, 0xFF, 0x18, 0x13, 0x73, 0xFF,
    0x18, 0x12, 0x72, 0xFF, 0x18, 0x12, 0x72, 0xFF, 0x18, 0x13, 0x74, 0xFF, 0x18, 0x13, 0x75, 0xFF,
    0x18, 0x13, 0x75, 0xFF, 0x18, 0x13, 0x74, 0xFF, 0x18, 0x13, 0x75, 0xFF, 0x19, 0x13, 0x76, 0xFF,
    0x19, 0x13, 0x76, 0xFF, 0x19, 0x13, 0x76, 0xFF, 0x19, 0x13, 0x75, 0xFF, 0x18, 0x13, 0x75, 0xFF,
    0x18, 0x13, 0x74, 0xFF, 0x18, 0x13, 0x73, 0xFF, 0x18, 0x13, 0x73, 0xFF, 0x18, 0x13, 0x73, 0xFF,
    0x18, 0x13, 0x73, 0xFF, 0x18, 0x13, 0x73, 0xFF, 0x18, 0x13, 0x73, 0xFF, 0x18, 0x13, 0x73, 0xFF,
    0x18, 0x13, 0x73, 0xFF, 0x18, 0x13, 0x73, 0xFF, 0x18, 0x13, 0x73, 0xFF, 0x18, 0x13, 0x73, 0xFF,
    0x18, 0x13, 0x73, 0xFF, 0x18, 0x13, 0x73, 0xFF, 0x18, 0x13, 0x73, 0xFF, 0x18, 0x13, 0x73, 0xFF,
    0x18, 0x13, 0x74, 0xFF, 0x18, 0x13, 0x74, 0xFF, 0x18, 0x13, 0x74, 0xFF, 0x18, 0x13, 0x75, 0xFF,
    0x18, 0x13, 0x75, 0xFF, 0x18, 0x13, 0x75, 0xFF, 0x19, 0x13, 0x75, 0xFF, 0x19, 0x13, 0x76, 0xFF,
    0x19, 0x13, 0x76, 0xFF, 0x19, 0x13, 0x76, 0xFF, 0x19, 0x13, 0x76, 0xFF, 0x19, 0x13, 0x76, 0xFF,
    0x19, 0x13, 0x76, 0xFF, 0x19, 0x13, 0x76, 0xFF, 0x19, 0x13, 0x76, 0xFF, 0x19, 0x13, 0x76, 0xFF,
    0x18, 0x13, 0x75, 0xFF, 0x18, 0x13, 0x75, 0xFF, 0x18, 0x13, 0x75, 0xFF, 0x18, 0x13, 0x74, 0xFF,
    0x18, 0x13, 0x74, 0xFF, 0x18, 0x13, 0x74, 0xFF, 0x18, 0x13, 0x74, 0xFF, 0x18, 0x13, 0x74, 0xFF,
    0x18, 0x13, 0x75, 0xFF, 0x18, 0x13, 0x75, 0xFF, 0x18, 0x13, 0x75, 0xFF, 0x18, 0x13, 0x74, 0xFF,
    0x18, 0x13, 0x73, 0xFF, 0x18, 0x12, 0x72, 0xFF, 0x18, 0x12, 0x71, 0xFF, 0x18, 0x12, 0x72, 0xFF,
    0x18, 0x13, 0x73, 0xFF, 0x18, 0x13, 0x73, 0xFF, 0x18, 0x12, 0x72, 0xFF, 0x18, 0x13, 0x74, 0xFF,
    0x18, 0x13, 0x76, 0xFF, 0x18, 0x13, 0x75, 0xFF, 0x18, 0x13, 0x75, 0xFF, 0x18, 0x13, 0x76, 0xFF,
    0x18, 0x13, 0x73, 0xFF, 0x18, 0x13, 0x73, 0xFF, 0x18, 0x12, 0x72, 0xFF, 0x18, 0x13, 0x73, 0xFF,
    0x18, 0x13, 0x75, 0xFF, 0x18, 0x13, 0x75, 0xFF, 0x19, 0x13, 0x75, 0xFF, 0x18, 0x13, 0x73, 0xFF,
    0x18, 0x12, 0x72, 0xFF, 0x18, 0x13, 0x73, 0xFF, 0x18, 0x13, 0x74, 0xFF, 0x19, 0x13, 0x76, 0xFF,
    0x18, 0x13, 0x74, 0xFF, 0x18, 0x12, 0x71, 0xFF, 0x15, 0x10, 0x65, 0xFF, 0x12, 0x0E, 0x55, 0xFF,
    0x0E, 0x0B, 0x45, 0xFF, 0x0D, 0x0A, 0x3D, 0xFF, 0x09, 0x07, 0x2D, 0x80, 0x00, 0x00, 0x00, 0x00,
    0x00, 0x00, 0x00, 0x00, 0x00, 0x00, 0x00, 0x00, 0x00, 0x00, 0x00, 0x00, 0x00, 0x00, 0x00, 0x00,
    0x00, 0x00, 0x00, 0x00, 0x00, 0x00, 0x00, 0x00, 0x00, 0x00, 0x00, 0x00, 0x00, 0x00, 0x00, 0x00,
    0x00, 0x00, 0x00, 0x00, 0x0F, 0x0F, 0x3F, 0x10, 0x14, 0x10, 0x61, 0xEF, 0x17, 0x11, 0x6D, 0xFF,
    0x17, 0x12, 0x70, 0xFF, 0x17, 0x12, 0x70, 0xFF, 0x18, 0x12, 0x72, 0xFF, 0x18, 0x12, 0x73, 0xFF,
    0x18, 0x13, 0x75, 0xFF, 0x18, 0x13, 0x75, 0xFF, 0x18, 0x13, 0x75, 0xFF, 0x18, 0x12, 0x73, 0xFF,
    0x18, 0x13, 0x73, 0xFF, 0x18, 0x12, 0x72, 0xFF, 0x18, 0x13, 0x74, 0xFF, 0x18, 0x13, 0x75, 0xFF,
    0x19, 0x13, 0x76, 0xFF, 0x18, 0x13, 0x73, 0xFF, 0x18, 0x13, 0x74, 0xFF, 0x18, 0x12, 0x71, 0xFF,
    0x18, 0x13, 0x73, 0xFF, 0x18, 0x13, 0x73, 0xFF, 0x19, 0x13, 0x75, 0xFF, 0x18, 0x13, 0x75, 0xFF,
    0x18, 0x13, 0x75, 0xFF, 0x18, 0x13, 0x74, 0xFF, 0x18, 0x12, 0x72, 0xFF, 0x18, 0x13, 0x73, 0xFF,
    0x18, 0x12, 0x72, 0xFF, 0x18, 0x13, 0x74, 0xFF, 0x18, 0x13, 0x76, 0xFF, 0x18, 0x13, 0x74, 0xFF,
    0x18, 0x13, 0x76, 0xFF, 0x18, 0x13, 0x75, 0xFF, 0x18, 0x13, 0x73, 0xFF, 0x18, 0x12, 0x72, 0xFF,
    0x18, 0x13, 0x73, 0xFF, 0x18, 0x12, 0x72, 0xFF, 0x18, 0x12, 0x71, 0xFF, 0x18, 0x13, 0x73, 0xFF,
    0x18, 0x13, 0x74, 0xFF, 0x18, 0x13, 0x75, 0xFF, 0x18, 0x13, 0x74, 0xFF, 0x18, 0x13, 0x74, 0xFF,
    0x18, 0x13, 0x74, 0xFF, 0x18, 0x13, 0x75, 0xFF, 0x19, 0x13, 0x76, 0xFF, 0x19, 0x13, 0x76, 0xFF,
    0x19, 0x13, 0x76, 0xFF, 0x19, 0x13, 0x76, 0xFF, 0x19, 0x13, 0x75, 0xFF, 0x18, 0x13, 0x75, 0xFF,
    0x18, 0x13, 0x75, 0xFF, 0x18, 0x13, 0x75, 0xFF, 0x18, 0x13, 0x75, 0xFF, 0x18, 0x13, 0x75, 0xFF,
    0x18, 0x13, 0x75, 0xFF, 0x18, 0x13, 0x75, 0xFF, 0x18, 0x13, 0x75, 0xFF, 0x18, 0x13, 0x75, 0xFF,
    0x18, 0x13, 0x75, 0xFF, 0x18, 0x13, 0x75, 0xFF, 0x19, 0x13, 0x76, 0xFF, 0x19, 0x13, 0x76, 0xFF,
    0x19, 0x13, 0x76, 0xFF, 0x19, 0x13, 0x76, 0xFF, 0x19, 0x13, 0x76, 0xFF, 0x19, 0x13, 0x76, 0xFF,
    0x19, 0x13, 0x76, 0xFF, 0x19, 0x13, 0x76, 0xFF, 0x19, 0x13, 0x76, 0xFF, 0x18, 0x13, 0x75, 0xFF,
    0x18, 0x13, 0x75, 0xFF, 0x18, 0x13, 0x75, 0xFF, 0x18, 0x13, 0x75, 0xFF, 0x18, 0x13, 0x75, 0xFF,
    0x18, 0x13, 0x74, 0xFF, 0x18, 0x13, 0x74, 0xFF, 0x18, 0x13, 0x74, 0xFF, 0x18, 0x13, 0x74, 0xFF,
    0x18, 0x13, 0x74, 0xFF, 0x18, 0x13, 0x74, 0xFF, 0x18, 0x13, 0x74, 0xFF, 0x18, 0x13, 0x74, 0xFF,
    0x18, 0x13, 0x75, 0xFF, 0x18, 0x13, 0x75, 0xFF, 0x18, 0x13, 0x75, 0xFF, 0x18, 0x13, 0x75, 0xFF,
    0x18, 0x13, 0x74, 0xFF, 0x18, 0x13, 0x73, 0xFF, 0x18, 0x12, 0x72, 0xFF, 0x18, 0x12, 0x71, 0xFF,
    0x18, 0x12, 0x71, 0xFF, 0x18, 0x12, 0x72, 0xFF, 0x18, 0x13, 0x73, 0xFF, 0x18, 0x13, 0x73, 0xFF,
    0x18, 0x12, 0x72, 0xFF, 0x18, 0x13, 0x73, 0xFF, 0x18, 0x13, 0x75, 0xFF, 0x18, 0x13, 0x76, 0xFF,
    0x18, 0x13, 0x75, 0xFF, 0x18, 0x13, 0x75, 0xFF, 0x18, 0x13, 0x75, 0xFF, 0x18, 0x13, 0x73, 0xFF,
    0x18, 0x13, 0x73, 0xFF, 0x18, 0x13, 0x73, 0xFF, 0x18, 0x12, 0x72, 0xFF, 0x18, 0x13, 0x75, 0xFF,
    0x18, 0x13, 0x74, 0xFF, 0x19, 0x13, 0x76, 0xFF, 0x18, 0x13, 0x73, 0xFF, 0x18, 0x13, 0x73, 0xFF,
    0x18, 0x12, 0x72, 0xFF, 0x18, 0x13, 0x74, 0xFF, 0x19, 0x13, 0x75, 0xFF, 0x18, 0x13, 0x74, 0xFF,
    0x18, 0x13, 0x73, 0xFF, 0x16, 0x12, 0x6A, 0xFF, 0x13, 0x0F, 0x5B, 0xFF, 0x10, 0x0C, 0x4C, 0xFF,
    0x0D, 0x0A, 0x40, 0xFF, 0x0B, 0x09, 0x37, 0xEF, 0x0F, 0x0F, 0x2F, 0x10, 0x00, 0x00, 0x00, 0x00,
    0x00, 0x00, 0x00, 0x00, 0x00, 0x00, 0x00, 0x00, 0x00, 0x00, 0x00, 0x00, 0x00, 0x00, 0x00, 0x00,
    0x00, 0x00, 0x00, 0x00, 0x00, 0x00, 0x00, 0x00, 0x00, 0x00, 0x00, 0x00, 0x00, 0x00, 0x00, 0x00,
    0x00, 0x00, 0x00, 0x00, 0x00, 0x00, 0x00, 0x00, 0x0F, 0x0C, 0x4F, 0xA0, 0x16, 0x11, 0x6B, 0xFF,
    0x17, 0x12, 0x6D, 0xFF, 0x17, 0x12, 0x6F, 0xFF, 0x18, 0x12, 0x70, 0xFF, 0x18, 0x12, 0x72, 0xFF,
    0x18, 0x13, 0x74, 0xFF, 0x18, 0x13, 0x75, 0xFF, 0x19, 0x13, 0x75, 0xFF, 0x18, 0x13, 0x74, 0xFF,
    0x18, 0x13, 0x73, 0xFF, 0x18, 0x12, 0x72, 0xFF, 0x18, 0x13, 0x73, 0xFF, 0x18, 0x13, 0x74, 0xFF,
    0x19, 0x13, 0x75, 0xFF, 0x19, 0x13, 0x75, 0xFF, 0x18, 0x13, 0x74, 0xFF, 0x18, 0x13, 0x73, 0xFF,
    0x18, 0x12, 0x71, 0xFF, 0x18, 0x13, 0x73, 0xFF, 0x18, 0x13, 0x73, 0xFF, 0x19, 0x13, 0x76, 0xFF,
    0x18, 0x13, 0x75, 0xFF, 0x18, 0x13, 0x75, 0xFF, 0x18, 0x13, 0x73, 0xFF, 0x18, 0x12, 0x71, 0xFF,
    0x18, 0x13, 0x73, 0xFF, 0x18, 0x12, 0x72, 0xFF, 0x18, 0x13, 0x74, 0xFF, 0x18, 0x13, 0x76, 0xFF,
    0x18, 0x13, 0x74, 0xFF, 0x18, 0x13, 0x76, 0xFF, 0x18, 0x13, 0x75, 0xFF, 0x18, 0x13, 0x73, 0xFF,
    0x18, 0x12, 0x72, 0xFF, 0x18, 0x13, 0x73, 0xFF, 0x18, 0x13, 0x73, 0xFF, 0x18, 0x12, 0x71, 0xFF,
    0x18, 0x12, 0x72, 0xFF, 0x18, 0x13, 0x73, 0xFF, 0x18, 0x13, 0x75, 0xFF, 0x18, 0x13, 0x75, 0xFF,
    0x18, 0x13, 0x74, 0xFF, 0x18, 0x13, 0x74, 0xFF, 0x18, 0x13, 0x74, 0xFF, 0x18, 0x13, 0x74, 0xFF,
    0x18, 0x13, 0x75, 0xFF, 0x18, 0x13, 0x75, 0xFF, 0x19, 0x13, 0x76, 0xFF, 0x19, 0x13, 0x76, 0xFF,
    0x19, 0x13, 0x76, 0xFF, 0x19, 0x13, 0x76, 0xFF, 0x19, 0x13, 0x76, 0xFF, 0x19, 0x13, 0x76, 0xFF,
    0x19, 0x13, 0x76, 0xFF, 0x19, 0x13, 0x76, 0xFF, 0x19, 0x13, 0x76, 0xFF, 0x19, 0x13, 0x76, 0xFF,
    0x19, 0x13, 0x76, 0xFF, 0x19, 0x13, 0x76, 0xFF, 0x19, 0x13, 0x76, 0xFF, 0x18, 0x13, 0x75, 0xFF,
    0x18, 0x13, 0x75, 0xFF, 0x18, 0x13, 0x75, 0xFF, 0x18, 0x13, 0x75, 0xFF, 0x18, 0x13, 0x74, 0xFF,
    0x18, 0x13, 0x74, 0xFF, 0x18, 0x13, 0x74, 0xFF, 0x18, 0x13, 0x74, 0xFF, 0x18, 0x13, 0x74, 0xFF,
    0x18, 0x13, 0x74, 0xFF, 0x18, 0x13, 0x74, 0xFF, 0x18, 0x13, 0x74, 0xFF, 0x18, 0x13, 0x74, 0xFF,
    0x18, 0x13, 0x74, 0xFF, 0x18, 0x13, 0x75, 0xFF, 0x18, 0x13, 0x75, 0xFF, 0x18, 0x13, 0x75, 0xFF,
    0x18, 0x13, 0x75, 0xFF, 0x18, 0x13, 0x75, 0xFF, 0x18, 0x13, 0x75, 0xFF, 0x18, 0x13, 0x74, 0xFF,
    0x18, 0x13, 0x74, 0xFF, 0x18, 0x13, 0x73, 0xFF, 0x18, 0x13, 0x73, 0xFF, 0x18, 0x12, 0x72, 0xFF,
    0x18, 0x12, 0x71, 0xFF, 0x18, 0x12, 0x71, 0xFF, 0x18, 0x12, 0x72, 0xFF, 0x18, 0x12, 0x72, 0xFF,
    0x18, 0x13, 0x73, 0xFF, 0x18, 0x13, 0x73, 0xFF, 0x18, 0x12, 0x72, 0xFF, 0x18, 0x12, 0x72, 0xFF,
    0x18, 0x13, 0x74, 0xFF, 0x18, 0x13, 0x75, 0xFF, 0x18, 0x13, 0x76, 0xFF, 0x18, 0x13, 0x74, 0xFF,
    0x18, 0x13, 0x75, 0xFF, 0x18, 0x13, 0x75, 0xFF, 0x18, 0x13, 0x73, 0xFF, 0x18, 0x12, 0x73, 0xFF,
    0x18, 0x13, 0x73, 0xFF, 0x18, 0x12, 0x71, 0xFF, 0x18, 0x13, 0x74, 0xFF, 0x18, 0x13, 0x74, 0xFF,
    0x19, 0x13, 0x76, 0xFF, 0x18, 0x13, 0x74, 0xFF, 0x18, 0x13, 0x73, 0xFF, 0x18, 0x12, 0x72, 0xFF,
    0x18, 0x13, 0x74, 0xFF, 0x18, 0x13, 0x74, 0xFF, 0x19, 0x13, 0x76, 0xFF, 0x18, 0x13, 0x74, 0xFF,
    0x17, 0x12, 0x6F, 0xFF, 0x15, 0x10, 0x61, 0xFF, 0x11, 0x0D, 0x52, 0xFF, 0x0E, 0x0B, 0x43, 0xFF,
    0x0D, 0x0A, 0x3E, 0xFF, 0x09, 0x07, 0x2F, 0xA0, 0x00, 0x00, 0x00, 0x00, 0x00, 0x00, 0x00, 0x00,
    0x00, 0x00, 0x00, 0x00, 0x00, 0x00, 0x00, 0x00, 0x00, 0x00, 0x00, 0x00, 0x00, 0x00, 0x00, 0x00,
    0x00, 0x00, 0x00, 0x00, 0x00, 0x00, 0x00, 0x00, 0x00, 0x00, 0x00, 0x00, 0x00, 0x00, 0x00, 0x00,
    0x00, 0x00, 0x00, 0x00, 0x00, 0x00, 0x00, 0x00, 0x0F, 0x07, 0x3F, 0x20, 0x14, 0x0F, 0x5E, 0xFF,
    0x16, 0x11, 0x6B, 0xFF, 0x17, 0x12, 0x6E, 0xFF, 0x17, 0x12, 0x6E, 0xFF, 0x18, 0x12, 0x71, 0xFF,
    0x18, 0x12, 0x72, 0xFF, 0x18, 0x13, 0x75, 0xFF, 0x18, 0x13, 0x75, 0xFF, 0x19, 0x13, 0x76, 0xFF,
    0x18, 0x13, 0x73, 0xFF, 0x18, 0x13, 0x73, 0xFF, 0x18, 0x12, 0x71, 0xFF, 0x18, 0x13, 0x74, 0xFF,
    0x18, 0x13, 0x74, 0xFF, 0x19, 0x13, 0x76, 0xFF, 0x18, 0x13, 0x74, 0xFF, 0x18, 0x13, 0x74, 0xFF,
    0x18, 0x13, 0x72, 0xFF, 0x18, 0x12, 0x72, 0xFF, 0x18, 0x13, 0x73, 0xFF, 0x18, 0x13, 0x74, 0xFF,
    0x19, 0x13, 0x76, 0xFF, 0x18, 0x13, 0x74, 0xFF, 0x18, 0x13, 0x75, 0xFF, 0x18, 0x13, 0x73, 0xFF,
    0x18, 0x12, 0x72, 0xFF, 0x18, 0x13, 0x73, 0xFF, 0x18, 0x12, 0x72, 0xFF, 0x18, 0x13, 0x74, 0xFF,
    0x18, 0x13, 0x76, 0xFF, 0x18, 0x13, 0x74, 0xFF, 0x18, 0x13, 0x75, 0xFF, 0x18, 0x13, 0x76, 0xFF,
    0x18, 0x13, 0x74, 0xFF, 0x18, 0x12, 0x72, 0xFF, 0x18, 0x13, 0x73, 0xFF, 0x18, 0x13, 0x73, 0xFF,
    0x18, 0x12, 0x72, 0xFF, 0x18, 0x12, 0x71, 0xFF, 0x18, 0x12, 0x72, 0xFF, 0x18, 0x13, 0x73, 0xFF,
    0x18, 0x13, 0x74, 0xFF, 0x18, 0x13, 0x75, 0xFF, 0x18, 0x13, 0x75, 0xFF, 0x18, 0x13, 0x74, 0xFF,
    0x18, 0x13, 0x74, 0xFF, 0x18, 0x13, 0x74, 0xFF, 0x18, 0x13, 0x74, 0xFF, 0x18, 0x13, 0x74, 0xFF,
    0x18, 0x13, 0x74, 0xFF, 0x18, 0x13, 0x74, 0xFF, 0x18, 0x13, 0x74, 0xFF, 0x18, 0x13, 0x75, 0xFF,
    0x18, 0x13, 0x75, 0xFF, 0x18, 0x13, 0x74, 0xFF, 0x18, 0x13, 0x74, 0xFF, 0x18, 0x13, 0x74, 0xFF,
    0x18, 0x13, 0x74, 0xFF, 0x18, 0x13, 0x74, 0xFF, 0x18, 0x13, 0x74, 0xFF, 0x18, 0x13, 0x74, 0xFF,
    0x18, 0x13, 0x74, 0xFF, 0x18, 0x13, 0x74, 0xFF, 0x18, 0x13, 0x74, 0xFF, 0x18, 0x13, 0x74, 0xFF,
    0x18, 0x13, 0x74, 0xFF, 0x18, 0x13, 0x75, 0xFF, 0x18, 0x13, 0x75, 0xFF, 0x18, 0x13, 0x75, 0xFF,
    0x18, 0x13, 0x75, 0xFF, 0x18, 0x13, 0x75, 0xFF, 0x18, 0x13, 0x75, 0xFF, 0x18, 0x13, 0x75, 0xFF,
    0x18, 0x13, 0x74, 0xFF, 0x18, 0x13, 0x74, 0xFF, 0x18, 0x13, 0x74, 0xFF, 0x18, 0x13, 0x73, 0xFF,
    0x18, 0x13, 0x73, 0xFF, 0x18, 0x13, 0x73, 0xFF, 0x18, 0x12, 0x72, 0xFF, 0x18, 0x12, 0x72, 0xFF,
    0x18, 0x12, 0x71, 0xFF, 0x18, 0x12, 0x71, 0xFF, 0x18, 0x12, 0x71, 0xFF, 0x18, 0x12, 0x72, 0xFF,
    0x18, 0x12, 0x72, 0xFF, 0x18, 0x13, 0x73, 0xFF, 0x18, 0x13, 0x73, 0xFF, 0x18, 0x13, 0x73, 0xFF,
    0x18, 0x12, 0x72, 0xFF, 0x18, 0x12, 0x72, 0xFF, 0x18, 0x13, 0x73, 0xFF, 0x18, 0x13, 0x75, 0xFF,
    0x18, 0x13, 0x76, 0xFF, 0x18, 0x13, 0x75, 0xFF, 0x18, 0x13, 0x74, 0xFF, 0x18, 0x13, 0x76, 0xFF,
    0x18, 0x13, 0x75, 0xFF, 0x18, 0x13, 0x73, 0xFF, 0x18, 0x12, 0x72, 0xFF, 0x18, 0x13, 0x73, 0xFF,
    0x18, 0x12, 0x72, 0xFF, 0x18, 0x13, 0x74, 0xFF, 0x18, 0x13, 0x75, 0xFF, 0x18, 0x13, 0x75, 0xFF,
    0x19, 0x13, 0x75, 0xFF, 0x18, 0x13, 0x73, 0xFF, 0x18, 0x13, 0x73, 0xFF, 0x18, 0x13, 0x73, 0xFF,
    0x18, 0x13, 0x74, 0xFF, 0x19, 0x13, 0x76, 0xFF, 0x18, 0x13, 0x74, 0xFF, 0x18, 0x13, 0x72, 0xFF,
    0x15, 0x11, 0x65, 0xFF, 0x12, 0x0E, 0x57, 0xFF, 0x0F, 0x0C, 0x49, 0xFF, 0x0D, 0x0A, 0x3F, 0xFF,
    0x0B, 0x09, 0x37, 0xFF, 0x07, 0x07, 0x27, 0x20, 0x00, 0x00, 0x00, 0x00, 0x00, 0x00, 0x00, 0x00,
    0x00, 0x00, 0x00, 0x00, 0x00, 0x00, 0x00, 0x00, 0x00, 0x00, 0x00, 0x00, 0x00, 0x00, 0x00, 0x00,
    0x00, 0x00, 0x00, 0x00, 0x00, 0x00, 0x00, 0x00, 0x00, 0x00, 0x00, 0x00, 0x00, 0x00, 0x00, 0x00,
    0x00, 0x00, 0x00, 0x00, 0x00, 0x00, 0x00, 0x00, 0x00, 0x00, 0x00, 0x00, 0x11, 0x0C, 0x4F, 0x90,
    0x16, 0x11, 0x69, 0xFF, 0x16, 0x11, 0x6B, 0xFF, 0x17, 0x12, 0x6E, 0xFF, 0x17, 0x12, 0x6F, 0xFF,
    0x18, 0x12, 0x72, 0xFF, 0x18, 0x13, 0x73, 0xFF, 0x18, 0x13, 0x75, 0xFF, 0x18, 0x13, 0x75, 0xFF,
    0x18, 0x13, 0x75, 0xFF, 0x18, 0x12, 0x73, 0xFF, 0x18, 0x13, 0x73, 0xFF, 0x18, 0x12, 0x72, 0xFF,
    0x18, 0x13, 0x74, 0xFF, 0x18, 0x13, 0x74, 0xFF, 0x19, 0x13, 0x76, 0xFF, 0x18, 0x13, 0x74, 0xFF,
    0x18, 0x13, 0x74, 0xFF, 0x18, 0x12, 0x72, 0xFF, 0x18, 0x13, 0x73, 0xFF, 0x18, 0x13, 0x73, 0xFF,
    0x18, 0x13, 0x74, 0xFF, 0x19, 0x13, 0x76, 0xFF, 0x18, 0x13, 0x74, 0xFF, 0x18, 0x13, 0x75, 0xFF,
    0x18, 0x13, 0x73, 0xFF, 0x18, 0x12, 0x72, 0xFF, 0x18, 0x13, 0x73, 0xFF, 0x18, 0x12, 0x72, 0xFF,
    0x18, 0x13, 0x74, 0xFF, 0x18, 0x13, 0x76, 0xFF, 0x18, 0x13, 0x75, 0xFF, 0x18, 0x13, 0x75, 0xFF,
    0x18, 0x13, 0x76, 0xFF, 0x18, 0x13, 0x74, 0xFF, 0x18, 0x12, 0x72, 0xFF, 0x18, 0x12, 0x72, 0xFF,
    0x18, 0x13, 0x73, 0xFF, 0x18, 0x13, 0x73, 0xFF, 0x18, 0x12, 0x72, 0xFF, 0x18, 0x12, 0x71, 0xFF,
    0x18, 0x12, 0x72, 0xFF, 0x18, 0x13, 0x73, 0xFF, 0x18, 0x13, 0x74, 0xFF, 0x18, 0x13, 0x75, 0xFF,
    0x18, 0x13, 0x75, 0xFF, 0x18, 0x13, 0x75, 0xFF, 0x18, 0x13, 0x75, 0xFF, 0x18, 0x13, 0x75, 0xFF,
    0x18, 0x13, 0x74, 0xFF, 0x18, 0x13, 0x74, 0xFF, 0x18, 0x13, 0x74, 0xFF, 0x18, 0x13, 0x74, 0xFF,
    0x18, 0x13, 0x74, 0xFF, 0x18, 0x13, 0x74, 0xFF, 0x18, 0x13, 0x74, 0xFF, 0x18, 0x13, 0x74, 0xFF,
    0x18, 0x13, 0x75, 0xFF, 0x18, 0x13, 0x75, 0xFF, 0x18, 0x13, 0x75, 0xFF, 0x18, 0x13, 0x75, 0xFF,
    0x18, 0x13, 0x75, 0xFF, 0x18, 0x13, 0x75, 0xFF, 0x18, 0x13, 0x75, 0xFF, 0x18, 0x13, 0x75, 0xFF,
    0x18, 0x13, 0x74, 0xFF, 0x18, 0x13, 0x74, 0xFF, 0x18, 0x13, 0x74, 0xFF, 0x18, 0x13, 0x73, 0xFF,
    0x18, 0x13, 0x73, 0xFF, 0x18, 0x13, 0x73, 0xFF, 0x18, 0x12, 0x72, 0xFF, 0x18, 0x12, 0x72, 0xFF,
    0x18, 0x12, 0x72, 0xFF, 0x18, 0x12, 0x71, 0xFF, 0x18, 0x12, 0x71, 0xFF, 0x18, 0x12, 0x71, 0xFF,
    0x17, 0x12, 0x71, 0xFF, 0x18, 0x12, 0x71, 0xFF, 0x18, 0x12, 0x72, 0xFF, 0x18, 0x12, 0x72, 0xFF,
    0x18, 0x12, 0x72, 0xFF, 0x18, 0x13, 0x73, 0xFF, 0x18, 0x13, 0x73, 0xFF, 0x18, 0x13, 0x73, 0xFF,
    0x18, 0x13, 0x73, 0xFF, 0x18, 0x12, 0x73, 0xFF, 0x18, 0x12, 0x72, 0xFF, 0x18, 0x12, 0x72, 0xFF,
    0x18, 0x13, 0x73, 0xFF, 0x18, 0x13, 0x75, 0xFF, 0x18, 0x13, 0x76, 0xFF, 0x18, 0x13, 0x76, 0xFF,
    0x18, 0x13, 0x75, 0xFF, 0x18, 0x13, 0x75, 0xFF, 0x18, 0x13, 0x76, 0xFF, 0x18, 0x13, 0x75, 0xFF,
    0x18, 0x12, 0x73, 0xFF, 0x18, 0x12, 0x72, 0xFF, 0x18, 0x13, 0x73, 0xFF, 0x18, 0x12, 0x71, 0xFF,
    0x18, 0x13, 0x73, 0xFF, 0x18, 0x13, 0x75, 0xFF, 0x18, 0x13, 0x75, 0xFF, 0x19, 0x13, 0x76, 0xFF,
    0x18, 0x13, 0x73, 0xFF, 0x18, 0x13, 0x73, 0xFF, 0x18, 0x12, 0x71, 0xFF, 0x18, 0x13, 0x74, 0xFF,
    0x18, 0x13, 0x74, 0xFF, 0x19, 0x13, 0x75, 0xFF, 0x18, 0x13, 0x74, 0xFF, 0x16, 0x11, 0x6A, 0xFF,
    0x13, 0x0F, 0x5B, 0xFF, 0x10, 0x0D, 0x4D, 0xFF, 0x0E, 0x0B, 0x41, 0xFF, 0x0D, 0x0A, 0x3E, 0xFF,
    0x0A, 0x07, 0x2F, 0x90, 0x00, 0x00, 0x00, 0x00, 0x00, 0x00, 0x00, 0x00, 0x00, 0x00, 0x00, 0x00,
    0x00, 0x00, 0x00, 0x00, 0x00, 0x00, 0x00, 0x00, 0x00, 0x00, 0x00, 0x00, 0x00, 0x00, 0x00, 0x00,
    0x00, 0x00, 0x00, 0x00, 0x00, 0x00, 0x00, 0x00, 0x00, 0x00, 0x00, 0x00, 0x00, 0x00, 0x00, 0x00,
    0x00, 0x00, 0x00, 0x00, 0x00, 0x00, 0x00, 0x00, 0x00, 0x00, 0x00, 0x00, 0x0F, 0x0F, 0x3F, 0x10,
    0x13, 0x0E, 0x5C, 0xEF, 0x16, 0x11, 0x69, 0xFF, 0x17, 0x12, 0x6B, 0xFF, 0x17, 0x12, 0x6D, 0xFF,
    0x17, 0x12, 0x6F, 0xFF, 0x18, 0x12, 0x71, 0xFF, 0x18, 0x13, 0x74, 0xFF, 0x18, 0x13, 0x75, 0xFF,
    0x19, 0x13, 0x76, 0xFF, 0x18, 0x13, 0x74, 0xFF, 0x18, 0x13, 0x73, 0xFF, 0x18, 0x12, 0x72, 0xFF,
    0x18, 0x13, 0x73, 0xFF, 0x18, 0x13, 0x74, 0xFF, 0x18, 0x13, 0x75, 0xFF, 0x19, 0x13, 0x76, 0xFF,
    0x18, 0x13, 0x74, 0xFF, 0x18, 0x13, 0x74, 0xFF, 0x18, 0x12, 0x71, 0xFF, 0x18, 0x13, 0x73, 0xFF,
    0x18, 0x13, 0x73, 0xFF, 0x18, 0x13, 0x75, 0xFF, 0x19, 0x13, 0x76, 0xFF, 0x18, 0x13, 0x74, 0xFF,
    0x18, 0x13, 0x75, 0xFF, 0x18, 0x12, 0x72, 0xFF, 0x18, 0x12, 0x72, 0xFF, 0x18, 0x13, 0x73, 0xFF,
    0x18, 0x12, 0x72, 0xFF, 0x18, 0x13, 0x74, 0xFF, 0x18, 0x13, 0x76, 0xFF, 0x18, 0x13, 0x75, 0xFF,
    0x18, 0x13, 0x75, 0xFF, 0x18, 0x13, 0x76, 0xFF, 0x18, 0x13, 0x75, 0xFF, 0x18, 0x13, 0x73, 0xFF,
    0x18, 0x12, 0x72, 0xFF, 0x18, 0x13, 0x73, 0xFF, 0x18, 0x13, 0x73, 0xFF, 0x18, 0x13, 0x73, 0xFF,
    0x18, 0x12, 0x72, 0xFF, 0x18, 0x12, 0x71, 0xFF, 0x18, 0x12, 0x71, 0xFF, 0x18, 0x12, 0x72, 0xFF,
    0x18, 0x13, 0x73, 0xFF, 0x18, 0x13, 0x73, 0xFF, 0x18, 0x13, 0x74, 0xFF, 0x18, 0x13, 0x74, 0xFF,
    0x18, 0x13, 0x74, 0xFF, 0x18, 0x13, 0x75, 0xFF, 0x18, 0x13, 0x75, 0xFF, 0x18, 0x13, 0x75, 0xFF,
    0x18, 0x13, 0x75, 0xFF, 0x18, 0x13, 0x75, 0xFF, 0x18, 0x13, 0x74, 0xFF, 0x18, 0x13, 0x74, 0xFF,
    0x18, 0x13, 0x74, 0xFF, 0x18, 0x13, 0x74, 0xFF, 0x18, 0x13, 0x74, 0xFF, 0x18, 0x13, 0x73, 0xFF,
    0x18, 0x13, 0x73, 0xFF, 0x18, 0x13, 0x73, 0xFF, 0x18, 0x12, 0x72, 0xFF, 0x18, 0x12, 0x72, 0xFF,
    0x18, 0x12, 0x72, 0xFF, 0x18, 0x12, 0x71, 0xFF, 0x17, 0x12, 0x71, 0xFF, 0x18, 0x12, 0x71, 0xFF,
    0x17, 0x12, 0x71, 0xFF, 0x18, 0x12, 0x71, 0xFF, 0x18, 0x12, 0x71, 0xFF, 0x18, 0x12, 0x72, 0xFF,
    0x18, 0x12, 0x72, 0xFF, 0x18, 0x12, 0x72, 0xFF, 0x18, 0x12, 0x72, 0xFF, 0x18, 0x13, 0x73, 0xFF,
    0x18, 0x13, 0x73, 0xFF, 0x18, 0x13, 0x73, 0xFF, 0x18, 0x13, 0x73, 0xFF, 0x18, 0x13, 0x73, 0xFF,
    0x18, 0x13, 0x73, 0xFF, 0x18, 0x13, 0x73, 0xFF, 0x18, 0x12, 0x72, 0xFF, 0x18, 0x12, 0x72, 0xFF,
    0x18, 0x12, 0x72, 0xFF, 0x18, 0x12, 0x73, 0xFF, 0x18, 0x13, 0x74, 0xFF, 0x18, 0x13, 0x75, 0xFF,
    0x19, 0x13, 0x76, 0xFF, 0x19, 0x13, 0x76, 0xFF, 0x18, 0x13, 0x75, 0xFF, 0x18, 0x13, 0x74, 0xFF,
    0x18, 0x13, 0x75, 0xFF, 0x18, 0x13, 0x76, 0xFF, 0x18, 0x13, 0x74, 0xFF, 0x18, 0x12, 0x72, 0xFF,
    0x18, 0x12, 0x73, 0xFF, 0x18, 0x13, 0x73, 0xFF, 0x18, 0x12, 0x71, 0xFF, 0x18, 0x13, 0x73, 0xFF,
    0x18, 0x13, 0x75, 0xFF, 0x18, 0x13, 0x74, 0xFF, 0x19, 0x13, 0x76, 0xFF, 0x18, 0x13, 0x74, 0xFF,
    0x18, 0x13, 0x73, 0xFF, 0x18, 0x12, 0x72, 0xFF, 0x18, 0x13, 0x73, 0xFF, 0x18, 0x13, 0x74, 0xFF,
    0x19, 0x13, 0x76, 0xFF, 0x18, 0x13, 0x74, 0xFF, 0x17, 0x12, 0x6F, 0xFF, 0x14, 0x10, 0x60, 0xFF,
    0x11, 0x0D, 0x51, 0xFF, 0x0E, 0x0B, 0x45, 0xFF, 0x0D, 0x0A, 0x3E, 0xFF, 0x0B, 0x09, 0x37, 0xEF,
    0x0F, 0x0F, 0x2F, 0x10, 0x00, 0x00, 0x00, 0x00, 0x00, 0x00, 0x00, 0x00, 0x00, 0x00, 0x00, 0x00,
    0x00, 0x00, 0x00, 0x00, 0x00, 0x00, 0x00, 0x00, 0x00, 0x00, 0x00, 0x00, 0x00, 0x00, 0x00, 0x00,
    0x00, 0x00, 0x00, 0x00, 0x00, 0x00, 0x00, 0x00, 0x00, 0x00, 0x00, 0x00, 0x00, 0x00, 0x00, 0x00,
    0x00, 0x00, 0x00, 0x00, 0x00, 0x00, 0x00, 0x00, 0x00, 0x00, 0x00, 0x00, 0x00, 0x00, 0x00, 0x00,
    0x0F, 0x0B, 0x4B, 0x80, 0x15, 0x11, 0x66, 0xFF, 0x16, 0x11, 0x68, 0xFF, 0x16, 0x11, 0x6C, 0xFF,
    0x17, 0x11, 0x6D, 0xFF, 0x17, 0x12, 0x70, 0xFF, 0x18, 0x12, 0x72, 0xFF, 0x18, 0x13, 0x75, 0xFF,
    0x18, 0x13, 0x74, 0xFF, 0x19, 0x13, 0x76, 0xFF, 0x18, 0x13, 0x73, 0xFF, 0x18, 0x13, 0x73, 0xFF,
    0x18, 0x12, 0x71, 0xFF, 0x18, 0x13, 0x73, 0xFF, 0x18, 0x13, 0x74, 0xFF, 0x19, 0x13, 0x75, 0xFF,
    0x18, 0x13, 0x75, 0xFF, 0x18, 0x13, 0x74, 0xFF, 0x18, 0x13, 0x73, 0xFF, 0x18, 0x12, 0x71, 0xFF,
    0x18, 0x13, 0x73, 0xFF, 0x18, 0x13, 0x73, 0xFF, 0x19, 0x13, 0x75, 0xFF, 0x19, 0x13, 0x75, 0xFF,
    0x18, 0x13, 0x74, 0xFF, 0x18, 0x13, 0x75, 0xFF, 0x18, 0x12, 0x72, 0xFF, 0x18, 0x12, 0x72, 0xFF,
    0x18, 0x13, 0x73, 0xFF, 0x18, 0x12, 0x72, 0xFF, 0x18, 0x13, 0x73, 0xFF, 0x18, 0x13, 0x76, 0xFF,
    0x18, 0x13, 0x75, 0xFF, 0x18, 0x13, 0x74, 0xFF, 0x18, 0x13, 0x76, 0xFF, 0x18, 0x13, 0x76, 0xFF,
    0x18, 0x13, 0x74, 0xFF, 0x18, 0x12, 0x72, 0xFF, 0x18, 0x12, 0x72, 0xFF, 0x18, 0x13, 0x73, 0xFF,
    0x18, 0x13, 0x73, 0xFF, 0x18, 0x13, 0x73, 0xFF, 0x18, 0x12, 0x72, 0xFF, 0x18, 0x12, 0x72, 0xFF,
    0x18, 0x12, 0x71, 0xFF, 0x18, 0x12, 0x71, 0xFF, 0x17, 0x12, 0x71, 0xFF, 0x18, 0x12, 0x71, 0xFF,
    0x18, 0x12, 0x72, 0xFF, 0x18, 0x12, 0x72, 0xFF, 0x18, 0x12, 0x72, 0xFF, 0x18, 0x12, 0x72, 0xFF,
    0x18, 0x12, 0x72, 0xFF, 0x18, 0x12, 0x72, 0xFF, 0x18, 0x12, 0x72, 0xFF, 0x18, 0x12, 0x72, 0xFF,
    0x18, 0x12, 0x71, 0xFF, 0x18, 0x12, 0x71, 0xFF, 0x17, 0x12, 0x71, 0xFF, 0x18, 0x12, 0x71, 0xFF,
    0x17, 0x12, 0x71, 0xFF, 0x18, 0x12, 0x71, 0xFF, 0x18, 0x12, 0x71, 0xFF, 0x18, 0x12, 0x72, 0xFF,
    0x18, 0x12, 0x72, 0xFF, 0x18, 0x12, 0x72, 0xFF, 0x18, 0x12, 0x72, 0xFF, 0x18, 0x13, 0x73, 0xFF,
    0x18, 0x13, 0x73, 0xFF, 0x18, 0x13, 0x73, 0xFF, 0x18, 0x13, 0x73, 0xFF, 0x18, 0x13, 0x73, 0xFF,
    0x18, 0x13, 0x73, 0xFF, 0x18, 0x13, 0x73, 0xFF, 0x18, 0x13, 0x73, 0xFF, 0x18, 0x13, 0x73, 0xFF,
    0x18, 0x12, 0x73, 0xFF, 0x18, 0x12, 0x72, 0xFF, 0x18, 0x12, 0x72, 0xFF, 0x18, 0x12, 0x72, 0xFF,
    0x18, 0x12, 0x72, 0xFF, 0x18, 0x12, 0x72, 0xFF, 0x18, 0x13, 0x73, 0xFF, 0x18, 0x13, 0x74, 0xFF,
    0x18, 0x13, 0x74, 0xFF, 0x18, 0x13, 0x75, 0xFF, 0x18, 0x13, 0x76, 0xFF, 0x18, 0x13, 0x76, 0xFF,
    0x18, 0x13, 0x75, 0xFF, 0x18, 0x13, 0x74, 0xFF, 0x18, 0x13, 0x75, 0xFF, 0x18, 0x13, 0x76, 0xFF,
    0x18, 0x13, 0x75, 0xFF, 0x18, 0x13, 0x74, 0xFF, 0x18, 0x12, 0x72, 0xFF, 0x18, 0x13, 0x73, 0xFF,
    0x18, 0x13, 0x73, 0xFF, 0x18, 0x12, 0x71, 0xFF, 0x18, 0x13, 0x73, 0xFF, 0x18, 0x13, 0x75, 0xFF,
    0x18, 0x13, 0x74, 0xFF, 0x19, 0x13, 0x76, 0xFF, 0x18, 0x13, 0x75, 0xFF, 0x18, 0x13, 0x73, 0xFF,
    0x18, 0x13, 0x73, 0xFF, 0x18, 0x12, 0x72, 0xFF, 0x18, 0x13, 0x74, 0xFF, 0x18, 0x13, 0x75, 0xFF,
    0x19, 0x13, 0x75, 0xFF, 0x18, 0x13, 0x72, 0xFF, 0x15, 0x10, 0x63, 0xFF, 0x12, 0x0E, 0x55, 0xFF,
    0x0F, 0x0C, 0x48, 0xFF, 0x0D, 0x0A, 0x3F, 0xFF, 0x0D, 0x0A, 0x3D, 0xFF, 0x09, 0x07, 0x2D, 0x80,
    0x00, 0x00, 0x00, 0x00, 0x00, 0x00, 0x00, 0x00, 0x00, 0x00, 0x00, 0x00, 0x00, 0x00, 0x00, 0x00,
    0x00, 0x00, 0x00, 0x00, 0x00, 0x00, 0x00, 0x00, 0x00, 0x00, 0x00, 0x00, 0x00, 0x00, 0x00, 0x00,
    0x00, 0x00, 0x00, 0x00, 0x00, 0x00, 0x00, 0x00, 0x00, 0x00, 0x00, 0x00, 0x00, 0x00, 0x00, 0x00,
    0x00, 0x00, 0x00, 0x00, 0x00, 0x00, 0x00, 0x00, 0x00, 0x00, 0x00, 0x00, 0x00, 0x00, 0x00, 0x00,
    0x00, 0x00, 0x00, 0x00, 0x12, 0x0D, 0x55, 0xDF, 0x15, 0x10, 0x66, 0xFF, 0x16, 0x11, 0x69, 0xFF,
    0x16, 0x11, 0x6B, 0xFF, 0x17, 0x12, 0x6D, 0xFF, 0x17, 0x12, 0x70, 0xFF, 0x18, 0x13, 0x73, 0xFF,
    0x18, 0x13, 0x75, 0xFF, 0x18, 0x13, 0x75, 0xFF, 0x18, 0x13, 0x75, 0xFF, 0x18, 0x12, 0x73, 0xFF,
    0x18, 0x13, 0x73, 0xFF, 0x18, 0x12, 0x71, 0xFF, 0x18, 0x13, 0x74, 0xFF, 0x18, 0x13, 0x74, 0xFF,
    0x19, 0x13, 0x76, 0xFF, 0x18, 0x13, 0x74, 0xFF, 0x18, 0x13, 0x74, 0xFF, 0x18, 0x13, 0x72, 0xFF,
    0x18, 0x12, 0x72, 0xFF, 0x18, 0x13, 0x73, 0xFF, 0x18, 0x13, 0x73, 0xFF, 0x19, 0x13, 0x76, 0xFF,
    0x18, 0x13, 0x75, 0xFF, 0x18, 0x13, 0x75, 0xFF, 0x18, 0x13, 0x75, 0xFF, 0x18, 0x12, 0x72, 0xFF,
    0x18, 0x12, 0x72, 0xFF, 0x18, 0x13, 0x73, 0xFF, 0x18, 0x12, 0x72, 0xFF, 0x18, 0x13, 0x73, 0xFF,
    0x18, 0x13, 0x75, 0xFF, 0x18, 0x13, 0x75, 0xFF, 0x18, 0x13, 0x74, 0xFF, 0x18, 0x13, 0x75, 0xFF,
    0x18, 0x13, 0x76, 0xFF, 0x18, 0x13, 0x75, 0xFF, 0x18, 0x13, 0x74, 0xFF, 0x18, 0x12, 0x72, 0xFF,
    0x18, 0x12, 0x72, 0xFF, 0x18, 0x12, 0x73, 0xFF, 0x18, 0x13, 0x73, 0xFF, 0x18, 0x13, 0x73, 0xFF,
    0x18, 0x13, 0x73, 0xFF, 0x18, 0x13, 0x73, 0xFF, 0x18, 0x12, 0x72, 0xFF, 0x18, 0x12, 0x72, 0xFF,
    0x18, 0x12, 0x72, 0xFF, 0x18, 0x12, 0x72, 0xFF, 0x18, 0x12, 0x72, 0xFF, 0x18, 0x12, 0x72, 0xFF,
    0x18, 0x12, 0x72, 0xFF, 0x18, 0x12, 0x72, 0xFF, 0x18, 0x12, 0x72, 0xFF, 0x18, 0x12, 0x72, 0xFF,
    0x18, 0x12, 0x72, 0xFF, 0x18, 0x12, 0x72, 0xFF, 0x18, 0x12, 0x72, 0xFF, 0x18, 0x13, 0x73, 0xFF,
    0x18, 0x13, 0x73, 0xFF, 0x18, 0x13, 0x73, 0xFF, 0x18, 0x13, 0x73, 0xFF, 0x18, 0x13, 0x73, 0xFF,
    0x18, 0x13, 0x73, 0xFF, 0x18, 0x13, 0x73, 0xFF, 0x18, 0x13, 0x73, 0xFF, 0x18, 0x13, 0x73, 0xFF,
    0x18, 0x12, 0x73, 0xFF, 0x18, 0x12, 0x72, 0xFF, 0x18, 0x12, 0x72, 0xFF, 0x18, 0x12, 0x72, 0xFF,
    0x18, 0x12, 0x72, 0xFF, 0x18, 0x12, 0x72, 0xFF, 0x18, 0x12, 0x72, 0xFF, 0x18, 0x12, 0x72, 0xFF,
    0x18, 0x12, 0x72, 0xFF, 0x18, 0x13, 0x73, 0xFF, 0x18, 0x13, 0x73, 0xFF, 0x18, 0x13, 0x74, 0xFF,
    0x18, 0x13, 0x74, 0xFF, 0x18, 0x13, 0x75, 0xFF, 0x18, 0x13, 0x76, 0xFF, 0x18, 0x13, 0x76, 0xFF,
    0x18, 0x13, 0x76, 0xFF, 0x18, 0x13, 0x75, 0xFF, 0x18, 0x13, 0x75, 0xFF, 0x18, 0x13, 0x74, 0xFF,
    0x18, 0x13, 0x75, 0xFF, 0x18, 0x13, 0x76, 0xFF, 0x18, 0x13, 0x76, 0xFF, 0x18, 0x13, 0x75, 0xFF,
    0x18, 0x13, 0x73, 0xFF, 0x18, 0x12, 0x72, 0xFF, 0x18, 0x13, 0x73, 0xFF, 0x18, 0x13, 0x73, 0xFF,
    0x18, 0x12, 0x71, 0xFF, 0x18, 0x13, 0x73, 0xFF, 0x18, 0x13, 0x75, 0xFF, 0x18, 0x13, 0x74, 0xFF,
    0x19, 0x13, 0x76, 0xFF, 0x19, 0x13, 0x75, 0xFF, 0x18, 0x13, 0x73, 0xFF, 0x18, 0x13, 0x73, 0xFF,
    0x18, 0x12, 0x71, 0xFF, 0x18, 0x13, 0x74, 0xFF, 0x18, 0x13, 0x74, 0xFF, 0x19, 0x13, 0x76, 0xFF,
    0x18, 0x13, 0x73, 0xFF, 0x16, 0x11, 0x68, 0xFF, 0x13, 0x0F, 0x58, 0xFF, 0x10, 0x0C, 0x4B, 0xFF,
    0x0E, 0x0B, 0x41, 0xFF, 0x0D, 0x0A, 0x3E, 0xFF, 0x0B, 0x09, 0x35, 0xDF, 0x00, 0x00, 0x00, 0x00,
    0x00, 0x00, 0x00, 0x00, 0x00, 0x00, 0x00, 0x00, 0x00, 0x00, 0x00, 0x00, 0x00, 0x00, 0x00, 0x00,
    0x00, 0x00, 0x00, 0x00, 0x00, 0x00, 0x00, 0x00, 0x00, 0x00, 0x00, 0x00, 0x00, 0x00, 0x00, 0x00,
    0x00, 0x00, 0x00, 0x00, 0x00, 0x00, 0x00, 0x00, 0x00, 0x00, 0x00, 0x00, 0x00, 0x00, 0x00, 0x00,
    0x00, 0x00, 0x00, 0x00, 0x00, 0x00, 0x00, 0x00, 0x00, 0x00, 0x00, 0x00, 0x00, 0x00, 0x00, 0x00,
    0x00, 0x00, 0x00, 0x00, 0x0F, 0x0C, 0x46, 0x50, 0x14, 0x0F, 0x5F, 0xFF, 0x15, 0x10, 0x66, 0xFF,
    0x16, 0x11, 0x69, 0xFF, 0x16, 0x11, 0x6A, 0xFF, 0x17, 0x12, 0x6E, 0xFF, 0x17, 0x12, 0x70, 0xFF,
    0x18, 0x13, 0x74, 0xFF, 0x18, 0x13, 0x75, 0xFF, 0x19, 0x13, 0x76, 0xFF, 0x18, 0x13, 0x74, 0xFF,
    0x18, 0x13, 0x73, 0xFF, 0x18, 0x13, 0x72, 0xFF, 0x18, 0x12, 0x72, 0xFF, 0x18, 0x13, 0x74, 0xFF,
    0x18, 0x13, 0x75, 0xFF, 0x19, 0x13, 0x76, 0xFF, 0x18, 0x13, 0x74, 0xFF, 0x18, 0x13, 0x74, 0xFF,
    0x18, 0x12, 0x72, 0xFF, 0x18, 0x13, 0x72, 0xFF, 0x18, 0x13, 0x73, 0xFF, 0x18, 0x13, 0x74, 0xFF,
    0x19, 0x13, 0x76, 0xFF, 0x18, 0x13, 0x75, 0xFF, 0x18, 0x13, 0x75, 0xFF, 0x18, 0x13, 0x75, 0xFF,
    0x18, 0x12, 0x72, 0xFF, 0x18, 0x12, 0x72, 0xFF, 0x18, 0x13, 0x73, 0xFF, 0x18, 0x12, 0x72, 0xFF,
    0x18, 0x13, 0x73, 0xFF, 0x18, 0x13, 0x75, 0xFF, 0x18, 0x13, 0x76, 0xFF, 0x18, 0x13, 0x75, 0xFF,
    0x18, 0x13, 0x74, 0xFF, 0x18, 0x13, 0x76, 0xFF, 0x18, 0x13, 0x76, 0xFF, 0x18, 0x13, 0x75, 0xFF,
    0x18, 0x13, 0x74, 0xFF, 0x18, 0x12, 0x73, 0xFF, 0x18, 0x12, 0x72, 0xFF, 0x18, 0x12, 0x72, 0xFF,
    0x18, 0x12, 0x72, 0xFF, 0x18, 0x13, 0x73, 0xFF, 0x18, 0x13, 0x73, 0xFF, 0x18, 0x13, 0x73, 0xFF,
    0x18, 0x13, 0x73, 0xFF, 0x18, 0x13, 0x73, 0xFF, 0x18, 0x13, 0x73, 0xFF, 0x18, 0x13, 0x73, 0xFF,
    0x18, 0x13, 0x73, 0xFF, 0x18, 0x13, 0x73, 0xFF, 0x18, 0x13, 0x73, 0xFF, 0x18, 0x13, 0x73, 0xFF,
    0x18, 0x13, 0x73, 0xFF, 0x18, 0x13, 0x73, 0xFF, 0x18, 0x13, 0x73, 0xFF, 0x18, 0x13, 0x73, 0xFF,
    0x18, 0x12, 0x73, 0xFF, 0x18, 0x12, 0x72, 0xFF, 0x18, 0x12, 0x72, 0xFF, 0x18, 0x12, 0x72, 0xFF,
    0x18, 0x12, 0x72, 0xFF, 0x18, 0x12, 0x72, 0xFF, 0x18, 0x12, 0x72, 0xFF, 0x18, 0x12, 0x72, 0xFF,
    0x18, 0x12, 0x72, 0xFF, 0x18, 0x12, 0x73, 0xFF, 0x18, 0x13, 0x73, 0xFF, 0x18, 0x13, 0x73, 0xFF,
    0x18, 0x13, 0x74, 0xFF, 0x18, 0x13, 0x74, 0xFF, 0x18, 0x13, 0x74, 0xFF, 0x18, 0x13, 0x75, 0xFF,
    0x18, 0x13, 0x75, 0xFF, 0x18, 0x13, 0x76, 0xFF, 0x18, 0x13, 0x76, 0xFF, 0x18, 0x13, 0x76, 0xFF,
    0x18, 0x13, 0x76, 0xFF, 0x18, 0x13, 0x76, 0xFF, 0x18, 0x13, 0x75, 0xFF, 0x18, 0x13, 0x75, 0xFF,
    0x18, 0x13, 0x74, 0xFF, 0x18, 0x13, 0x74, 0xFF, 0x18, 0x13, 0x75, 0xFF, 0x18, 0x13, 0x76, 0xFF,
    0x18, 0x13, 0x76, 0xFF, 0x18, 0x13, 0x75, 0xFF, 0x18, 0x13, 0x74, 0xFF, 0x18, 0x12, 0x72, 0xFF,
    0x18, 0x12, 0x72, 0xFF, 0x18, 0x13, 0x73, 0xFF, 0x18, 0x12, 0x72, 0xFF, 0x18, 0x12, 0x71, 0xFF,
    0x18, 0x13, 0x73, 0xFF, 0x18, 0x13, 0x75, 0xFF, 0x18, 0x13, 0x74, 0xFF, 0x19, 0x13, 0x75, 0xFF,
    0x19, 0x13, 0x76, 0xFF, 0x18, 0x13, 0x73, 0xFF, 0x18, 0x13, 0x73, 0xFF, 0x18, 0x12, 0x72, 0xFF,
    0x18, 0x13, 0x73, 0xFF, 0x18, 0x13, 0x74, 0xFF, 0x19, 0x13, 0x75, 0xFF, 0x18, 0x13, 0x74, 0xFF,
    0x16, 0x11, 0x6B, 0xFF, 0x13, 0x0F, 0x5B, 0xFF, 0x10, 0x0D, 0x4F, 0xFF, 0x0E, 0x0B, 0x43, 0xFF,
    0x0D, 0x0A, 0x3F, 0xFF, 0x0D, 0x0A, 0x3C, 0xFF, 0x09, 0x06, 0x2C, 0x50, 0x00, 0x00, 0x00, 0x00,
    0x00, 0x00, 0x00, 0x00, 0x00, 0x00, 0x00, 0x00, 0x00, 0x00, 0x00, 0x00, 0x00, 0x00, 0x00, 0x00,
    0x00, 0x00, 0x00, 0x00, 0x00, 0x00, 0x00, 0x00, 0x00, 0x00, 0x00, 0x00, 0x00, 0x00, 0x00, 0x00,
    0x00, 0x00, 0x00, 0x00, 0x00, 0x00, 0x00, 0x00, 0x00, 0x00, 0x00, 0x00, 0x00, 0x00, 0x00, 0x00,
    0x00, 0x00, 0x00, 0x00, 0x00, 0x00, 0x00, 0x00, 0x00, 0x00, 0x00, 0x00, 0x00, 0x00, 0x00, 0x00,
    0x00, 0x00, 0x00, 0x00, 0x00, 0x00, 0x00, 0x00, 0x0F, 0x0D, 0x4C, 0xB0, 0x15, 0x10, 0x63, 0xFF,
    0x15, 0x10, 0x66, 0xFF, 0x16, 0x11, 0x69, 0xFF, 0x16, 0x11, 0x6A, 0xFF, 0x17, 0x12, 0x6E, 0xFF,
    0x18, 0x12, 0x71, 0xFF, 0x18, 0x13, 0x75, 0xFF, 0x18, 0x13, 0x74, 0xFF, 0x19, 0x13, 0x76, 0xFF,
    0x18, 0x13, 0x73, 0xFF, 0x18, 0x13, 0x73, 0xFF, 0x18, 0x12, 0x72, 0xFF, 0x18, 0x13, 0x73, 0xFF,
    0x18, 0x13, 0x74, 0xFF, 0x18, 0x13, 0x75, 0xFF, 0x19, 0x13, 0x76, 0xFF, 0x18, 0x13, 0x73, 0xFF,
    0x18, 0x13, 0x74, 0xFF, 0x18, 0x12, 0x71, 0xFF, 0x18, 0x13, 0x73, 0xFF, 0x18, 0x13, 0x73, 0xFF,
    0x18, 0x13, 0x74, 0xFF, 0x19, 0x13, 0x76, 0xFF, 0x18, 0x13, 0x75, 0xFF, 0x18, 0x13, 0x75, 0xFF,
    0x18, 0x13, 0x74, 0xFF, 0x18, 0x12, 0x72, 0xFF, 0x18, 0x12, 0x72, 0xFF, 0x18, 0x13, 0x73, 0xFF,
    0x18, 0x12, 0x72, 0xFF, 0x18, 0x12, 0x72, 0xFF, 0x18, 0x13, 0x74, 0xFF, 0x18, 0x13, 0x76, 0xFF,
    0x18, 0x13, 0x75, 0xFF, 0x18, 0x13, 0x74, 0xFF, 0x18, 0x13, 0x75, 0xFF, 0x18, 0x13, 0x76, 0xFF,
    0x19, 0x13, 0x76, 0xFF, 0x18, 0x13, 0x75, 0xFF, 0x18, 0x13, 0x74, 0xFF, 0x18, 0x13, 0x74, 0xFF,
    0x18, 0x13, 0x73, 0xFF, 0x18, 0x12, 0x72, 0xFF, 0x18, 0x12, 0x72, 0xFF, 0x18, 0x12, 0x72, 0xFF,
    0x18, 0x12, 0x72, 0xFF, 0x18, 0x12, 0x72, 0xFF, 0x18, 0x12, 0x72, 0xFF, 0x18, 0x12, 0x72, 0xFF,
    0x18, 0x12, 0x72, 0xFF, 0x18, 0x12, 0x72, 0xFF, 0x18, 0x12, 0x72, 0xFF, 0x18, 0x12, 0x72, 0xFF,
    0x18, 0x12, 0x72, 0xFF, 0x18, 0x12, 0x72, 0xFF, 0x18, 0x12, 0x72, 0xFF, 0x18, 0x12, 0x72, 0xFF,
    0x18, 0x12, 0x72, 0xFF, 0x18, 0x12, 0x73, 0xFF, 0x18, 0x13, 0x73, 0xFF, 0x18, 0x13, 0x73, 0xFF,
    0x18, 0x13, 0x74, 0xFF, 0x18, 0x13, 0x74, 0xFF, 0x18, 0x13, 0x74, 0xFF, 0x18, 0x13, 0x75, 0xFF,
    0x18, 0x13, 0x75, 0xFF, 0x18, 0x13, 0x75, 0xFF, 0x18, 0x13, 0x76, 0xFF, 0x18, 0x13, 0x76, 0xFF,
    0x18, 0x13, 0x76, 0xFF, 0x18, 0x13, 0x76, 0xFF, 0x18, 0x13, 0x76, 0xFF, 0x18, 0x13, 0x76, 0xFF,
    0x18, 0x13, 0x75, 0xFF, 0x18, 0x13, 0x75, 0xFF, 0x18, 0x13, 0x75, 0xFF, 0x18, 0x13, 0x75, 0xFF,
    0x18, 0x13, 0x74, 0xFF, 0x18, 0x13, 0x74, 0xFF, 0x18, 0x13, 0x74, 0xFF, 0x18, 0x13, 0x75, 0xFF,
    0x18, 0x13, 0x75, 0xFF, 0x18, 0x13, 0x76, 0xFF, 0x18, 0x13, 0x76, 0xFF, 0x18, 0x13, 0x75, 0xFF,
    0x18, 0x13, 0x74, 0xFF, 0x18, 0x12, 0x72, 0xFF, 0x18, 0x12, 0x72, 0xFF, 0x18, 0x13, 0x73, 0xFF,
    0x18, 0x13, 0x73, 0xFF, 0x18, 0x12, 0x72, 0xFF, 0x18, 0x12, 0x71, 0xFF, 0x18, 0x13, 0x74, 0xFF,
    0x18, 0x13, 0x75, 0xFF, 0x18, 0x13, 0x74, 0xFF, 0x18, 0x13, 0x75, 0xFF, 0x19, 0x13, 0x76, 0xFF,
    0x18, 0x13, 0x73, 0xFF, 0x18, 0x13, 0x73, 0xFF, 0x18, 0x12, 0x72, 0xFF, 0x18, 0x12, 0x72, 0xFF,
    0x18, 0x13, 0x74, 0xFF, 0x18, 0x13, 0x74, 0xFF, 0x19, 0x13, 0x75, 0xFF, 0x17, 0x12, 0x6D, 0xFF,
    0x14, 0x0F, 0x5F, 0xFF, 0x11, 0x0D, 0x51, 0xFF, 0x0E, 0x0B, 0x45, 0xFF, 0x0D, 0x0A, 0x3F, 0xFF,
    0x0D, 0x0A, 0x3E, 0xFF, 0x0A, 0x08, 0x32, 0xB0, 0x00, 0x00, 0x00, 0x00, 0x00, 0x00, 0x00, 0x00,
    0x00, 0x00, 0x00, 0x00, 0x00, 0x00, 0x00, 0x00, 0x00, 0x00, 0x00, 0x00, 0x00, 0x00, 0x00, 0x00,
    0x00, 0x00, 0x00, 0x00, 0x00, 0x00, 0x00, 0x00, 0x00, 0x00, 0x00, 0x00, 0x00, 0x00, 0x00, 0x00,
    0x00, 0x00, 0x00, 0x00, 0x00, 0x00, 0x00, 0x00, 0x00, 0x00, 0x00, 0x00, 0x00, 0x00, 0x00, 0x00,
    0x00, 0x00, 0x00, 0x00, 0x00, 0x00, 0x00, 0x00, 0x00, 0x00, 0x00, 0x00, 0x00, 0x00, 0x00, 0x00,
    0x00, 0x00, 0x00, 0x00, 0x00, 0x00, 0x00, 0x00, 0x0F, 0x0F, 0x3F, 0x10, 0x12, 0x0D, 0x56, 0xEF,
    0x14, 0x10, 0x63, 0xFF, 0x15, 0x11, 0x66, 0xFF, 0x15, 0x11, 0x68, 0xFF, 0x16, 0x11, 0x6A, 0xFF,
    0x17, 0x12, 0x6E, 0xFF, 0x18, 0x13, 0x72, 0xFF, 0x18, 0x13, 0x75, 0xFF, 0x18, 0x13, 0x75, 0xFF,
    0x19, 0x13, 0x75, 0xFF, 0x18, 0x12, 0x72, 0xFF, 0x18, 0x13, 0x73, 0xFF, 0x18, 0x12, 0x71, 0xFF,
    0x18, 0x13, 0x74, 0xFF, 0x18, 0x13, 0x74, 0xFF, 0x19, 0x13, 0x76, 0xFF, 0x18, 0x13, 0x75, 0xFF,
    0x18, 0x13, 0x74, 0xFF, 0x18, 0x13, 0x73, 0xFF, 0x18, 0x12, 0x71, 0xFF, 0x18, 0x13, 0x73, 0xFF,
    0x18, 0x13, 0x73, 0xFF, 0x18, 0x13, 0x74, 0xFF, 0x19, 0x13, 0x76, 0xFF, 0x18, 0x13, 0x75, 0xFF,
    0x18, 0x13, 0x75, 0xFF, 0x18, 0x13, 0x74, 0xFF, 0x18, 0x12, 0x72, 0xFF, 0x18, 0x12, 0x72, 0xFF,
    0x18, 0x13, 0x73, 0xFF, 0x18, 0x12, 0x73, 0xFF, 0x18, 0x12, 0x72, 0xFF, 0x18, 0x13, 0x74, 0xFF,
    0x18, 0x13, 0x75, 0xFF, 0x18, 0x13, 0x76, 0xFF, 0x18, 0x13, 0x75, 0xFF, 0x18, 0x13, 0x74, 0xFF,
    0x18, 0x13, 0x75, 0xFF, 0x18, 0x13, 0x75, 0xFF, 0x18, 0x13, 0x76, 0xFF, 0x18, 0x13, 0x76, 0xFF,
    0x18, 0x13, 0x76, 0xFF, 0x18, 0x13, 0x75, 0xFF, 0x18, 0x13, 0x74, 0xFF, 0x18, 0x13, 0x74, 0xFF,
    0x18, 0x13, 0x74, 0xFF, 0x18, 0x13, 0x73, 0xFF, 0x18, 0x13, 0x73, 0xFF, 0x18, 0x13, 0x73, 0xFF,
    0x18, 0x13, 0x73, 0xFF, 0x18, 0x13, 0x73, 0xFF, 0x18, 0x13, 0x73, 0xFF, 0x18, 0x13, 0x74, 0xFF,
    0x18, 0x13, 0x74, 0xFF, 0x18, 0x13, 0x74, 0xFF, 0x18, 0x13, 0x74, 0xFF, 0x18, 0x13, 0x75, 0xFF,
    0x18, 0x13, 0x75, 0xFF, 0x18, 0x13, 0x75, 0xFF, 0x18, 0x13, 0x76, 0xFF, 0x18, 0x13, 0x76, 0xFF,
    0x18, 0x13, 0x76, 0xFF, 0x18, 0x13, 0x76, 0xFF, 0x18, 0x13, 0x76, 0xFF, 0x18, 0x13, 0x76, 0xFF,
    0x18, 0x13, 0x76, 0xFF, 0x18, 0x13, 0x75, 0xFF, 0x18, 0x13, 0x75, 0xFF, 0x18, 0x13, 0x75, 0xFF,
    0x18, 0x13, 0x75, 0xFF, 0x18, 0x13, 0x74, 0xFF, 0x18, 0x13, 0x74, 0xFF, 0x18, 0x13, 0x74, 0xFF,
    0x18, 0x13, 0x74, 0xFF, 0x18, 0x13, 0x74, 0xFF, 0x18, 0x13, 0x75, 0xFF, 0x18, 0x13, 0x75, 0xFF,
    0x18, 0x13, 0x75, 0xFF, 0x18, 0x13, 0x76, 0xFF, 0x18, 0x13, 0x76, 0xFF, 0x18, 0x13, 0x76, 0xFF,
    0x18, 0x13, 0x75, 0xFF, 0x18, 0x13, 0x74, 0xFF, 0x18, 0x13, 0x73, 0xFF, 0x18, 0x12, 0x72, 0xFF,
    0x18, 0x12, 0x72, 0xFF, 0x18, 0x13, 0x73, 0xFF, 0x18, 0x13, 0x73, 0xFF, 0x18, 0x13, 0x73, 0xFF,
    0x18, 0x12, 0x71, 0xFF, 0x18, 0x12, 0x72, 0xFF, 0x18, 0x13, 0x74, 0xFF, 0x18, 0x13, 0x75, 0xFF,
    0x18, 0x13, 0x74, 0xFF, 0x18, 0x13, 0x75, 0xFF, 0x19, 0x13, 0x76, 0xFF, 0x18, 0x13, 0x74, 0xFF,
    0x18, 0x13, 0x73, 0xFF, 0x18, 0x13, 0x73, 0xFF, 0x18, 0x12, 0x71, 0xFF, 0x18, 0x13, 0x74, 0xFF,
    0x18, 0x13, 0x73, 0xFF, 0x19, 0x13, 0x76, 0xFF, 0x17, 0x12, 0x6E, 0xFF, 0x14, 0x10, 0x62, 0xFF,
    0x11, 0x0E, 0x53, 0xFF, 0x0F, 0x0C, 0x47, 0xFF, 0x0D, 0x0A, 0x3F, 0xFF, 0x0D, 0x0A, 0x3F, 0xFF,
    0x0B, 0x08, 0x37, 0xEF, 0x0F, 0x0F, 0x2F, 0x10, 0x00, 0x00, 0x00, 0x00, 0x00, 0x00, 0x00, 0x00,
    0x00, 0x00, 0x00, 0x00, 0x00, 0x00, 0x00, 0x00, 0x00, 0x00, 0x00, 0x00, 0x00, 0x00, 0x00, 0x00,
    0x00, 0x00, 0x00, 0x00, 0x00, 0x00, 0x00, 0x00, 0x00, 0x00, 0x00, 0x00, 0x00, 0x00, 0x00, 0x00,
    0x00, 0x00, 0x00, 0x00, 0x00, 0x00, 0x00, 0x00, 0x00, 0x00, 0x00, 0x00, 0x00, 0x00, 0x00, 0x00,
    0x00, 0x00, 0x00, 0x00, 0x00, 0x00, 0x00, 0x00, 0x00, 0x00, 0x00, 0x00, 0x00, 0x00, 0x00, 0x00,
    0x00, 0x00, 0x00, 0x00, 0x00, 0x00, 0x00, 0x00, 0x00, 0x00, 0x00, 0x00, 0x0F, 0x0C, 0x46, 0x50,
    0x13, 0x0F, 0x5D, 0xFF, 0x14, 0x10, 0x62, 0xFF, 0x15, 0x10, 0x66, 0xFF, 0x15, 0x10, 0x67, 0xFF,
    0x16, 0x11, 0x6B, 0xFF, 0x17, 0x12, 0x6E, 0xFF, 0x18, 0x13, 0x73, 0xFF, 0x18, 0x13, 0x75, 0xFF,
    0x18, 0x13, 0x75, 0xFF, 0x18, 0x13, 0x74, 0xFF, 0x18, 0x13, 0x73, 0xFF, 0x18, 0x13, 0x72, 0xFF,
    0x18, 0x12, 0x72, 0xFF, 0x18, 0x13, 0x74, 0xFF, 0x18, 0x13, 0x74, 0xFF, 0x19, 0x13, 0x76, 0xFF,
    0x18, 0x13, 0x74, 0xFF, 0x18, 0x13, 0x74, 0xFF, 0x18, 0x13, 0x73, 0xFF, 0x18, 0x12, 0x71, 0xFF,
    0x18, 0x13, 0x73, 0xFF, 0x18, 0x13, 0x73, 0xFF, 0x18, 0x13, 0x74, 0xFF, 0x19, 0x13, 0x76, 0xFF,
    0x18, 0x13, 0x75, 0xFF, 0x18, 0x13, 0x75, 0xFF, 0x18, 0x13, 0x75, 0xFF, 0x18, 0x12, 0x72, 0xFF,
    0x18, 0x12, 0x72, 0xFF, 0x18, 0x13, 0x73, 0xFF, 0x18, 0x13, 0x73, 0xFF, 0x18, 0x12, 0x72, 0xFF,
    0x18, 0x13, 0x73, 0xFF, 0x18, 0x13, 0x74, 0xFF, 0x18, 0x13, 0x76, 0xFF, 0x18, 0x13, 0x76, 0xFF,
    0x18, 0x13, 0x75, 0xFF, 0x18, 0x13, 0x74, 0xFF, 0x18, 0x13, 0x74, 0xFF, 0x18, 0x13, 0x75, 0xFF,
    0x18, 0x13, 0x75, 0xFF, 0x18, 0x13, 0x76, 0xFF, 0x18, 0x13, 0x76, 0xFF, 0x18, 0x13, 0x76, 0xFF,
    0x18, 0x13, 0x76, 0xFF, 0x18, 0x13, 0x76, 0xFF, 0x18, 0x13, 0x76, 0xFF, 0x18, 0x13, 0x76, 0xFF,
    0x18, 0x13, 0x76, 0xFF, 0x18, 0x13, 0x76, 0xFF, 0x18, 0x13, 0x76, 0xFF, 0x18, 0x13, 0x76, 0xFF,
    0x18, 0x13, 0x76, 0xFF, 0x18, 0x13, 0x76, 0xFF, 0x18, 0x13, 0x76, 0xFF, 0x18, 0x13, 0x76, 0xFF,
    0x18, 0x13, 0x76, 0xFF, 0x18, 0x13, 0x75, 0xFF, 0x18, 0x13, 0x75, 0xFF, 0x18, 0x13, 0x75, 0xFF,
    0x18, 0x13, 0x75, 0xFF, 0x18, 0x13, 0x74, 0xFF, 0x18, 0x13, 0x74, 0xFF, 0x18, 0x13, 0x74, 0xFF,
    0x18, 0x13, 0x74, 0xFF, 0x18, 0x13, 0x74, 0xFF, 0x18, 0x13, 0x74, 0xFF, 0x18, 0x13, 0x75, 0xFF,
    0x18, 0x13, 0x75, 0xFF, 0x18, 0x13, 0x75, 0xFF, 0x18, 0x13, 0x75, 0xFF, 0x18, 0x13, 0x76, 0xFF,
    0x18, 0x13, 0x76, 0xFF, 0x18, 0x13, 0x76, 0xFF, 0x18, 0x13, 0x76, 0xFF, 0x18, 0x13, 0x76, 0xFF,
    0x18, 0x13, 0x75, 0xFF, 0x18, 0x13, 0x74, 0xFF, 0x18, 0x13, 0x74, 0xFF, 0x18, 0x13, 0x73, 0xFF,
    0x18, 0x12, 0x72, 0xFF, 0x18, 0x12, 0x72, 0xFF, 0x18, 0x12, 0x72, 0xFF, 0x18, 0x13, 0x73, 0xFF,
    0x18, 0x13, 0x73, 0xFF, 0x18, 0x13, 0x73, 0xFF, 0x18, 0x12, 0x72, 0xFF, 0x18, 0x12, 0x71, 0xFF,
    0x18, 0x13, 0x73, 0xFF, 0x18, 0x13, 0x75, 0xFF, 0x18, 0x13, 0x75, 0xFF, 0x18, 0x13, 0x74, 0xFF,
    0x18, 0x13, 0x75, 0xFF, 0x19, 0x13, 0x76, 0xFF, 0x18, 0x13, 0x74, 0xFF, 0x18, 0x13, 0x73, 0xFF,
    0x18, 0x13, 0x73, 0xFF, 0x18, 0x12, 0x71, 0xFF, 0x18, 0x13, 0x73, 0xFF, 0x18, 0x13, 0x74, 0xFF,
    0x18, 0x13, 0x75, 0xFF, 0x17, 0x12, 0x70, 0xFF, 0x15, 0x10, 0x63, 0xFF, 0x12, 0x0E, 0x55, 0xFF,
    0x0F, 0x0C, 0x49, 0xFF, 0x0D, 0x0A, 0x3F, 0xFF, 0x0D, 0x0A, 0x3F, 0xFF, 0x0D, 0x0A, 0x3C, 0xFF,
    0x09, 0x09, 0x2F, 0x50, 0x00, 0x00, 0x00, 0x00, 0x00, 0x00, 0x00, 0x00, 0x00, 0x00, 0x00, 0x00,
    0x00, 0x00, 0x00, 0x00, 0x00, 0x00, 0x00, 0x00, 0x00, 0x00, 0x00, 0x00, 0x00, 0x00, 0x00, 0x00,
    0x00, 0x00, 0x00, 0x00, 0x00, 0x00, 0x00, 0x00, 0x00, 0x00, 0x00, 0x00, 0x00, 0x00, 0x00, 0x00,
    0x00, 0x00, 0x00, 0x00, 0x00, 0x00, 0x00, 0x00, 0x00, 0x00, 0x00, 0x00, 0x00, 0x00, 0x00, 0x00,
    0x00, 0x00, 0x00, 0x00, 0x00, 0x00, 0x00, 0x00, 0x00, 0x00, 0x00, 0x00, 0x00, 0x00, 0x00, 0x00,
    0x00, 0x00, 0x00, 0x00, 0x00, 0x00, 0x00, 0x00, 0x00, 0x00, 0x00, 0x00, 0x00, 0x00, 0x00, 0x00,
    0x0F, 0x0C, 0x4A, 0xA0, 0x14, 0x0F, 0x5F, 0xFF, 0x14, 0x10, 0x62, 0xFF, 0x15, 0x10, 0x65, 0xFF,
    0x15, 0x11, 0x67, 0xFF, 0x16, 0x11, 0x6B, 0xFF, 0x17, 0x12, 0x6E, 0xFF, 0x18, 0x13, 0x74, 0xFF,
    0x18, 0x13, 0x74, 0xFF, 0x19, 0x13, 0x76, 0xFF, 0x18, 0x13, 0x73, 0xFF, 0x18, 0x13, 0x73, 0xFF,
    0x18, 0x12, 0x72, 0xFF, 0x18, 0x13, 0x73, 0xFF, 0x18, 0x13, 0x74, 0xFF, 0x18, 0x13, 0x75, 0xFF,
    0x19, 0x13, 0x76, 0xFF, 0x18, 0x13, 0x74, 0xFF, 0x18, 0x13, 0x74, 0xFF, 0x18, 0x13, 0x72, 0xFF,
    0x18, 0x12, 0x72, 0xFF, 0x18, 0x13, 0x73, 0xFF, 0x18, 0x13, 0x73, 0xFF, 0x18, 0x13, 0x75, 0xFF,
    0x19, 0x13, 0x76, 0xFF, 0x18, 0x13, 0x75, 0xFF, 0x18, 0x13, 0x75, 0xFF, 0x18, 0x13, 0x75, 0xFF,
    0x18, 0x13, 0x72, 0xFF, 0x18, 0x12, 0x71, 0xFF, 0x18, 0x12, 0x73, 0xFF, 0x18, 0x13, 0x73, 0xFF,
    0x18, 0x12, 0x72, 0xFF, 0x18, 0x12, 0x72, 0xFF, 0x18, 0x13, 0x73, 0xFF, 0x18, 0x13, 0x74, 0xFF,
    0x18, 0x13, 0x76, 0xFF, 0x18, 0x13, 0x76, 0xFF, 0x18, 0x13, 0x75, 0xFF, 0x18, 0x13, 0x75, 0xFF,
    0x18, 0x13, 0x74, 0xFF, 0x18, 0x13, 0x74, 0xFF, 0x18, 0x13, 0x74, 0xFF, 0x18, 0x13, 0x74, 0xFF,
    0x18, 0x13, 0x75, 0xFF, 0x18, 0x13, 0x75, 0xFF, 0x18, 0x13, 0x75, 0xFF, 0x18, 0x13, 0x75, 0xFF,
    0x18, 0x13, 0x75, 0xFF, 0x18, 0x13, 0x75, 0xFF, 0x18, 0x13, 0x75, 0xFF, 0x18, 0x13, 0x75, 0xFF,
    0x18, 0x13, 0x74, 0xFF, 0x18, 0x13, 0x74, 0xFF, 0x18, 0x13, 0x74, 0xFF, 0x18, 0x13, 0x74, 0xFF,
    0x18, 0x13, 0x74, 0xFF, 0x18, 0x13, 0x74, 0xFF, 0x18, 0x13, 0x74, 0xFF, 0x18, 0x13, 0x75, 0xFF,
    0x18, 0x13, 0x75, 0xFF, 0x18, 0x13, 0x75, 0xFF, 0x18, 0x13, 0x75, 0xFF, 0x18, 0x13, 0x76, 0xFF,
    0x18, 0x13, 0x76, 0xFF, 0x18, 0x13, 0x76, 0xFF, 0x18, 0x13, 0x76, 0xFF, 0x18, 0x13, 0x76, 0xFF,
    0x18, 0x13, 0x76, 0xFF, 0x18, 0x13, 0x75, 0xFF, 0x18, 0x13, 0x75, 0xFF, 0x18, 0x13, 0x75, 0xFF,
    0x18, 0x13, 0x74, 0xFF, 0x18, 0x13, 0x74, 0xFF, 0x18, 0x13, 0x73, 0xFF, 0x18, 0x13, 0x73, 0xFF,
    0x18, 0x12, 0x72, 0xFF, 0x18, 0x12, 0x72, 0xFF, 0x18, 0x12, 0x72, 0xFF, 0x18, 0x12, 0x72, 0xFF,
    0x18, 0x12, 0x73, 0xFF, 0x18, 0x13, 0x73, 0xFF, 0x18, 0x13, 0x73, 0xFF, 0x18, 0x13, 0x73, 0xFF,
    0x18, 0x12, 0x72, 0xFF, 0x18, 0x12, 0x71, 0xFF, 0x18, 0x12, 0x72, 0xFF, 0x18, 0x13, 0x74, 0xFF,
    0x18, 0x13, 0x75, 0xFF, 0x18, 0x13, 0x75, 0xFF, 0x18, 0x13, 0x74, 0xFF, 0x19, 0x13, 0x76, 0xFF,
    0x19, 0x13, 0x76, 0xFF, 0x18, 0x13, 0x74, 0xFF, 0x18, 0x13, 0x73, 0xFF, 0x18, 0x13, 0x73, 0xFF,
    0x18, 0x12, 0x71, 0xFF, 0x18, 0x13, 0x73, 0xFF, 0x18, 0x13, 0x74, 0xFF, 0x18, 0x13, 0x74, 0xFF,
    0x18, 0x13, 0x71, 0xFF, 0x15, 0x10, 0x64, 0xFF, 0x12, 0x0E, 0x57, 0xFF, 0x10, 0x0C, 0x4A, 0xFF,
    0x0D, 0x0B, 0x40, 0xFF, 0x0D, 0x0A, 0x3E, 0xFF, 0x0D, 0x0A, 0x3F, 0xFF, 0x0B, 0x07, 0x31, 0xA0,
    0x00, 0x00, 0x00, 0x00, 0x00, 0x00, 0x00, 0x00, 0x00, 0x00, 0x00, 0x00, 0x00, 0x00, 0x00, 0x00,
    0x00, 0x00, 0x00, 0x00, 0x00, 0x00, 0x00, 0x00, 0x00, 0x00, 0x00, 0x00, 0x00, 0x00, 0x00, 0x00,
    0x00, 0x00, 0x00, 0x00, 0x00, 0x00, 0x00, 0x00, 0x00, 0x00, 0x00, 0x00, 0x00, 0x00, 0x00, 0x00,
    0x00, 0x00, 0x00, 0x00, 0x00, 0x00, 0x00, 0x00, 0x00, 0x00, 0x00, 0x00, 0x00, 0x00, 0x00, 0x00,
    0x00, 0x00, 0x00, 0x00, 0x00, 0x00, 0x00, 0x00, 0x00, 0x00, 0x00, 0x00, 0x00, 0x00, 0x00, 0x00,
    0x00, 0x00, 0x00, 0x00, 0x00, 0x00, 0x00, 0x00, 0x00, 0x00, 0x00, 0x00, 0x00, 0x00, 0x00, 0x00,
    0x0F, 0x0F, 0x3F, 0x10, 0x11, 0x0D, 0x51, 0xCF, 0x14, 0x0F, 0x5F, 0xFF, 0x14, 0x10, 0x62, 0xFF,
    0x15, 0x10, 0x63, 0xFF, 0x15, 0x11, 0x66, 0xFF, 0x16, 0x11, 0x6A, 0xFF, 0x17, 0x12, 0x6E, 0xFF,
    0x18, 0x13, 0x73, 0xFF, 0x18, 0x13, 0x75, 0xFF, 0x19, 0x13, 0x76, 0xFF, 0x18, 0x12, 0x73, 0xFF,
    0x18, 0x13, 0x73, 0xFF, 0x18, 0x12, 0x71, 0xFF, 0x18, 0x13, 0x73, 0xFF, 0x18, 0x13, 0x74, 0xFF,
    0x18, 0x13, 0x75, 0xFF, 0x19, 0x13, 0x76, 0xFF, 0x18, 0x13, 0x73, 0xFF, 0x18, 0x13, 0x74, 0xFF,
    0x18, 0x12, 0x72, 0xFF, 0x18, 0x12, 0x72, 0xFF, 0x18, 0x13, 0x73, 0xFF, 0x18, 0x13, 0x73, 0xFF,
    0x18, 0x13, 0x75, 0xFF, 0x19, 0x13, 0x76, 0xFF, 0x18, 0x13, 0x75, 0xFF, 0x18, 0x13, 0x75, 0xFF,
    0x18, 0x13, 0x75, 0xFF, 0x18, 0x13, 0x73, 0xFF, 0x18, 0x12, 0x71, 0xFF, 0x18, 0x12, 0x72, 0xFF,
    0x18, 0x13, 0x73, 0xFF, 0x18, 0x13, 0x73, 0xFF, 0x18, 0x12, 0x72, 0xFF, 0x18, 0x12, 0x72, 0xFF,
    0x18, 0x13, 0x73, 0xFF, 0x18, 0x13, 0x74, 0xFF, 0x18, 0x13, 0x75, 0xFF, 0x18, 0x13, 0x76, 0xFF,
    0x18, 0x13, 0x76, 0xFF, 0x18, 0x13, 0x76, 0xFF, 0x18, 0x13, 0x75, 0xFF, 0x18, 0x13, 0x75, 0xFF,
    0x18, 0x13, 0x75, 0xFF, 0x18, 0x13, 0x75, 0xFF, 0x18, 0x13, 0x75, 0xFF, 0x18, 0x13, 0x75, 0xFF,
    0x18, 0x13, 0x75, 0xFF, 0x18, 0x13, 0x75, 0xFF, 0x18, 0x13, 0x75, 0xFF, 0x18, 0x13, 0x75, 0xFF,
    0x18, 0x13, 0x75, 0xFF, 0x18, 0x13, 0x75, 0xFF, 0x18, 0x13, 0x75, 0xFF, 0x18, 0x13, 0x76, 0xFF,
    0x18, 0x13, 0x76, 0xFF, 0x18, 0x13, 0x76, 0xFF, 0x18, 0x13, 0x76, 0xFF, 0x18, 0x13, 0x76, 0xFF,
    0x18, 0x13, 0x76, 0xFF, 0x18, 0x13, 0x75, 0xFF, 0x18, 0x13, 0x75, 0xFF, 0x18, 0x13, 0x75, 0xFF,
    0x18, 0x13, 0x74, 0xFF, 0x18, 0x13, 0x74, 0xFF, 0x18, 0x13, 0x74, 0xFF, 0x18, 0x13, 0x73, 0xFF,
    0x18, 0x13, 0x73, 0xFF, 0x18, 0x12, 0x73, 0xFF, 0x18, 0x12, 0x72, 0xFF, 0x18, 0x12, 0x72, 0xFF,
    0x18, 0x12, 0x72, 0xFF, 0x18, 0x12, 0x72, 0xFF, 0x18, 0x12, 0x72, 0xFF, 0x18, 0x12, 0x72, 0xFF,
    0x18, 0x12, 0x72, 0xFF, 0x18, 0x13, 0x73, 0xFF, 0x18, 0x13, 0x73, 0xFF, 0x18, 0x13, 0x73, 0xFF,
    0x18, 0x13, 0x73, 0xFF, 0x18, 0x12, 0x72, 0xFF, 0x18, 0x12, 0x72, 0xFF, 0x18, 0x12, 0x71, 0xFF,
    0x18, 0x12, 0x72, 0xFF, 0x18, 0x13, 0x73, 0xFF, 0x18, 0x13, 0x75, 0xFF, 0x18, 0x13, 0x75, 0xFF,
    0x18, 0x13, 0x74, 0xFF, 0x18, 0x13, 0x75, 0xFF, 0x19, 0x13, 0x76, 0xFF, 0x19, 0x13, 0x76, 0xFF,
    0x18, 0x13, 0x74, 0xFF, 0x18, 0x13, 0x73, 0xFF, 0x18, 0x13, 0x73, 0xFF, 0x18, 0x12, 0x72, 0xFF,
    0x18, 0x13, 0x72, 0xFF, 0x18, 0x13, 0x74, 0xFF, 0x18, 0x13, 0x74, 0xFF, 0x18, 0x13, 0x71, 0xFF,
    0x15, 0x10, 0x64, 0xFF, 0x12, 0x0F, 0x58, 0xFF, 0x10, 0x0C, 0x4B, 0xFF, 0x0E, 0x0B, 0x41, 0xFF,
    0x0D, 0x0A, 0x3D, 0xFF, 0x0D, 0x0A, 0x3F, 0xFF, 0x0B, 0x08, 0x36, 0xCF, 0x0F, 0x0F, 0x2F, 0x10,
    0x00, 0x00, 0x00, 0x00, 0x00, 0x00, 0x00, 0x00, 0x00, 0x00, 0x00, 0x00, 0x00, 0x00, 0x00, 0x00,
    0x00, 0x00, 0x00, 0x00, 0x00, 0x00, 0x00, 0x00, 0x00, 0x00, 0x00, 0x00, 0x00, 0x00, 0x00, 0x00,
    0x00, 0x00, 0x00, 0x00, 0x00, 0x00, 0x00, 0x00, 0x00, 0x00, 0x00, 0x00, 0x00, 0x00, 0x00, 0x00,
    0x00, 0x00, 0x00, 0x00, 0x00, 0x00, 0x00, 0x00, 0x00, 0x00, 0x00, 0x00, 0x00, 0x00, 0x00, 0x00,
    0x00, 0x00, 0x00, 0x00, 0x00, 0x00, 0x00, 0x00, 0x00, 0x00, 0x00, 0x00, 0x00, 0x00, 0x00, 0x00,
    0x00, 0x00, 0x00, 0x00, 0x00, 0x00, 0x00, 0x00, 0x00, 0x00, 0x00, 0x00, 0x00, 0x00, 0x00, 0x00,
    0x00, 0x00, 0x00, 0x00, 0x0F, 0x0A, 0x3F, 0x30, 0x12, 0x0D, 0x55, 0xEF, 0x13, 0x0F, 0x5E, 0xFF,
    0x14, 0x10, 0x61, 0xFF, 0x14, 0x10, 0x62, 0xFF, 0x15, 0x11, 0x66, 0xFF, 0x16, 0x11, 0x6A, 0xFF,
    0x17, 0x12, 0x6F, 0xFF, 0x18, 0x13, 0x73, 0xFF, 0x18, 0x13, 0x75, 0xFF, 0x18, 0x13, 0x75, 0xFF,
    0x18, 0x12, 0x72, 0xFF, 0x18, 0x13, 0x73, 0xFF, 0x18, 0x12, 0x71, 0xFF, 0x18, 0x13, 0x74, 0xFF,
    0x18, 0x13, 0x74, 0xFF, 0x19, 0x13, 0x76, 0xFF, 0x19, 0x13, 0x75, 0xFF, 0x18, 0x13, 0x73, 0xFF,
    0x18, 0x13, 0x74, 0xFF, 0x18, 0x12, 0x72, 0xFF, 0x18, 0x12, 0x72, 0xFF, 0x18, 0x13, 0x73, 0xFF,
    0x18, 0x13, 0x73, 0xFF, 0x18, 0x13, 0x75, 0xFF, 0x19, 0x13, 0x76, 0xFF, 0x18, 0x13, 0x75, 0xFF,
    0x18, 0x13, 0x74, 0xFF, 0x18, 0x13, 0x75, 0xFF, 0x18, 0x13, 0x74, 0xFF, 0x18, 0x12, 0x72, 0xFF,
    0x18, 0x12, 0x71, 0xFF, 0x18, 0x12, 0x73, 0xFF, 0x18, 0x13, 0x73, 0xFF, 0x18, 0x13, 0x73, 0xFF,
    0x18, 0x12, 0x72, 0xFF, 0x18, 0x12, 0x72, 0xFF, 0x18, 0x12, 0x72, 0xFF, 0x18, 0x13, 0x73, 0xFF,
    0x18, 0x13, 0x74, 0xFF, 0x18, 0x13, 0x74, 0xFF, 0x18, 0x13, 0x75, 0xFF, 0x18, 0x13, 0x75, 0xFF,
    0x18, 0x13, 0x76, 0xFF, 0x18, 0x13, 0x76, 0xFF, 0x18, 0x13, 0x76, 0xFF, 0x18, 0x13, 0x76, 0xFF,
    0x18, 0x13, 0x76, 0xFF, 0x18, 0x13, 0x76, 0xFF, 0x18, 0x13, 0x76, 0xFF, 0x18, 0x13, 0x76, 0xFF,
    0x18, 0x13, 0x76, 0xFF, 0x18, 0x13, 0x75, 0xFF, 0x18, 0x13, 0x75, 0xFF, 0x18, 0x13, 0x75, 0xFF,
    0x18, 0x13, 0x74, 0xFF, 0x18, 0x13, 0x74, 0xFF, 0x18, 0x13, 0x74, 0xFF, 0x18, 0x13, 0x73, 0xFF,
    0x18, 0x13, 0x73, 0xFF, 0x18, 0x12, 0x73, 0xFF, 0x18, 0x12, 0x72, 0xFF, 0x18, 0x12, 0x72, 0xFF,
    0x18, 0x12, 0x72, 0xFF, 0x18, 0x12, 0x72, 0xFF, 0x18, 0x12, 0x72, 0xFF, 0x18, 0x12, 0x72, 0xFF,
    0x18, 0x12, 0x72, 0xFF, 0x18, 0x12, 0x72, 0xFF, 0x18, 0x12, 0x72, 0xFF, 0x18, 0x12, 0x73, 0xFF,
    0x18, 0x13, 0x73, 0xFF, 0x18, 0x13, 0x73, 0xFF, 0x18, 0x13, 0x73, 0xFF, 0x18, 0x13, 0x73, 0xFF,
    0x18, 0x13, 0x73, 0xFF, 0x18, 0x12, 0x73, 0xFF, 0x18, 0x12, 0x72, 0xFF, 0x18, 0x12, 0x72, 0xFF,
    0x18, 0x12, 0x71, 0xFF, 0x18, 0x12, 0x71, 0xFF, 0x18, 0x12, 0x72, 0xFF, 0x18, 0x13, 0x74, 0xFF,
    0x18, 0x13, 0x75, 0xFF, 0x18, 0x13, 0x75, 0xFF, 0x18, 0x13, 0x75, 0xFF, 0x18, 0x13, 0x74, 0xFF,
    0x18, 0x13, 0x75, 0xFF, 0x19, 0x13, 0x76, 0xFF, 0x19, 0x13, 0x75, 0xFF, 0x18, 0x13, 0x73, 0xFF,
    0x18, 0x13, 0x73, 0xFF, 0x18, 0x13, 0x73, 0xFF, 0x18, 0x12, 0x72, 0xFF, 0x18, 0x12, 0x72, 0xFF,
    0x18, 0x13, 0x74, 0xFF, 0x18, 0x13, 0x73, 0xFF, 0x18, 0x12, 0x70, 0xFF, 0x15, 0x11, 0x65, 0xFF,
    0x12, 0x0F, 0x58, 0xFF, 0x10, 0x0D, 0x4D, 0xFF, 0x0E, 0x0B, 0x41, 0xFF, 0x0D, 0x0A, 0x3D, 0xFF,
    0x0D, 0x0A, 0x3E, 0xFF, 0x0B, 0x09, 0x39, 0xEF, 0x0A, 0x05, 0x2A, 0x30, 0x00, 0x00, 0x00, 0x00,
    0x00, 0x00, 0x00, 0x00, 0x00, 0x00, 0x00, 0x00, 0x00, 0x00, 0x00, 0x00, 0x00, 0x00, 0x00, 0x00,
    0x00, 0x00, 0x00, 0x00, 0x00, 0x00, 0x00, 0x00, 0x00, 0x00, 0x00, 0x00, 0x00, 0x00, 0x00, 0x00,
    0x00, 0x00, 0x00, 0x00, 0x00, 0x00, 0x00, 0x00, 0x00, 0x00, 0x00, 0x00, 0x00, 0x00, 0x00, 0x00,
    0x00, 0x00, 0x00, 0x00, 0x00, 0x00, 0x00, 0x00, 0x00, 0x00, 0x00, 0x00, 0x00, 0x00, 0x00, 0x00,
    0x00, 0x00, 0x00, 0x00, 0x00, 0x00, 0x00, 0x00, 0x00, 0x00, 0x00, 0x00, 0x00, 0x00, 0x00, 0x00,
    0x00, 0x00, 0x00, 0x00, 0x00, 0x00, 0x00, 0x00, 0x00, 0x00, 0x00, 0x00, 0x00, 0x00, 0x00, 0x00,
    0x00, 0x00, 0x00, 0x00, 0x00, 0x00, 0x00, 0x00, 0x0D, 0x0A, 0x42, 0x60, 0x12, 0x0E, 0x57, 0xFF,
    0x13, 0x0F, 0x5E, 0xFF, 0x14, 0x0F, 0x60, 0xFF, 0x14, 0x10, 0x61, 0xFF, 0x15, 0x10, 0x66, 0xFF,
    0x16, 0x11, 0x69, 0xFF, 0x17, 0x12, 0x6F, 0xFF, 0x18, 0x13, 0x73, 0xFF, 0x19, 0x13, 0x76, 0xFF,
    0x18, 0x13, 0x74, 0xFF, 0x18, 0x13, 0x73, 0xFF, 0x18, 0x13, 0x72, 0xFF, 0x18, 0x12, 0x72, 0xFF,
    0x18, 0x13, 0x74, 0xFF, 0x18, 0x13, 0x74, 0xFF, 0x19, 0x13, 0x76, 0xFF, 0x18, 0x13, 0x75, 0xFF,
    0x18, 0x13, 0x74, 0xFF, 0x18, 0x13, 0x74, 0xFF, 0x18, 0x12, 0x71, 0xFF, 0x18, 0x13, 0x72, 0xFF,
    0x18, 0x13, 0x73, 0xFF, 0x18, 0x13, 0x73, 0xFF, 0x18, 0x13, 0x75, 0xFF, 0x19, 0x13, 0x76, 0xFF,
    0x18, 0x13, 0x75, 0xFF, 0x18, 0x13, 0x74, 0xFF, 0x18, 0x13, 0x75, 0xFF, 0x18, 0x13, 0x74, 0xFF,
    0x18, 0x13, 0x73, 0xFF, 0x18, 0x12, 0x71, 0xFF, 0x18, 0x12, 0x72, 0xFF, 0x18, 0x13, 0x73, 0xFF,
    0x18, 0x13, 0x73, 0xFF, 0x18, 0x13, 0x73, 0xFF, 0x18, 0x12, 0x72, 0xFF, 0x18, 0x12, 0x72, 0xFF,
    0x18, 0x12, 0x72, 0xFF, 0x18, 0x12, 0x72, 0xFF, 0x18, 0x12, 0x72, 0xFF, 0x18, 0x13, 0x73, 0xFF,
    0x18, 0x13, 0x73, 0xFF, 0x18, 0x13, 0x73, 0xFF, 0x18, 0x13, 0x73, 0xFF, 0x18, 0x13, 0x73, 0xFF,
    0x18, 0x13, 0x73, 0xFF, 0x18, 0x13, 0x73, 0xFF, 0x18, 0x13, 0x73, 0xFF, 0x18, 0x13, 0x73, 0xFF,
    0x18, 0x13, 0x73, 0xFF, 0x18, 0x12, 0x73, 0xFF, 0x18, 0x12, 0x72, 0xFF, 0x18, 0x12, 0x72, 0xFF,
    0x18, 0x12, 0x72, 0xFF, 0x18, 0x12, 0x72, 0xFF, 0x18, 0x12, 0x72, 0xFF, 0x18, 0x12, 0x72, 0xFF,
    0x18, 0x12, 0x72, 0xFF, 0x18, 0x12, 0x72, 0xFF, 0x18, 0x12, 0x72, 0xFF, 0x18, 0x12, 0x73, 0xFF,
    0x18, 0x13, 0x73, 0xFF, 0x18, 0x13, 0x73, 0xFF, 0x18, 0x13, 0x73, 0xFF, 0x18, 0x13, 0x73, 0xFF,
    0x18, 0x13, 0x73, 0xFF, 0x18, 0x13, 0x73, 0xFF, 0x18, 0x13, 0x73, 0xFF, 0x18, 0x13, 0x73, 0xFF,
    0x18, 0x12, 0x72, 0xFF, 0x18, 0x12, 0x72, 0xFF, 0x18, 0x12, 0x72, 0xFF, 0x18, 0x12, 0x71, 0xFF,
    0x18, 0x12, 0x71, 0xFF, 0x18, 0x12, 0x71, 0xFF, 0x18, 0x12, 0x72, 0xFF, 0x18, 0x12, 0x72, 0xFF,
    0x18, 0x13, 0x73, 0xFF, 0x18, 0x13, 0x74, 0xFF, 0x18, 0x13, 0x75, 0xFF, 0x18, 0x13, 0x75, 0xFF,
    0x18, 0x13, 0x75, 0xFF, 0x18, 0x13, 0x74, 0xFF, 0x18, 0x13, 0x75, 0xFF, 0x19, 0x13, 0x76, 0xFF,
    0x19, 0x13, 0x76, 0xFF, 0x18, 0x13, 0x75, 0xFF, 0x18, 0x13, 0x73, 0xFF, 0x18, 0x13, 0x73, 0xFF,
    0x18, 0x13, 0x73, 0xFF, 0x18, 0x12, 0x72, 0xFF, 0x18, 0x12, 0x72, 0xFF, 0x18, 0x13, 0x74, 0xFF,
    0x18, 0x13, 0x73, 0xFF, 0x17, 0x12, 0x6F, 0xFF, 0x15, 0x10, 0x64, 0xFF, 0x12, 0x0E, 0x58, 0xFF,
    0x10, 0x0D, 0x4D, 0xFF, 0x0E, 0x0B, 0x42, 0xFF, 0x0D, 0x0A, 0x3D, 0xFF, 0x0D, 0x0A, 0x3D, 0xFF,
    0x0D, 0x0A, 0x3C, 0xFF, 0x0A, 0x07, 0x2D, 0x60, 0x00, 0x00, 0x00, 0x00, 0x00, 0x00, 0x00, 0x00,
    0x00, 0x00, 0x00, 0x00, 0x00, 0x00, 0x00, 0x00, 0x00, 0x00, 0x00, 0x00, 0x00, 0x00, 0x00, 0x00,
    0x00, 0x00, 0x00, 0x00, 0x00, 0x00, 0x00, 0x00, 0x00, 0x00, 0x00, 0x00, 0x00, 0x00, 0x00, 0x00,
    0x00, 0x00, 0x00, 0x00, 0x00, 0x00, 0x00, 0x00, 0x00, 0x00, 0x00, 0x00, 0x00, 0x00, 0x00, 0x00,
    0x00, 0x00, 0x00, 0x00, 0x00, 0x00, 0x00, 0x00, 0x00, 0x00, 0x00, 0x00, 0x00, 0x00, 0x00, 0x00,
    0x00, 0x00, 0x00, 0x00, 0x00, 0x00, 0x00, 0x00, 0x00, 0x00, 0x00, 0x00, 0x00, 0x00, 0x00, 0x00,
    0x00, 0x00, 0x00, 0x00, 0x00, 0x00, 0x00, 0x00, 0x00, 0x00, 0x00, 0x00, 0x00, 0x00, 0x00, 0x00,
    0x00, 0x00, 0x00, 0x00, 0x00, 0x00, 0x00, 0x00, 0x00, 0x00, 0x00, 0x00, 0x0E, 0x0A, 0x43, 0x90,
    0x12, 0x0E, 0x58, 0xFF, 0x13, 0x0F, 0x5D, 0xFF, 0x14, 0x0F, 0x5E, 0xFF, 0x14, 0x10, 0x61, 0xFF,
    0x15, 0x10, 0x65, 0xFF, 0x16, 0x11, 0x68, 0xFF, 0x17, 0x12, 0x6F, 0xFF, 0x18, 0x13, 0x72, 0xFF,
    0x19, 0x13, 0x75, 0xFF, 0x18, 0x13, 0x73, 0xFF, 0x18, 0x13, 0x73, 0xFF, 0x18, 0x12, 0x72, 0xFF,
    0x18, 0x13, 0x73, 0xFF, 0x18, 0x13, 0x74, 0xFF, 0x18, 0x13, 0x74, 0xFF, 0x19, 0x13, 0x76, 0xFF,
    0x18, 0x13, 0x74, 0xFF, 0x18, 0x13, 0x74, 0xFF, 0x18, 0x13, 0x73, 0xFF, 0x17, 0x12, 0x71, 0xFF,
    0x18, 0x13, 0x72, 0xFF, 0x18, 0x13, 0x73, 0xFF, 0x18, 0x13, 0x73, 0xFF, 0x18, 0x13, 0x74, 0xFF,
    0x19, 0x13, 0x76, 0xFF, 0x18, 0x13, 0x75, 0xFF, 0x18, 0x13, 0x74, 0xFF, 0x18, 0x13, 0x75, 0xFF,
    0x18, 0x13, 0x75, 0xFF, 0x18, 0x13, 0x74, 0xFF, 0x18, 0x12, 0x72, 0xFF, 0x18, 0x12, 0x71, 0xFF,
    0x18, 0x12, 0x72, 0xFF, 0x18, 0x12, 0x72, 0xFF, 0x18, 0x13, 0x73, 0xFF, 0x18, 0x13, 0x73, 0xFF,
    0x18, 0x13, 0x73, 0xFF, 0x18, 0x13, 0x73, 0xFF, 0x18, 0x12, 0x72, 0xFF, 0x18, 0x12, 0x72, 0xFF,
    0x18, 0x12, 0x72, 0xFF, 0x18, 0x12, 0x72, 0xFF, 0x18, 0x12, 0x72, 0xFF, 0x18, 0x12, 0x72, 0xFF,
    0x18, 0x12, 0x72, 0xFF, 0x18, 0x12, 0x72, 0xFF, 0x18, 0x12, 0x72, 0xFF, 0x18, 0x12, 0x72, 0xFF,
    0x18, 0x12, 0x72, 0xFF, 0x18, 0x12, 0x72, 0xFF, 0x18, 0x12, 0x72, 0xFF, 0x18, 0x12, 0x73, 0xFF,
    0x18, 0x13, 0x73, 0xFF, 0x18, 0x13, 0x73, 0xFF, 0x18, 0x13, 0x73, 0xFF, 0x18, 0x13, 0x73, 0xFF,
    0x18, 0x13, 0x73, 0xFF, 0x18, 0x13, 0x73, 0xFF, 0x18, 0x13, 0x73, 0xFF, 0x18, 0x13, 0x73, 0xFF,
    0x18, 0x12, 0x73, 0xFF, 0x18, 0x12, 0x72, 0xFF, 0x18, 0x12, 0x72, 0xFF, 0x18, 0x12, 0x72, 0xFF,
    0x18, 0x12, 0x72, 0xFF, 0x18, 0x12, 0x71, 0xFF, 0x18, 0x12, 0x71, 0xFF, 0x18, 0x12, 0x71, 0xFF,
    0x18, 0x12, 0x71, 0xFF, 0x18, 0x12, 0x71, 0xFF, 0x18, 0x12, 0x72, 0xFF, 0x18, 0x12, 0x72, 0xFF,
    0x18, 0x13, 0x73, 0xFF, 0x18, 0x13, 0x74, 0xFF, 0x18, 0x13, 0x74, 0xFF, 0x18, 0x13, 0x75, 0xFF,
    0x18, 0x13, 0x75, 0xFF, 0x18, 0x13, 0x75, 0xFF, 0x18, 0x13, 0x74, 0xFF, 0x18, 0x13, 0x74, 0xFF,
    0x18, 0x13, 0x74, 0xFF, 0x18, 0x13, 0x75, 0xFF, 0x19, 0x13, 0x76, 0xFF, 0x19, 0x13, 0x76, 0xFF,
    0x18, 0x13, 0x74, 0xFF, 0x18, 0x13, 0x73, 0xFF, 0x18, 0x13, 0x73, 0xFF, 0x18, 0x13, 0x73, 0xFF,
    0x18, 0x12, 0x72, 0xFF, 0x18, 0x12, 0x72, 0xFF, 0x18, 0x13, 0x74, 0xFF, 0x18, 0x13, 0x73, 0xFF,
    0x17, 0x12, 0x6D, 0xFF, 0x15, 0x10, 0x64, 0xFF, 0x12, 0x0E, 0x58, 0xFF, 0x10, 0x0D, 0x4D, 0xFF,
    0x0E, 0x0B, 0x42, 0xFF, 0x0D, 0x0A, 0x3D, 0xFF, 0x0D, 0x0A, 0x3D, 0xFF, 0x0D, 0x0A, 0x3D, 0xFF,
    0x0A, 0x07, 0x2F, 0x90, 0x00, 0x00, 0x00, 0x00, 0x00, 0x00, 0x00, 0x00, 0x00, 0x00, 0x00, 0x00,
    0x00, 0x00, 0x00, 0x00, 0x00, 0x00, 0x00, 0x00, 0x00, 0x00, 0x00, 0x00, 0x00, 0x00, 0x00, 0x00,
    0x00, 0x00, 0x00, 0x00, 0x00, 0x00, 0x00, 0x00, 0x00, 0x00, 0x00, 0x00, 0x00, 0x00, 0x00, 0x00,
    0x00, 0x00, 0x00, 0x00, 0x00, 0x00, 0x00, 0x00, 0x00, 0x00, 0x00, 0x00, 0x00, 0x00, 0x00, 0x00,
    0x00, 0x00, 0x00, 0x00, 0x00, 0x00, 0x00, 0x00, 0x00, 0x00, 0x00, 0x00, 0x00, 0x00, 0x00, 0x00,
    0x00, 0x00, 0x00, 0x00, 0x00, 0x00, 0x00, 0x00, 0x00, 0x00, 0x00, 0x00, 0x00, 0x00, 0x00, 0x00,
    0x00, 0x00, 0x00, 0x00, 0x00, 0x00, 0x00, 0x00, 0x00, 0x00, 0x00, 0x00, 0x00, 0x00, 0x00, 0x00,
    0x00, 0x00, 0x00, 0x00, 0x00, 0x00, 0x00, 0x00, 0x00, 0x00, 0x00, 0x00, 0x00, 0x00, 0x00, 0x00,
    0x0E, 0x0B, 0x46, 0xA0, 0x12, 0x0E, 0x58, 0xFF, 0x13, 0x0F, 0x5C, 0xFF, 0x13, 0x0F, 0x5C, 0xFF,
    0x14, 0x10, 0x60, 0xFF, 0x15, 0x10, 0x64, 0xFF, 0x16, 0x11, 0x69, 0xFF, 0x17, 0x12, 0x6E, 0xFF,
    0x18, 0x13, 0x71, 0xFF, 0x18, 0x13, 0x75, 0xFF, 0x18, 0x12, 0x72, 0xFF, 0x18, 0x13, 0x73, 0xFF,
    0x18, 0x12, 0x71, 0xFF, 0x18, 0x13, 0x73, 0xFF, 0x18, 0x13, 0x74, 0xFF, 0x18, 0x13, 0x75, 0xFF,
    0x19, 0x13, 0x76, 0xFF, 0x18, 0x13, 0x74, 0xFF, 0x18, 0x13, 0x74, 0xFF, 0x18, 0x13, 0x73, 0xFF,
    0x17, 0x12, 0x71, 0xFF, 0x18, 0x13, 0x72, 0xFF, 0x18, 0x13, 0x74, 0xFF, 0x18, 0x13, 0x73, 0xFF,
    0x18, 0x13, 0x74, 0xFF, 0x19, 0x13, 0x76, 0xFF, 0x19, 0x13, 0x76, 0xFF, 0x18, 0x13, 0x74, 0xFF,
    0x18, 0x13, 0x74, 0xFF, 0x18, 0x13, 0x75, 0xFF, 0x18, 0x13, 0x75, 0xFF, 0x18, 0x13, 0x74, 0xFF,
    0x18, 0x12, 0x72, 0xFF, 0x18, 0x12, 0x71, 0xFF, 0x18, 0x12, 0x71, 0xFF, 0x18, 0x12, 0x72, 0xFF,
    0x18, 0x12, 0x72, 0xFF, 0x18, 0x13, 0x73, 0xFF, 0x18, 0x13, 0x73, 0xFF, 0x18, 0x13, 0x73, 0xFF,
    0x18, 0x13, 0x73, 0xFF, 0x18, 0x13, 0x73, 0xFF, 0x18, 0x13, 0x73, 0xFF, 0x18, 0x13, 0x73, 0xFF,
    0x18, 0x13, 0x73, 0xFF, 0x18, 0x13, 0x73, 0xFF, 0x18, 0x13, 0x73, 0xFF, 0x18, 0x13, 0x73, 0xFF,
    0x18, 0x13, 0x73, 0xFF, 0x18, 0x13, 0x73, 0xFF, 0x18, 0x13, 0x73, 0xFF, 0x18, 0x13, 0x73, 0xFF,
    0x18, 0x12, 0x73, 0xFF, 0x18, 0x12, 0x72, 0xFF, 0x18, 0x12, 0x72, 0xFF, 0x18, 0x12, 0x72, 0xFF,
    0x18, 0x12, 0x72, 0xFF, 0x18, 0x12, 0x71, 0xFF, 0x18, 0x12, 0x71, 0xFF, 0x18, 0x12, 0x71, 0xFF,
    0x18, 0x12, 0x71, 0xFF, 0x18, 0x12, 0x71, 0xFF, 0x18, 0x12, 0x72, 0xFF, 0x18, 0x12, 0x72, 0xFF,
    0x18, 0x12, 0x72, 0xFF, 0x18, 0x13, 0x73, 0xFF, 0x18, 0x13, 0x73, 0xFF, 0x18, 0x13, 0x73, 0xFF,
    0x18, 0x13, 0x74, 0xFF, 0x18, 0x13, 0x74, 0xFF, 0x18, 0x13, 0x75, 0xFF, 0x18, 0x13, 0x75, 0xFF,
    0x18, 0x13, 0x75, 0xFF, 0x18, 0x13, 0x75, 0xFF, 0x18, 0x13, 0x75, 0xFF, 0x18, 0x13, 0x74, 0xFF,
    0x18, 0x13, 0x74, 0xFF, 0x18, 0x13, 0x74, 0xFF, 0x18, 0x13, 0x75, 0xFF, 0x18, 0x13, 0x76, 0xFF,
    0x19, 0x13, 0x76, 0xFF, 0x19, 0x13, 0x76, 0xFF, 0x18, 0x13, 0x75, 0xFF, 0x18, 0x13, 0x73, 0xFF,
    0x18, 0x13, 0x73, 0xFF, 0x18, 0x13, 0x74, 0xFF, 0x18, 0x13, 0x73, 0xFF, 0x18, 0x12, 0x71, 0xFF,
    0x18, 0x12, 0x72, 0xFF, 0x18, 0x13, 0x74, 0xFF, 0x18, 0x13, 0x72, 0xFF, 0x16, 0x11, 0x6B, 0xFF,
    0x14, 0x10, 0x62, 0xFF, 0x12, 0x0E, 0x57, 0xFF, 0x10, 0x0D, 0x4C, 0xFF, 0x0E, 0x0B, 0x42, 0xFF,
    0x0C, 0x0A, 0x3D, 0xFF, 0x0D, 0x0A, 0x3D, 0xFF, 0x0D, 0x0A, 0x3D, 0xFF, 0x0B, 0x07, 0x33, 0xA0,
    0x00, 0x00, 0x00, 0x00, 0x00, 0x00, 0x00, 0x00, 0x00, 0x00, 0x00, 0x00, 0x00, 0x00, 0x00, 0x00,
    0x00, 0x00, 0x00, 0x00, 0x00, 0x00, 0x00, 0x00, 0x00, 0x00, 0x00, 0x00, 0x00, 0x00, 0x00, 0x00,
    0x00, 0x00, 0x00, 0x00, 0x00, 0x00, 0x00, 0x00, 0x00, 0x00, 0x00, 0x00, 0x00, 0x00, 0x00, 0x00,
    0x00, 0x00, 0x00, 0x00, 0x00, 0x00, 0x00, 0x00, 0x00, 0x00, 0x00, 0x00, 0x00, 0x00, 0x00, 0x00,
    0x00, 0x00, 0x00, 0x00, 0x00, 0x00, 0x00, 0x00, 0x00, 0x00, 0x00, 0x00, 0x00, 0x00, 0x00, 0x00,
    0x00, 0x00, 0x00, 0x00, 0x00, 0x00, 0x00, 0x00, 0x00, 0x00, 0x00, 0x00, 0x00, 0x00, 0x00, 0x00,
    0x00, 0x00, 0x00, 0x00, 0x00, 0x00, 0x00, 0x00, 0x00, 0x00, 0x00, 0x00, 0x00, 0x00, 0x00, 0x00,
    0x00, 0x00, 0x00, 0x00, 0x00, 0x00, 0x00, 0x00, 0x00, 0x00, 0x00, 0x00, 0x00, 0x00, 0x00, 0x00,
    0x00, 0x00, 0x00, 0x00, 0x0E, 0x0B, 0x44, 0xCF, 0x12, 0x0E, 0x57, 0xFF, 0x13, 0x0E, 0x5A, 0xFF,
    0x13, 0x0F, 0x5B, 0xFF, 0x14, 0x0F, 0x5F, 0xFF, 0x14, 0x10, 0x62, 0xFF, 0x16, 0x11, 0x69, 0xFF,
    0x17, 0x11, 0x6C, 0xFF, 0x18, 0x12, 0x71, 0xFF, 0x18, 0x13, 0x73, 0xFF, 0x18, 0x12, 0x73, 0xFF,
    0x18, 0x13, 0x73, 0xFF, 0x18, 0x12, 0x71, 0xFF, 0x18, 0x13, 0x74, 0xFF, 0x18, 0x13, 0x74, 0xFF,
    0x18, 0x13, 0x75, 0xFF, 0x19, 0x13, 0x76, 0xFF, 0x18, 0x13, 0x74, 0xFF, 0x18, 0x13, 0x74, 0xFF,
    0x18, 0x13, 0x73, 0xFF, 0x17, 0x12, 0x71, 0xFF, 0x18, 0x13, 0x72, 0xFF, 0x18, 0x13, 0x73, 0xFF,
    0x18, 0x13, 0x73, 0xFF, 0x18, 0x13, 0x74, 0xFF, 0x19, 0x13, 0x76, 0xFF, 0x19, 0x13, 0x76, 0xFF,
    0x18, 0x13, 0x75, 0xFF, 0x18, 0x13, 0x74, 0xFF, 0x18, 0x13, 0x74, 0xFF, 0x18, 0x13, 0x75, 0xFF,
    0x18, 0x13, 0x75, 0xFF, 0x18, 0x13, 0x74, 0xFF, 0x18, 0x13, 0x73, 0xFF, 0x18, 0x12, 0x72, 0xFF,
    0x18, 0x12, 0x71, 0xFF, 0x18, 0x12, 0x71, 0xFF, 0x18, 0x12, 0x71, 0xFF, 0x18, 0x12, 0x71, 0xFF,
    0x18, 0x12, 0x72, 0xFF, 0x18, 0x12, 0x72, 0xFF, 0x18, 0x12, 0x72, 0xFF, 0x18, 0x12, 0x72, 0xFF,
    0x18, 0x12, 0x72, 0xFF, 0x18, 0x12, 0x72, 0xFF, 0x18, 0x12, 0x72, 0xFF, 0x18, 0x12, 0x72, 0xFF,
    0x18, 0x12, 0x71, 0xFF, 0x18, 0x12, 0x71, 0xFF, 0x18, 0x12, 0x71, 0xFF, 0x18, 0x12, 0x71, 0xFF,
    0x18, 0x12, 0x71, 0xFF, 0x18, 0x12, 0x71, 0xFF, 0x18, 0x12, 0x71, 0xFF, 0x18, 0x12, 0x72, 0xFF,
    0x18, 0x12, 0x72, 0xFF, 0x18, 0x13, 0x73, 0xFF, 0x18, 0x13, 0x73, 0xFF, 0x18, 0x13, 0x73, 0xFF,
    0x18, 0x13, 0x74, 0xFF, 0x18, 0x13, 0x74, 0xFF, 0x18, 0x13, 0x74, 0xFF, 0x18, 0x13, 0x75, 0xFF,
    0x18, 0x13, 0x75, 0xFF, 0x18, 0x13, 0x75, 0xFF, 0x18, 0x13, 0x75, 0xFF, 0x18, 0x13, 0x75, 0xFF,
    0x18, 0x13, 0x75, 0xFF, 0x18, 0x13, 0x75, 0xFF, 0x18, 0x13, 0x75, 0xFF, 0x18, 0x13, 0x74, 0xFF,
    0x18, 0x13, 0x74, 0xFF, 0x18, 0x13, 0x74, 0xFF, 0x18, 0x13, 0x74, 0xFF, 0x18, 0x13, 0x75, 0xFF,
    0x18, 0x13, 0x75, 0xFF, 0x19, 0x13, 0x76, 0xFF, 0x19, 0x13, 0x76, 0xFF, 0x19, 0x13, 0x76, 0xFF,
    0x18, 0x13, 0x75, 0xFF, 0x18, 0x13, 0x74, 0xFF, 0x18, 0x13, 0x73, 0xFF, 0x18, 0x13, 0x73, 0xFF,
    0x18, 0x13, 0x73, 0xFF, 0x18, 0x13, 0x72, 0xFF, 0x17, 0x12, 0x71, 0xFF, 0x18, 0x12, 0x72, 0xFF,
    0x18, 0x13, 0x74, 0xFF, 0x18, 0x13, 0x70, 0xFF, 0x16, 0x11, 0x68, 0xFF, 0x14, 0x10, 0x60, 0xFF,
    0x12, 0x0E, 0x55, 0xFF, 0x10, 0x0C, 0x4B, 0xFF, 0x0E, 0x0B, 0x42, 0xFF, 0x0C, 0x0A, 0x3C, 0xFF,
    0x0D, 0x0A, 0x3D, 0xFF, 0x0D, 0x0A, 0x3D, 0xFF, 0x09, 0x08, 0x32, 0xCF, 0x00, 0x00, 0x00, 0x00,
    0x00, 0x00, 0x00, 0x00, 0x00, 0x00, 0x00, 0x00, 0x00, 0x00, 0x00, 0x00, 0x00, 0x00, 0x00, 0x00,
    0x00, 0x00, 0x00, 0x00, 0x00, 0x00, 0x00, 0x00, 0x00, 0x00, 0x00, 0x00, 0x00, 0x00, 0x00, 0x00,
    0x00, 0x00, 0x00, 0x00, 0x00, 0x00, 0x00, 0x00, 0x00, 0x00, 0x00, 0x00, 0x00, 0x00, 0x00, 0x00,
    0x00, 0x00, 0x00, 0x00, 0x00, 0x00, 0x00, 0x00, 0x00, 0x00, 0x00, 0x00, 0x00, 0x00, 0x00, 0x00,
    0x00, 0x00, 0x00, 0x00, 0x00, 0x00, 0x00, 0x00, 0x00, 0x00, 0x00, 0x00, 0x00, 0x00, 0x00, 0x00,
    0x00, 0x00, 0x00, 0x00, 0x00, 0x00, 0x00, 0x00, 0x00, 0x00, 0x00, 0x00, 0x00, 0x00, 0x00, 0x00,
    0x00, 0x00, 0x00, 0x00, 0x00, 0x00, 0x00, 0x00, 0x00, 0x00, 0x00, 0x00, 0x00, 0x00, 0x00, 0x00,
    0x00, 0x00, 0x00, 0x00, 0x00, 0x00, 0x00, 0x00, 0x00, 0x00, 0x00, 0x00, 0x00, 0x00, 0x00, 0x00,
    0x00, 0x00, 0x00, 0x00, 0x0F, 0x0F, 0x2F, 0x10, 0x0E, 0x0B, 0x46, 0xCF, 0x12, 0x0E, 0x56, 0xFF,
    0x12, 0x0E, 0x58, 0xFF, 0x13, 0x0F, 0x5A, 0xFF, 0x13, 0x0F, 0x5E, 0xFF, 0x14, 0x10, 0x61, 0xFF,
    0x16, 0x11, 0x67, 0xFF, 0x16, 0x11, 0x6B, 0xFF, 0x17, 0x12, 0x6F, 0xFF, 0x18, 0x12, 0x71, 0xFF,
    0x18, 0x13, 0x73, 0xFF, 0x18, 0x13, 0x72, 0xFF, 0x18, 0x12, 0x72, 0xFF, 0x18, 0x13, 0x74, 0xFF,
    0x18, 0x13, 0x74, 0xFF, 0x19, 0x13, 0x75, 0xFF, 0x19, 0x13, 0x76, 0xFF, 0x18, 0x13, 0x74, 0xFF,
    0x18, 0x13, 0x74, 0xFF, 0x18, 0x13, 0x73, 0xFF, 0x17, 0x12, 0x71, 0xFF, 0x18, 0x12, 0x72, 0xFF,
    0x18, 0x13, 0x73, 0xFF, 0x18, 0x13, 0x73, 0xFF, 0x18, 0x13, 0x73, 0xFF, 0x18, 0x13, 0x75, 0xFF,
    0x19, 0x13, 0x76, 0xFF, 0x19, 0x13, 0x76, 0xFF, 0x18, 0x13, 0x75, 0xFF, 0x18, 0x13, 0x74, 0xFF,
    0x18, 0x13, 0x74, 0xFF, 0x18, 0x13, 0x75, 0xFF, 0x18, 0x13, 0x75, 0xFF, 0x18, 0x13, 0x75, 0xFF,
    0x18, 0x13, 0x74, 0xFF, 0x18, 0x13, 0x73, 0xFF, 0x18, 0x13, 0x73, 0xFF, 0x18, 0x12, 0x72, 0xFF,
    0x18, 0x12, 0x72, 0xFF, 0x18, 0x12, 0x72, 0xFF, 0x18, 0x12, 0x72, 0xFF, 0x18, 0x12, 0x72, 0xFF,
    0x18, 0x12, 0x72, 0xFF, 0x18, 0x12, 0x72, 0xFF, 0x18, 0x12, 0x72, 0xFF, 0x18, 0x12, 0x72, 0xFF,
    0x18, 0x12, 0x72, 0xFF, 0x18, 0x13, 0x73, 0xFF, 0x18, 0x13, 0x73, 0xFF, 0x18, 0x13, 0x73, 0xFF,
    0x18, 0x13, 0x74, 0xFF, 0x18, 0x13, 0x74, 0xFF, 0x18, 0x13, 0x74, 0xFF, 0x18, 0x13, 0x75, 0xFF,
    0x18, 0x13, 0x75, 0xFF, 0x18, 0x13, 0x75, 0xFF, 0x18, 0x13, 0x75, 0xFF, 0x18, 0x13, 0x75, 0xFF,
    0x18, 0x13, 0x75, 0xFF, 0x18, 0x13, 0x75, 0xFF, 0x18, 0x13, 0x75, 0xFF, 0x18, 0x13, 0x75, 0xFF,
    0x18, 0x13, 0x74, 0xFF, 0x18, 0x13, 0x74, 0xFF, 0x18, 0x13, 0x74, 0xFF, 0x18, 0x13, 0x74, 0xFF,
    0x18, 0x13, 0x74, 0xFF, 0x18, 0x13, 0x74, 0xFF, 0x18, 0x13, 0x74, 0xFF, 0x18, 0x13, 0x75, 0xFF,
    0x18, 0x13, 0x75, 0xFF, 0x19, 0x13, 0x76, 0xFF, 0x19, 0x13, 0x76, 0xFF, 0x19, 0x13, 0x76, 0xFF,
    0x19, 0x13, 0x76, 0xFF, 0x18, 0x13, 0x75, 0xFF, 0x18, 0x13, 0x74, 0xFF, 0x18, 0x13, 0x73, 0xFF,
    0x18, 0x13, 0x73, 0xFF, 0x18, 0x13, 0x73, 0xFF, 0x18, 0x13, 0x73, 0xFF, 0x18, 0x13, 0x73, 0xFF,
    0x18, 0x12, 0x72, 0xFF, 0x17, 0x12, 0x71, 0xFF, 0x18, 0x13, 0x73, 0xFF, 0x18, 0x13, 0x74, 0xFF,
    0x17, 0x12, 0x6E, 0xFF, 0x15, 0x11, 0x65, 0xFF, 0x14, 0x0F, 0x5E, 0xFF, 0x11, 0x0E, 0x53, 0xFF,
    0x0F, 0x0C, 0x49, 0xFF, 0x0E, 0x0B, 0x41, 0xFF, 0x0C, 0x0A, 0x3D, 0xFF, 0x0D, 0x0A, 0x3D, 0xFF,
    0x0D, 0x0A, 0x3D, 0xFF, 0x0B, 0x08, 0x32, 0xCF, 0x0F, 0x0F, 0x2F, 0x10, 0x00, 0x00, 0x00, 0x00,
    0x00, 0x00, 0x00, 0x00, 0x00, 0x00, 0x00, 0x00, 0x00, 0x00, 0x00, 0x00, 0x00, 0x00, 0x00, 0x00,
    0x00, 0x00, 0x00, 0x00, 0x00, 0x00, 0x00, 0x00, 0x00, 0x00, 0x00, 0x00, 0x00, 0x00, 0x00, 0x00,
    0x00, 0x00, 0x00, 0x00, 0x00, 0x00, 0x00, 0x00, 0x00, 0x00, 0x00, 0x00, 0x00, 0x00, 0x00, 0x00,
    0x00, 0x00, 0x00, 0x00, 0x00, 0x00, 0x00, 0x00, 0x00, 0x00, 0x00, 0x00, 0x00, 0x00, 0x00, 0x00,
    0x00, 0x00, 0x00, 0x00, 0x00, 0x00, 0x00, 0x00, 0x00, 0x00, 0x00, 0x00, 0x00, 0x00, 0x00, 0x00,
    0x00, 0x00, 0x00, 0x00, 0x00, 0x00, 0x00, 0x00, 0x00, 0x00, 0x00, 0x00, 0x00, 0x00, 0x00, 0x00,
    0x00, 0x00, 0x00, 0x00, 0x00, 0x00, 0x00, 0x00, 0x00, 0x00, 0x00, 0x00, 0x00, 0x00, 0x00, 0x00,
    0x00, 0x00, 0x00, 0x00, 0x00, 0x00, 0x00, 0x00, 0x00, 0x00, 0x00, 0x00, 0x00, 0x00, 0x00, 0x00,
    0x00, 0x00, 0x00, 0x00, 0x00, 0x00, 0x00, 0x00, 0x0F, 0x0F, 0x2F, 0x10, 0x0E, 0x0B, 0x44, 0xCF,
    0x12, 0x0E, 0x55, 0xFF, 0x12, 0x0E, 0x56, 0xFF, 0x13, 0x0E, 0x59, 0xFF, 0x13, 0x0F, 0x5C, 0xFF,
    0x14, 0x10, 0x60, 0xFF, 0x15, 0x10, 0x66, 0xFF, 0x16, 0x11, 0x69, 0xFF, 0x17, 0x12, 0x6E, 0xFF,
    0x17, 0x12, 0x6F, 0xFF, 0x18, 0x13, 0x72, 0xFF, 0x18, 0x12, 0x72, 0xFF, 0x18, 0x12, 0x72, 0xFF,
    0x18, 0x13, 0x74, 0xFF, 0x18, 0x13, 0x74, 0xFF, 0x19, 0x13, 0x76, 0xFF, 0x19, 0x13, 0x76, 0xFF,
    0x18, 0x13, 0x73, 0xFF, 0x18, 0x13, 0x74, 0xFF, 0x18, 0x13, 0x73, 0xFF, 0x18, 0x12, 0x71, 0xFF,
    0x18, 0x12, 0x72, 0xFF, 0x18, 0x13, 0x73, 0xFF, 0x18, 0x13, 0x73, 0xFF, 0x18, 0x13, 0x73, 0xFF,
    0x18, 0x13, 0x74, 0xFF, 0x19, 0x13, 0x76, 0xFF, 0x19, 0x13, 0x76, 0xFF, 0x19, 0x13, 0x76, 0xFF,
    0x18, 0x13, 0x75, 0xFF, 0x18, 0x13, 0x74, 0xFF, 0x18, 0x13, 0x74, 0xFF, 0x18, 0x13, 0x74, 0xFF,
    0x18, 0x13, 0x75, 0xFF, 0x18, 0x13, 0x75, 0xFF, 0x18, 0x13, 0x75, 0xFF, 0x18, 0x13, 0x75, 0xFF,
    0x18, 0x13, 0x75, 0xFF, 0x18, 0x13, 0x75, 0xFF, 0x18, 0x13, 0x74, 0xFF, 0x18, 0x13, 0x74, 0xFF,
    0x18, 0x13, 0x74, 0xFF, 0x18, 0x13, 0x74, 0xFF, 0x18, 0x13, 0x75, 0xFF, 0x18, 0x13, 0x75, 0xFF,
    0x18, 0x13, 0x75, 0xFF, 0x18, 0x13, 0x75, 0xFF, 0x18, 0x13, 0x75, 0xFF, 0x18, 0x13, 0x75, 0xFF,
    0x18, 0x13, 0x75, 0xFF, 0x18, 0x13, 0x75, 0xFF, 0x18, 0x13, 0x75, 0xFF, 0x18, 0x13, 0x75, 0xFF,
    0x18, 0x13, 0x74, 0xFF, 0x18, 0x13, 0x74, 0xFF, 0x18, 0x13, 0x74, 0xFF, 0x18, 0x13, 0x74, 0xFF,
    0x18, 0x13, 0x74, 0xFF, 0x18, 0x13, 0x74, 0xFF, 0x18, 0x13, 0x74, 0xFF, 0x18, 0x13, 0x74, 0xFF,
    0x18, 0x13, 0x75, 0xFF, 0x18, 0x13, 0x75, 0xFF, 0x18, 0x13, 0x75, 0xFF, 0x18, 0x13, 0x75, 0xFF,
    0x19, 0x13, 0x76, 0xFF, 0x19, 0x13, 0x76, 0xFF, 0x19, 0x13, 0x76, 0xFF, 0x19, 0x13, 0x76, 0xFF,
    0x19, 0x13, 0x76, 0xFF, 0x19, 0x13, 0x76, 0xFF, 0x18, 0x13, 0x75, 0xFF, 0x18, 0x13, 0x74, 0xFF,
    0x18, 0x13, 0x74, 0xFF, 0x18, 0x13, 0x73, 0xFF, 0x18, 0x12, 0x73, 0xFF, 0x18, 0x13, 0x73, 0xFF,
    0x18, 0x13, 0x73, 0xFF, 0x18, 0x13, 0x74, 0xFF, 0x18, 0x12, 0x72, 0xFF, 0x17, 0x12, 0x71, 0xFF,
    0x18, 0x12, 0x72, 0xFF, 0x18, 0x13, 0x73, 0xFF, 0x18, 0x13, 0x72, 0xFF, 0x16, 0x11, 0x6A, 0xFF,
    0x15, 0x10, 0x62, 0xFF, 0x13, 0x0F, 0x5B, 0xFF, 0x11, 0x0D, 0x51, 0xFF, 0x0F, 0x0C, 0x47, 0xFF,
    0x0D, 0x0A, 0x40, 0xFF, 0x0D, 0x0A, 0x3D, 0xFF, 0x0C, 0x0A, 0x3D, 0xFF, 0x0D, 0x0A, 0x3D, 0xFF,
    0x09, 0x08, 0x33, 0xCF, 0x0F, 0x0F, 0x2F, 0x10, 0x00, 0x00, 0x00, 0x00, 0x00, 0x00, 0x00, 0x00,
    0x00, 0x00, 0x00, 0x00, 0x00, 0x00, 0x00, 0x00, 0x00, 0x00, 0x00, 0x00, 0x00, 0x00, 0x00, 0x00,
    0x00, 0x00, 0x00, 0x00, 0x00, 0x00, 0x00, 0x00, 0x00, 0x00, 0x00, 0x00, 0x00, 0x00, 0x00, 0x00,
    0x00, 0x00, 0x00, 0x00, 0x00, 0x00, 0x00, 0x00, 0x00, 0x00, 0x00, 0x00, 0x00, 0x00, 0x00, 0x00,
    0x00, 0x00, 0x00, 0x00, 0x00, 0x00, 0x00, 0x00, 0x00, 0x00, 0x00, 0x00, 0x00, 0x00, 0x00, 0x00,
    0x00, 0x00, 0x00, 0x00, 0x00, 0x00, 0x00, 0x00, 0x00, 0x00, 0x00, 0x00, 0x00, 0x00, 0x00, 0x00,
    0x00, 0x00, 0x00, 0x00, 0x00, 0x00, 0x00, 0x00, 0x00, 0x00, 0x00, 0x00, 0x00, 0x00, 0x00, 0x00,
    0x00, 0x00, 0x00, 0x00, 0x00, 0x00, 0x00, 0x00, 0x00, 0x00, 0x00, 0x00, 0x00, 0x00, 0x00, 0x00,
    0x00, 0x00, 0x00, 0x00, 0x00, 0x00, 0x00, 0x00, 0x00, 0x00, 0x00, 0x00, 0x00, 0x00, 0x00, 0x00,
    0x00, 0x00, 0x00, 0x00, 0x00, 0x00, 0x00, 0x00, 0x00, 0x00, 0x00, 0x00, 0x0F, 0x0F, 0x2F, 0x10,
    0x0E, 0x0B, 0x43, 0xCF, 0x11, 0x0D, 0x53, 0xFF, 0x11, 0x0E, 0x54, 0xFF, 0x12, 0x0E, 0x58, 0xFF,
    0x13, 0x0F, 0x5A, 0xFF, 0x14, 0x10, 0x5F, 0xFF, 0x15, 0x10, 0x63, 0xFF, 0x16, 0x11, 0x68, 0xFF,
    0x16, 0x11, 0x6B, 0xFF, 0x17, 0x12, 0x6D, 0xFF, 0x18, 0x12, 0x71, 0xFF, 0x18, 0x12, 0x71, 0xFF,
    0x18, 0x13, 0x73, 0xFF, 0x18, 0x13, 0x74, 0xFF, 0x18, 0x13, 0x74, 0xFF, 0x19, 0x13, 0x76, 0xFF,
    0x19, 0x13, 0x76, 0xFF, 0x18, 0x13, 0x73, 0xFF, 0x18, 0x13, 0x74, 0xFF, 0x18, 0x13, 0x73, 0xFF,
    0x18, 0x12, 0x72, 0xFF, 0x18, 0x12, 0x72, 0xFF, 0x18, 0x13, 0x73, 0xFF, 0x18, 0x13, 0x73, 0xFF,
    0x18, 0x13, 0x73, 0xFF, 0x18, 0x13, 0x73, 0xFF, 0x18, 0x13, 0x75, 0xFF, 0x19, 0x13, 0x76, 0xFF,
    0x19, 0x13, 0x76, 0xFF, 0x19, 0x13, 0x76, 0xFF, 0x18, 0x13, 0x75, 0xFF, 0x18, 0x13, 0x75, 0xFF,
    0x18, 0x13, 0x74, 0xFF, 0x18, 0x13, 0x74, 0xFF, 0x18, 0x13, 0x74, 0xFF, 0x18, 0x13, 0x74, 0xFF,
    0x18, 0x13, 0x74, 0xFF, 0x18, 0x13, 0x74, 0xFF, 0x18, 0x13, 0x75, 0xFF, 0x18, 0x13, 0x75, 0xFF,
    0x18, 0x13, 0x75, 0xFF, 0x18, 0x13, 0x75, 0xFF, 0x18, 0x13, 0x74, 0xFF, 0x18, 0x13, 0x74, 0xFF,
    0x18, 0x13, 0x74, 0xFF, 0x18, 0x13, 0x74, 0xFF, 0x18, 0x13, 0x74, 0xFF, 0x18, 0x13, 0x74, 0xFF,
    0x18, 0x13, 0x74, 0xFF, 0x18, 0x13, 0x74, 0xFF, 0x18, 0x13, 0x74, 0xFF, 0x18, 0x13, 0x74, 0xFF,
    0x18, 0x13, 0x75, 0xFF, 0x18, 0x13, 0x75, 0xFF, 0x18, 0x13, 0x75, 0xFF, 0x18, 0x13, 0x75, 0xFF,
    0x19, 0x13, 0x76, 0xFF, 0x19, 0x13, 0x76, 0xFF, 0x19, 0x13, 0x76, 0xFF, 0x19, 0x13, 0x76, 0xFF,
    0x19, 0x13, 0x76, 0xFF, 0x19, 0x13, 0x76, 0xFF, 0x19, 0x13, 0x76, 0xFF, 0x19, 0x13, 0x76, 0xFF,
    0x19, 0x13, 0x76, 0xFF, 0x18, 0x13, 0x75, 0xFF, 0x18, 0x13, 0x75, 0xFF, 0x18, 0x13, 0x74, 0xFF,
    0x18, 0x13, 0x74, 0xFF, 0x18, 0x13, 0x73, 0xFF, 0x18, 0x13, 0x73, 0xFF, 0x18, 0x12, 0x73, 0xFF,
    0x18, 0x13, 0x73, 0xFF, 0x18, 0x13, 0x73, 0xFF, 0x18, 0x13, 0x74, 0xFF, 0x18, 0x13, 0x73, 0xFF,
    0x18, 0x12, 0x72, 0xFF, 0x18, 0x12, 0x71, 0xFF, 0x17, 0x12, 0x71, 0xFF, 0x18, 0x12, 0x72, 0xFF,
    0x18, 0x13, 0x73, 0xFF, 0x17, 0x12, 0x6F, 0xFF, 0x15, 0x11, 0x67, 0xFF, 0x14, 0x10, 0x5F, 0xFF,
    0x12, 0x0E, 0x58, 0xFF, 0x10, 0x0D, 0x4F, 0xFF, 0x0F, 0x0B, 0x45, 0xFF, 0x0D, 0x0A, 0x3F, 0xFF,
    0x0D, 0x0A, 0x3D, 0xFF, 0x0C, 0x0A, 0x3D, 0xFF, 0x0D, 0x0A, 0x3D, 0xFF, 0x09, 0x08, 0x32, 0xCF,
    0x0F, 0x0F, 0x2F, 0x10, 0x00, 0x00, 0x00, 0x00, 0x00, 0x00, 0x00, 0x00, 0x00, 0x00, 0x00, 0x00,
    0x00, 0x00, 0x00, 0x00, 0x00, 0x00, 0x00, 0x00, 0x00, 0x00, 0x00, 0x00, 0x00, 0x00, 0x00, 0x00,
    0x00, 0x00, 0x00, 0x00, 0x00, 0x00, 0x00, 0x00, 0x00, 0x00, 0x00, 0x00, 0x00, 0x00, 0x00, 0x00,
    0x00, 0x00, 0x00, 0x00, 0x00, 0x00, 0x00, 0x00, 0x00, 0x00, 0x00, 0x00, 0x00, 0x00, 0x00, 0x00,
    0x00, 0x00, 0x00, 0x00, 0x00, 0x00, 0x00, 0x00, 0x00, 0x00, 0x00, 0x00, 0x00, 0x00, 0x00, 0x00,
    0x00, 0x00, 0x00, 0x00, 0x00, 0x00, 0x00, 0x00, 0x00, 0x00, 0x00, 0x00, 0x00, 0x00, 0x00, 0x00,
    0x00, 0x00, 0x00, 0x00, 0x00, 0x00, 0x00, 0x00, 0x00, 0x00, 0x00, 0x00, 0x00, 0x00, 0x00, 0x00,
    0x00, 0x00, 0x00, 0x00, 0x00, 0x00, 0x00, 0x00, 0x00, 0x00, 0x00, 0x00, 0x00, 0x00, 0x00, 0x00,
    0x00, 0x00, 0x00, 0x00, 0x00, 0x00, 0x00, 0x00, 0x00, 0x00, 0x00, 0x00, 0x00, 0x00, 0x00, 0x00,
    0x00, 0x00, 0x00, 0x00, 0x00, 0x00, 0x00, 0x00, 0x00, 0x00, 0x00, 0x00, 0x00, 0x00, 0x00, 0x00,
    0x0F, 0x0F, 0x2F, 0x10, 0x0D, 0x0A, 0x41, 0xBF, 0x11, 0x0D, 0x50, 0xFF, 0x11, 0x0D, 0x53, 0xFF,
    0x12, 0x0E, 0x56, 0xFF, 0x12, 0x0E, 0x59, 0xFF, 0x14, 0x0F, 0x5E, 0xFF, 0x14, 0x10, 0x61, 0xFF,
    0x15, 0x11, 0x66, 0xFF, 0x16, 0x11, 0x69, 0xFF, 0x16, 0x11, 0x6B, 0xFF, 0x17, 0x12, 0x6F, 0xFF,
    0x17, 0x12, 0x70, 0xFF, 0x18, 0x13, 0x73, 0xFF, 0x18, 0x13, 0x74, 0xFF, 0x18, 0x13, 0x74, 0xFF,
    0x19, 0x13, 0x76, 0xFF, 0x19, 0x13, 0x76, 0xFF, 0x18, 0x13, 0x74, 0xFF, 0x18, 0x13, 0x74, 0xFF,
    0x18, 0x13, 0x74, 0xFF, 0x18, 0x12, 0x72, 0xFF, 0x17, 0x12, 0x71, 0xFF, 0x18, 0x13, 0x72, 0xFF,
    0x18, 0x13, 0x73, 0xFF, 0x18, 0x13, 0x73, 0xFF, 0x18, 0x13, 0x73, 0xFF, 0x18, 0x13, 0x73, 0xFF,
    0x18, 0x13, 0x74, 0xFF, 0x19, 0x13, 0x75, 0xFF, 0x19, 0x13, 0x76, 0xFF, 0x19, 0x13, 0x76, 0xFF,
    0x19, 0x13, 0x76, 0xFF, 0x18, 0x13, 0x76, 0xFF, 0x18, 0x13, 0x75, 0xFF, 0x18, 0x13, 0x75, 0xFF,
    0x18, 0x13, 0x75, 0xFF, 0x18, 0x13, 0x74, 0xFF, 0x18, 0x13, 0x74, 0xFF, 0x18, 0x13, 0x74, 0xFF,
    0x18, 0x13, 0x74, 0xFF, 0x18, 0x13, 0x74, 0xFF, 0x18, 0x13, 0x74, 0xFF, 0x18, 0x13, 0x75, 0xFF,
    0x18, 0x13, 0x75, 0xFF, 0x18, 0x13, 0x75, 0xFF, 0x18, 0x13, 0x75, 0xFF, 0x18, 0x13, 0x75, 0xFF,
    0x19, 0x13, 0x76, 0xFF, 0x19, 0x13, 0x76, 0xFF, 0x19, 0x13, 0x76, 0xFF, 0x19, 0x13, 0x76, 0xFF,
    0x19, 0x13, 0x76, 0xFF, 0x19, 0x13, 0x76, 0xFF, 0x19, 0x13, 0x76, 0xFF, 0x19, 0x13, 0x76, 0xFF,
    0x19, 0x13, 0x76, 0xFF, 0x18, 0x13, 0x75, 0xFF, 0x18, 0x13, 0x75, 0xFF, 0x18, 0x13, 0x75, 0xFF,
    0x18, 0x13, 0x74, 0xFF, 0x18, 0x13, 0x74, 0xFF, 0x18, 0x13, 0x74, 0xFF, 0x18, 0x13, 0x73, 0xFF,
    0x18, 0x13, 0x73, 0xFF, 0x18, 0x13, 0x73, 0xFF, 0x18, 0x13, 0x73, 0xFF, 0x18, 0x12, 0x73, 0xFF,
    0x18, 0x13, 0x73, 0xFF, 0x18, 0x13, 0x73, 0xFF, 0x18, 0x13, 0x73, 0xFF, 0x18, 0x13, 0x74, 0xFF,
    0x18, 0x13, 0x74, 0xFF, 0x18, 0x13, 0x73, 0xFF, 0x18, 0x12, 0x72, 0xFF, 0x18, 0x12, 0x71, 0xFF,
    0x17, 0x12, 0x71, 0xFF, 0x18, 0x12, 0x72, 0xFF, 0x18, 0x13, 0x73, 0xFF, 0x18, 0x13, 0x71, 0xFF,
    0x16, 0x11, 0x6A, 0xFF, 0x15, 0x10, 0x63, 0xFF, 0x13, 0x0F, 0x5C, 0xFF, 0x12, 0x0E, 0x55, 0xFF,
    0x10, 0x0C, 0x4C, 0xFF, 0x0E, 0x0B, 0x43, 0xFF, 0x0D, 0x0A, 0x3F, 0xFF, 0x0D, 0x0A, 0x3E, 0xFF,
    0x0C, 0x0A, 0x3C, 0xFF, 0x0D, 0x0A, 0x3D, 0xFF, 0x0A, 0x08, 0x31, 0xBF, 0x0F, 0x0F, 0x1F, 0x10,
    0x00, 0x00, 0x00, 0x00, 0x00, 0x00, 0x00, 0x00, 0x00, 0x00, 0x00, 0x00, 0x00, 0x00, 0x00, 0x00,
    0x00, 0x00, 0x00, 0x00, 0x00, 0x00, 0x00, 0x00, 0x00, 0x00, 0x00, 0x00, 0x00, 0x00, 0x00, 0x00,
    0x00, 0x00, 0x00, 0x00, 0x00, 0x00, 0x00, 0x00, 0x00, 0x00, 0x00, 0x00, 0x00, 0x00, 0x00, 0x00,
    0x00, 0x00, 0x00, 0x00, 0x00, 0x00, 0x00, 0x00, 0x00, 0x00, 0x00, 0x00, 0x00, 0x00, 0x00, 0x00,
    0x00, 0x00, 0x00, 0x00, 0x00, 0x00, 0x00, 0x00, 0x00, 0x00, 0x00, 0x00, 0x00, 0x00, 0x00, 0x00,
    0x00, 0x00, 0x00, 0x00, 0x00, 0x00, 0x00, 0x00, 0x00, 0x00, 0x00, 0x00, 0x00, 0x00, 0x00, 0x00,
    0x00, 0x00, 0x00, 0x00, 0x00, 0x00, 0x00, 0x00, 0x00, 0x00, 0x00, 0x00, 0x00, 0x00, 0x00, 0x00,
    0x00, 0x00, 0x00, 0x00, 0x00, 0x00, 0x00, 0x00, 0x00, 0x00, 0x00, 0x00, 0x00, 0x00, 0x00, 0x00,
    0x00, 0x00, 0x00, 0x00, 0x00, 0x00, 0x00, 0x00, 0x00, 0x00, 0x00, 0x00, 0x00, 0x00, 0x00, 0x00,
    0x00, 0x00, 0x00, 0x00, 0x00, 0x00, 0x00, 0x00, 0x00, 0x00, 0x00, 0x00, 0x00, 0x00, 0x00, 0x00,
    0x00, 0x00, 0x00, 0x00, 0x00, 0x00, 0x00, 0x00, 0x0C, 0x0B, 0x3F, 0xA0, 0x10, 0x0C, 0x4D, 0xFF,
    0x11, 0x0D, 0x51, 0xFF, 0x11, 0x0D, 0x54, 0xFF, 0x12, 0x0E, 0x57, 0xFF, 0x13, 0x0F, 0x5C, 0xFF,
    0x14, 0x0F, 0x5F, 0xFF, 0x15, 0x10, 0x63, 0xFF, 0x15, 0x10, 0x66, 0xFF, 0x16, 0x11, 0x68, 0xFF,
    0x17, 0x11, 0x6C, 0xFF, 0x17, 0x12, 0x6E, 0xFF, 0x18, 0x13, 0x72, 0xFF, 0x18, 0x13, 0x74, 0xFF,
    0x18, 0x13, 0x74, 0xFF, 0x19, 0x13, 0x76, 0xFF, 0x19, 0x13, 0x76, 0xFF, 0x18, 0x13, 0x74, 0xFF,
    0x18, 0x13, 0x74, 0xFF, 0x18, 0x13, 0x74, 0xFF, 0x18, 0x13, 0x72, 0xFF, 0x17, 0x12, 0x71, 0xFF,
    0x18, 0x12, 0x72, 0xFF, 0x18, 0x13, 0x73, 0xFF, 0x18, 0x13, 0x74, 0xFF, 0x18, 0x13, 0x73, 0xFF,
    0x18, 0x12, 0x73, 0xFF, 0x18, 0x13, 0x73, 0xFF, 0x18, 0x13, 0x74, 0xFF, 0x18, 0x13, 0x75, 0xFF,
    0x18, 0x13, 0x75, 0xFF, 0x19, 0x13, 0x76, 0xFF, 0x19, 0x13, 0x76, 0xFF, 0x19, 0x13, 0x76, 0xFF,
    0x19, 0x13, 0x76, 0xFF, 0x19, 0x13, 0x76, 0xFF, 0x19, 0x13, 0x76, 0xFF, 0x19, 0x13, 0x76, 0xFF,
    0x19, 0x13, 0x76, 0xFF, 0x19, 0x13, 0x76, 0xFF, 0x19, 0x13, 0x76, 0xFF, 0x19, 0x13, 0x76, 0xFF,
    0x19, 0x13, 0x76, 0xFF, 0x19, 0x13, 0x76, 0xFF, 0x19, 0x13, 0x76, 0xFF, 0x19, 0x13, 0x76, 0xFF,
    0x19, 0x13, 0x76, 0xFF, 0x18, 0x13, 0x75, 0xFF, 0x18, 0x13, 0x75, 0xFF, 0x18, 0x13, 0x75, 0xFF,
    0x18, 0x13, 0x74, 0xFF, 0x18, 0x13, 0x74, 0xFF, 0x18, 0x13, 0x74, 0xFF, 0x18, 0x13, 0x73, 0xFF,
    0x18, 0x13, 0x73, 0xFF, 0x18, 0x13, 0x73, 0xFF, 0x18, 0x12, 0x73, 0xFF, 0x18, 0x13, 0x73, 0xFF,
    0x18, 0x12, 0x73, 0xFF, 0x18, 0x13, 0x73, 0xFF, 0x18, 0x13, 0x73, 0xFF, 0x18, 0x13, 0x73, 0xFF,
    0x18, 0x13, 0x73, 0xFF, 0x18, 0x13, 0x73, 0xFF, 0x18, 0x13, 0x73, 0xFF, 0x18, 0x13, 0x74, 0xFF,
    0x18, 0x13, 0x74, 0xFF, 0x18, 0x13, 0x73, 0xFF, 0x18, 0x13, 0x73, 0xFF, 0x18, 0x12, 0x72, 0xFF,
    0x18, 0x12, 0x71, 0xFF, 0x17, 0x12, 0x71, 0xFF, 0x18, 0x12, 0x71, 0xFF, 0x18, 0x12, 0x72, 0xFF,
    0x18, 0x13, 0x73, 0xFF, 0x18, 0x13, 0x72, 0xFF, 0x17, 0x12, 0x6D, 0xFF, 0x15, 0x11, 0x66, 0xFF,
    0x14, 0x0F, 0x5E, 0xFF, 0x13, 0x0E, 0x58, 0xFF, 0x11, 0x0D, 0x51, 0xFF, 0x0F, 0x0C, 0x48, 0xFF,
    0x0E, 0x0A, 0x41, 0xFF, 0x0D, 0x0A, 0x3E, 0xFF, 0x0D, 0x0A, 0x3E, 0xFF, 0x0C, 0x0A, 0x3C, 0xFF,
    0x0D, 0x0A, 0x3C, 0xFF, 0x0B, 0x07, 0x31, 0xA0, 0x00, 0x00, 0x00, 0x00, 0x00, 0x00, 0x00, 0x00,
    0x00, 0x00, 0x00, 0x00, 0x00, 0x00, 0x00, 0x00, 0x00, 0x00, 0x00, 0x00, 0x00, 0x00, 0x00, 0x00,
    0x00, 0x00, 0x00, 0x00, 0x00, 0x00, 0x00, 0x00, 0x00, 0x00, 0x00, 0x00, 0x00, 0x00, 0x00, 0x00,
    0x00, 0x00, 0x00, 0x00, 0x00, 0x00, 0x00, 0x00, 0x00, 0x00, 0x00, 0x00, 0x00, 0x00, 0x00, 0x00,
    0x00, 0x00, 0x00, 0x00, 0x00, 0x00, 0x00, 0x00, 0x00, 0x00, 0x00, 0x00, 0x00, 0x00, 0x00, 0x00,
    0x00, 0x00, 0x00, 0x00, 0x00, 0x00, 0x00, 0x00, 0x00, 0x00, 0x00, 0x00, 0x00, 0x00, 0x00, 0x00,
    0x00, 0x00, 0x00, 0x00, 0x00, 0x00, 0x00, 0x00, 0x00, 0x00, 0x00, 0x00, 0x00, 0x00, 0x00, 0x00,
    0x00, 0x00, 0x00, 0x00, 0x00, 0x00, 0x00, 0x00, 0x00, 0x00, 0x00, 0x00, 0x00, 0x00, 0x00, 0x00,
    0x00, 0x00, 0x00, 0x00, 0x00, 0x00, 0x00, 0x00, 0x00, 0x00, 0x00, 0x00, 0x00, 0x00, 0x00, 0x00,
    0x00, 0x00, 0x00, 0x00, 0x00, 0x00, 0x00, 0x00, 0x00, 0x00, 0x00, 0x00, 0x00, 0x00, 0x00, 0x00,
    0x00, 0x00, 0x00, 0x00, 0x00, 0x00, 0x00, 0x00, 0x00, 0x00, 0x00, 0x00, 0x00, 0x00, 0x00, 0x00,
    0x00, 0x00, 0x00, 0x00, 0x00, 0x00, 0x00, 0x00, 0x00, 0x00, 0x00, 0x00, 0x0B, 0x09, 0x3B, 0x80,
    0x0F, 0x0B, 0x49, 0xFF, 0x11, 0x0D, 0x50, 0xFF, 0x11, 0x0D, 0x52, 0xFF, 0x12, 0x0E, 0x55, 0xFF,
    0x13, 0x0E, 0x59, 0xFF, 0x13, 0x0F, 0x5C, 0xFF, 0x14, 0x10, 0x61, 0xFF, 0x14, 0x10, 0x62, 0xFF,
    0x15, 0x11, 0x65, 0xFF, 0x16, 0x11, 0x68, 0xFF, 0x16, 0x11, 0x6B, 0xFF, 0x18, 0x12, 0x71, 0xFF,
    0x18, 0x13, 0x74, 0xFF, 0x18, 0x13, 0x74, 0xFF, 0x19, 0x13, 0x76, 0xFF, 0x19, 0x13, 0x76, 0xFF,
    0x18, 0x13, 0x74, 0xFF, 0x18, 0x13, 0x73, 0xFF, 0x18, 0x13, 0x74, 0xFF, 0x18, 0x13, 0x73, 0xFF,
    0x18, 0x12, 0x72, 0xFF, 0x17, 0x12, 0x71, 0xFF, 0x18, 0x12, 0x72, 0xFF, 0x18, 0x13, 0x73, 0xFF,
    0x18, 0x13, 0x74, 0xFF, 0x18, 0x13, 0x73, 0xFF, 0x18, 0x13, 0x73, 0xFF, 0x18, 0x13, 0x73, 0xFF,
    0x18, 0x13, 0x73, 0xFF, 0x18, 0x13, 0x73, 0xFF, 0x18, 0x13, 0x74, 0xFF, 0x18, 0x13, 0x74, 0xFF,
    0x18, 0x13, 0x74, 0xFF, 0x18, 0x13, 0x75, 0xFF, 0x18, 0x13, 0x75, 0xFF, 0x18, 0x13, 0x75, 0xFF,
    0x18, 0x13, 0x75, 0xFF, 0x18, 0x13, 0x75, 0xFF, 0x18, 0x13, 0x75, 0xFF, 0x18, 0x13, 0x74, 0xFF,
    0x18, 0x13, 0x74, 0xFF, 0x18, 0x13, 0x74, 0xFF, 0x18, 0x13, 0x74, 0xFF, 0x18, 0x13, 0x73, 0xFF,
    0x18, 0x13, 0x73, 0xFF, 0x18, 0x13, 0x73, 0xFF, 0x18, 0x12, 0x73, 0xFF, 0x18, 0x13, 0x73, 0xFF,
    0x18, 0x12, 0x73, 0xFF, 0x18, 0x13, 0x73, 0xFF, 0x18, 0x13, 0x73, 0xFF, 0x18, 0x13, 0x73, 0xFF,
    0x18, 0x13, 0x73, 0xFF, 0x18, 0x13, 0x73, 0xFF, 0x18, 0x13, 0x74, 0xFF, 0x18, 0x13, 0x73, 0xFF,
    0x18, 0x13, 0x74, 0xFF, 0x18, 0x13, 0x73, 0xFF, 0x18, 0x13, 0x74, 0xFF, 0x18, 0x13, 0x73, 0xFF,
    0x18, 0x13, 0x73, 0xFF, 0x18, 0x13, 0x73, 0xFF, 0x18, 0x12, 0x72, 0xFF, 0x18, 0x12, 0x72, 0xFF,
    0x18, 0x12, 0x71, 0xFF, 0x17, 0x12, 0x71, 0xFF, 0x17, 0x12, 0x71, 0xFF, 0x17, 0x12, 0x71, 0xFF,
    0x18, 0x12, 0x72, 0xFF, 0x18, 0x13, 0x72, 0xFF, 0x18, 0x13, 0x74, 0xFF, 0x18, 0x13, 0x73, 0xFF,
    0x17, 0x12, 0x6E, 0xFF, 0x16, 0x11, 0x67, 0xFF, 0x14, 0x10, 0x61, 0xFF, 0x13, 0x0F, 0x5A, 0xFF,
    0x12, 0x0E, 0x54, 0xFF, 0x10, 0x0D, 0x4D, 0xFF, 0x0E, 0x0B, 0x45, 0xFF, 0x0D, 0x0A, 0x3F, 0xFF,
    0x0D, 0x0A, 0x3E, 0xFF, 0x0D, 0x0A, 0x3E, 0xFF, 0x0C, 0x0A, 0x3C, 0xFF, 0x0C, 0x09, 0x3A, 0xFF,
    0x09, 0x07, 0x2F, 0x80, 0x00, 0x00, 0x00, 0x00, 0x00, 0x00, 0x00, 0x00, 0x00, 0x00, 0x00, 0x00,
    0x00, 0x00, 0x00, 0x00, 0x00, 0x00, 0x00, 0x00, 0x00, 0x00, 0x00, 0x00, 0x00, 0x00, 0x00, 0x00,
    0x00, 0x00, 0x00, 0x00, 0x00, 0x00, 0x00, 0x00, 0x00, 0x00, 0x00, 0x00, 0x00, 0x00, 0x00, 0x00,
    0x00, 0x00, 0x00, 0x00, 0x00, 0x00, 0x00, 0x00, 0x00, 0x00, 0x00, 0x00, 0x00, 0x00, 0x00, 0x00,
    0x00, 0x00, 0x00, 0x00, 0x00, 0x00, 0x00, 0x00, 0x00, 0x00, 0x00, 0x00, 0x00, 0x00, 0x00, 0x00,
    0x00, 0x00, 0x00, 0x00, 0x00, 0x00, 0x00, 0x00, 0x00, 0x00, 0x00, 0x00, 0x00, 0x00, 0x00, 0x00,
    0x00, 0x00, 0x00, 0x00, 0x00, 0x00, 0x00, 0x00, 0x00, 0x00, 0x00, 0x00, 0x00, 0x00, 0x00, 0x00,
    0x00, 0x00, 0x00, 0x00, 0x00, 0x00, 0x00, 0x00, 0x00, 0x00, 0x00, 0x00, 0x00, 0x00, 0x00, 0x00,
    0x00, 0x00, 0x00, 0x00, 0x00, 0x00, 0x00, 0x00, 0x00, 0x00, 0x00, 0x00, 0x00, 0x00, 0x00, 0x00,
    0x00, 0x00, 0x00, 0x00, 0x00, 0x00, 0x00, 0x00, 0x00, 0x00, 0x00, 0x00, 0x00, 0x00, 0x00, 0x00,
    0x00, 0x00, 0x00, 0x00, 0x00, 0x00, 0x00, 0x00, 0x00, 0x00, 0x00, 0x00, 0x00, 0x00, 0x00, 0x00,
    0x00, 0x00, 0x00, 0x00, 0x00, 0x00, 0x00, 0x00, 0x00, 0x00, 0x00, 0x00, 0x00, 0x00, 0x00, 0x00,
    0x0A, 0x07, 0x35, 0x60, 0x0E, 0x0A, 0x45, 0xEF, 0x10, 0x0C, 0x4E, 0xFF, 0x10, 0x0D, 0x4F, 0xFF,
    0x12, 0x0E, 0x53, 0xFF, 0x12, 0x0E, 0x57, 0xFF, 0x13, 0x0F, 0x5A, 0xFF, 0x14, 0x0F, 0x5D, 0xFF,
    0x14, 0x0F, 0x5F, 0xFF, 0x15, 0x10, 0x62, 0xFF, 0x15, 0x10, 0x65, 0xFF, 0x16, 0x11, 0x68, 0xFF,
    0x17, 0x12, 0x6D, 0xFF, 0x18, 0x12, 0x71, 0xFF, 0x18, 0x13, 0x73, 0xFF, 0x19, 0x13, 0x75, 0xFF,
    0x19, 0x13, 0x76, 0xFF, 0x18, 0x13, 0x74, 0xFF, 0x18, 0x13, 0x73, 0xFF, 0x18, 0x13, 0x74, 0xFF,
    0x18, 0x13, 0x74, 0xFF, 0x18, 0x13, 0x72, 0xFF, 0x18, 0x12, 0x71, 0xFF, 0x17, 0x12, 0x71, 0xFF,
    0x18, 0x12, 0x72, 0xFF, 0x18, 0x13, 0x73, 0xFF, 0x18, 0x13, 0x74, 0xFF, 0x18, 0x13, 0x73, 0xFF,
    0x18, 0x13, 0x73, 0xFF, 0x18, 0x13, 0x73, 0xFF, 0x18, 0x13, 0x73, 0xFF, 0x18, 0x13, 0x73, 0xFF,
    0x18, 0x12, 0x73, 0xFF, 0x18, 0x13, 0x73, 0xFF, 0x18, 0x13, 0x73, 0xFF, 0x18, 0x12, 0x73, 0xFF,
    0x18, 0x12, 0x73, 0xFF, 0x18, 0x13, 0x73, 0xFF, 0x18, 0x13, 0x73, 0xFF, 0x18, 0x12, 0x73, 0xFF,
    0x18, 0x12, 0x73, 0xFF, 0x18, 0x13, 0x73, 0xFF, 0x18, 0x13, 0x73, 0xFF, 0x18, 0x13, 0x73, 0xFF,
    0x18, 0x13, 0x73, 0xFF, 0x18, 0x13, 0x73, 0xFF, 0x18, 0x13, 0x73, 0xFF, 0x18, 0x13, 0x73, 0xFF,
    0x18, 0x13, 0x74, 0xFF, 0x18, 0x13, 0x73, 0xFF, 0x18, 0x13, 0x74, 0xFF, 0x18, 0x13, 0x73, 0xFF,
    0x18, 0x13, 0x73, 0xFF, 0x18, 0x13, 0x73, 0xFF, 0x18, 0x13, 0x72, 0xFF, 0x18, 0x12, 0x72, 0xFF,
    0x18, 0x12, 0x72, 0xFF, 0x18, 0x12, 0x72, 0xFF, 0x18, 0x12, 0x71, 0xFF, 0x17, 0x12, 0x71, 0xFF,
    0x17, 0x12, 0x71, 0xFF, 0x17, 0x12, 0x71, 0xFF, 0x17, 0x12, 0x71, 0xFF, 0x18, 0x12, 0x71, 0xFF,
    0x18, 0x12, 0x72, 0xFF, 0x18, 0x12, 0x72, 0xFF, 0x18, 0x13, 0x73, 0xFF, 0x18, 0x13, 0x73, 0xFF,
    0x18, 0x13, 0x74, 0xFF, 0x18, 0x13, 0x73, 0xFF, 0x17, 0x12, 0x6E, 0xFF, 0x16, 0x11, 0x68, 0xFF,
    0x14, 0x10, 0x62, 0xFF, 0x13, 0x0F, 0x5C, 0xFF, 0x12, 0x0E, 0x56, 0xFF, 0x11, 0x0D, 0x50, 0xFF,
    0x0F, 0x0C, 0x48, 0xFF, 0x0E, 0x0B, 0x41, 0xFF, 0x0D, 0x0A, 0x3E, 0xFF, 0x0D, 0x0A, 0x3E, 0xFF,
    0x0D, 0x0A, 0x3E, 0xFF, 0x0C, 0x0A, 0x3C, 0xFF, 0x0B, 0x09, 0x38, 0xEF, 0x07, 0x07, 0x2A, 0x60,
    0x00, 0x00, 0x00, 0x00, 0x00, 0x00, 0x00, 0x00, 0x00, 0x00, 0x00, 0x00, 0x00, 0x00, 0x00, 0x00,
    0x00, 0x00, 0x00, 0x00, 0x00, 0x00, 0x00, 0x00, 0x00, 0x00, 0x00, 0x00, 0x00, 0x00, 0x00, 0x00,
    0x00, 0x00, 0x00, 0x00, 0x00, 0x00, 0x00, 0x00, 0x00, 0x00, 0x00, 0x00, 0x00, 0x00, 0x00, 0x00,
    0x00, 0x00, 0x00, 0x00, 0x00, 0x00, 0x00, 0x00, 0x00, 0x00, 0x00, 0x00, 0x00, 0x00, 0x00, 0x00,
    0x00, 0x00, 0x00, 0x00, 0x00, 0x00, 0x00, 0x00, 0x00, 0x00, 0x00, 0x00, 0x00, 0x00, 0x00, 0x00,
    0x00, 0x00, 0x00, 0x00, 0x00, 0x00, 0x00, 0x00, 0x00, 0x00, 0x00, 0x00, 0x00, 0x00, 0x00, 0x00,
    0x00, 0x00, 0x00, 0x00, 0x00, 0x00, 0x00, 0x00, 0x00, 0x00, 0x00, 0x00, 0x00, 0x00, 0x00, 0x00,
    0x00, 0x00, 0x00, 0x00, 0x00, 0x00, 0x00, 0x00, 0x00, 0x00, 0x00, 0x00, 0x00, 0x00, 0x00, 0x00,
    0x00, 0x00, 0x00, 0x00, 0x00, 0x00, 0x00, 0x00, 0x00, 0x00, 0x00, 0x00, 0x00, 0x00, 0x00, 0x00,
    0x00, 0x00, 0x00, 0x00, 0x00, 0x00, 0x00, 0x00, 0x00, 0x00, 0x00, 0x00, 0x00, 0x00, 0x00, 0x00,
    0x00, 0x00, 0x00, 0x00, 0x00, 0x00, 0x00, 0x00, 0x00, 0x00, 0x00, 0x00, 0x00, 0x00, 0x00, 0x00,
    0x00, 0x00, 0x00, 0x00, 0x00, 0x00, 0x00, 0x00, 0x00, 0x00, 0x00, 0x00, 0x00, 0x00, 0x00, 0x00,
    0x00, 0x00, 0x00, 0x00, 0x0A, 0x0A, 0x2F, 0x30, 0x0D, 0x09, 0x40, 0xCF, 0x10, 0x0C, 0x4B, 0xFF,
    0x10, 0x0C, 0x4D, 0xFF, 0x11, 0x0D, 0x51, 0xFF, 0x11, 0x0D, 0x54, 0xFF, 0x12, 0x0E, 0x57, 0xFF,
    0x13, 0x0F, 0x5A, 0xFF, 0x13, 0x0F, 0x5B, 0xFF, 0x14, 0x0F, 0x5F, 0xFF, 0x14, 0x10, 0x61, 0xFF,
    0x15, 0x10, 0x64, 0xFF, 0x16, 0x11, 0x6A, 0xFF, 0x17, 0x12, 0x6D, 0xFF, 0x18, 0x12, 0x70, 0xFF,
    0x19, 0x13, 0x74, 0xFF, 0x19, 0x13, 0x76, 0xFF, 0x18, 0x13, 0x75, 0xFF, 0x18, 0x13, 0x73, 0xFF,
    0x18, 0x13, 0x74, 0xFF, 0x18, 0x13, 0x74, 0xFF, 0x18, 0x13, 0x74, 0xFF, 0x18, 0x12, 0x72, 0xFF,
    0x18, 0x12, 0x71, 0xFF, 0x17, 0x12, 0x71, 0xFF, 0x18, 0x12, 0x71, 0xFF, 0x18, 0x12, 0x72, 0xFF,
    0x18, 0x13, 0x73, 0xFF, 0x18, 0x13, 0x73, 0xFF, 0x18, 0x13, 0x74, 0xFF, 0x18, 0x13, 0x73, 0xFF,
    0x18, 0x13, 0x73, 0xFF, 0x18, 0x13, 0x73, 0xFF, 0x18, 0x13, 0x73, 0xFF, 0x18, 0x13, 0x73, 0xFF,
    0x18, 0x13, 0x73, 0xFF, 0x18, 0x13, 0x73, 0xFF, 0x18, 0x13, 0x73, 0xFF, 0x18, 0x13, 0x73, 0xFF,
    0x18, 0x13, 0x73, 0xFF, 0x18, 0x13, 0x73, 0xFF, 0x18, 0x13, 0x74, 0xFF, 0x18, 0x13, 0x73, 0xFF,
    0x18, 0x13, 0x73, 0xFF, 0x18, 0x13, 0x73, 0xFF, 0x18, 0x13, 0x72, 0xFF, 0x18, 0x12, 0x72, 0xFF,
    0x18, 0x12, 0x72, 0xFF, 0x18, 0x12, 0x72, 0xFF, 0x18, 0x12, 0x71, 0xFF, 0x18, 0x12, 0x71, 0xFF,
    0x17, 0x12, 0x71, 0xFF, 0x17, 0x12, 0x71, 0xFF, 0x17, 0x12, 0x71, 0xFF, 0x17, 0x12, 0x71, 0xFF,
    0x17, 0x12, 0x71, 0xFF, 0x18, 0x12, 0x71, 0xFF, 0x18, 0x12, 0x72, 0xFF, 0x18, 0x12, 0x72, 0xFF,
    0x18, 0x12, 0x72, 0xFF, 0x18, 0x13, 0x73, 0xFF, 0x18, 0x13, 0x73, 0xFF, 0x18, 0x13, 0x74, 0xFF,
    0x18, 0x13, 0x74, 0xFF, 0x18, 0x13, 0x74, 0xFF, 0x18, 0x13, 0x74, 0xFF, 0x18, 0x13, 0x72, 0xFF,
    0x17, 0x12, 0x6D, 0xFF, 0x16, 0x11, 0x68, 0xFF, 0x15, 0x10, 0x62, 0xFF, 0x13, 0x0F, 0x5D, 0xFF,
    0x12, 0x0E, 0x57, 0xFF, 0x11, 0x0D, 0x51, 0xFF, 0x10, 0x0C, 0x4B, 0xFF, 0x0E, 0x0B, 0x44, 0xFF,
    0x0D, 0x0A, 0x3F, 0xFF, 0x0D, 0x0A, 0x3E, 0xFF, 0x0D, 0x0A, 0x3E, 0xFF, 0x0D, 0x0A, 0x3D, 0xFF,
    0x0C, 0x0A, 0x3C, 0xFF, 0x0B, 0x08, 0x34, 0xCF, 0x0A, 0x05, 0x2A, 0x30, 0x00, 0x00, 0x00, 0x00,
    0x00, 0x00, 0x00, 0x00, 0x00, 0x00, 0x00, 0x00, 0x00, 0x00, 0x00, 0x00, 0x00, 0x00, 0x00, 0x00,
    0x00, 0x00, 0x00, 0x00, 0x00, 0x00, 0x00, 0x00, 0x00, 0x00, 0x00, 0x00, 0x00, 0x00, 0x00, 0x00,
    0x00, 0x00, 0x00, 0x00, 0x00, 0x00, 0x00, 0x00, 0x00, 0x00, 0x00, 0x00, 0x00, 0x00, 0x00, 0x00,
    0x00, 0x00, 0x00, 0x00, 0x00, 0x00, 0x00, 0x00, 0x00, 0x00, 0x00, 0x00, 0x00, 0x00, 0x00, 0x00,
    0x00, 0x00, 0x00, 0x00, 0x00, 0x00, 0x00, 0x00, 0x00, 0x00, 0x00, 0x00, 0x00, 0x00, 0x00, 0x00,
    0x00, 0x00, 0x00, 0x00, 0x00, 0x00, 0x00, 0x00, 0x00, 0x00, 0x00, 0x00, 0x00, 0x00, 0x00, 0x00,
    0x00, 0x00, 0x00, 0x00, 0x00, 0x00, 0x00, 0x00, 0x00, 0x00, 0x00, 0x00, 0x00, 0x00, 0x00, 0x00,
    0x00, 0x00, 0x00, 0x00, 0x00, 0x00, 0x00, 0x00, 0x00, 0x00, 0x00, 0x00, 0x00, 0x00, 0x00, 0x00,
    0x00, 0x00, 0x00, 0x00, 0x00, 0x00, 0x00, 0x00, 0x00, 0x00, 0x00, 0x00, 0x00, 0x00, 0x00, 0x00,
    0x00, 0x00, 0x00, 0x00, 0x00, 0x00, 0x00, 0x00, 0x00, 0x00, 0x00, 0x00, 0x00, 0x00, 0x00, 0x00,
    0x00, 0x00, 0x00, 0x00, 0x00, 0x00, 0x00, 0x00, 0x00, 0x00, 0x00, 0x00, 0x00, 0x00, 0x00, 0x00,
    0x00, 0x00, 0x00, 0x00, 0x00, 0x00, 0x00, 0x00, 0x00, 0x00, 0x00, 0x00, 0x00, 0x00, 0x00, 0x00,
    0x00, 0x00, 0x00, 0x00, 0x00, 0x00, 0x00, 0x00, 0x0F, 0x0F, 0x2F, 0x10, 0x0B, 0x09, 0x39, 0xA0,
    0x0E, 0x0B, 0x45, 0xFF, 0x10, 0x0C, 0x4B, 0xFF, 0x10, 0x0D, 0x4F, 0xFF, 0x11, 0x0D, 0x51, 0xFF,
    0x12, 0x0E, 0x54, 0xFF, 0x12, 0x0E, 0x57, 0xFF, 0x12, 0x0E, 0x58, 0xFF, 0x13, 0x0F, 0x5B, 0xFF,
    0x13, 0x0F, 0x5E, 0xFF, 0x14, 0x10, 0x60, 0xFF, 0x15, 0x11, 0x65, 0xFF, 0x16, 0x11, 0x69, 0xFF,
    0x17, 0x12, 0x6C, 0xFF, 0x18, 0x12, 0x70, 0xFF, 0x18, 0x13, 0x74, 0xFF, 0x18, 0x13, 0x75, 0xFF,
    0x18, 0x13, 0x74, 0xFF, 0x18, 0x13, 0x73, 0xFF, 0x18, 0x13, 0x74, 0xFF, 0x18, 0x13, 0x74, 0xFF,
    0x18, 0x13, 0x74, 0xFF, 0x18, 0x13, 0x73, 0xFF, 0x18, 0x12, 0x72, 0xFF, 0x17, 0x12, 0x71, 0xFF,
    0x17, 0x12, 0x71, 0xFF, 0x17, 0x12, 0x71, 0xFF, 0x18, 0x12, 0x71, 0xFF, 0x18, 0x12, 0x72, 0xFF,
    0x18, 0x12, 0x72, 0xFF, 0x18, 0x12, 0x72, 0xFF, 0x18, 0x12, 0x72, 0xFF, 0x18, 0x12, 0x72, 0xFF,
    0x18, 0x12, 0x72, 0xFF, 0x18, 0x12, 0x72, 0xFF, 0x18, 0x12, 0x72, 0xFF, 0x18, 0x12, 0x72, 0xFF,
    0x18, 0x12, 0x72, 0xFF, 0x18, 0x12, 0x72, 0xFF, 0x18, 0x12, 0x71, 0xFF, 0x18, 0x12, 0x71, 0xFF,
    0x17, 0x12, 0x71, 0xFF, 0x17, 0x12, 0x71, 0xFF, 0x17, 0x12, 0x71, 0xFF, 0x17, 0x12, 0x71, 0xFF,
    0x17, 0x12, 0x71, 0xFF, 0x18, 0x12, 0x71, 0xFF, 0x18, 0x12, 0x72, 0xFF, 0x18, 0x12, 0x72, 0xFF,
    0x18, 0x12, 0x72, 0xFF, 0x18, 0x13, 0x73, 0xFF, 0x18, 0x13, 0x73, 0xFF, 0x18, 0x13, 0x73, 0xFF,
    0x18, 0x13, 0x73, 0xFF, 0x18, 0x13, 0x74, 0xFF, 0x18, 0x13, 0x74, 0xFF, 0x18, 0x13, 0x74, 0xFF,
    0x18, 0x13, 0x74, 0xFF, 0x18, 0x13, 0x74, 0xFF, 0x18, 0x13, 0x74, 0xFF, 0x18, 0x13, 0x74, 0xFF,
    0x18, 0x13, 0x72, 0xFF, 0x17, 0x12, 0x70, 0xFF, 0x17, 0x12, 0x6C, 0xFF, 0x16, 0x11, 0x67, 0xFF,
    0x15, 0x10, 0x62, 0xFF, 0x14, 0x0F, 0x5D, 0xFF, 0x12, 0x0E, 0x58, 0xFF, 0x11, 0x0D, 0x52, 0xFF,
    0x10, 0x0C, 0x4C, 0xFF, 0x0E, 0x0B, 0x46, 0xFF, 0x0D, 0x0A, 0x40, 0xFF, 0x0D, 0x0A, 0x3E, 0xFF,
    0x0D, 0x0A, 0x3E, 0xFF, 0x0D, 0x0A, 0x3E, 0xFF, 0x0D, 0x0A, 0x3D, 0xFF, 0x0C, 0x0A, 0x3A, 0xFF,
    0x09, 0x07, 0x2F, 0xA0, 0x0F, 0x0F, 0x1F, 0x10, 0x00, 0x00, 0x00, 0x00, 0x00, 0x00, 0x00, 0x00,
    0x00, 0x00, 0x00, 0x00, 0x00, 0x00, 0x00, 0x00, 0x00, 0x00, 0x00, 0x00, 0x00, 0x00, 0x00, 0x00,
    0x00, 0x00, 0x00, 0x00, 0x00, 0x00, 0x00, 0x00, 0x00, 0x00, 0x00, 0x00, 0x00, 0x00, 0x00, 0x00,
    0x00, 0x00, 0x00, 0x00, 0x00, 0x00, 0x00, 0x00, 0x00, 0x00, 0x00, 0x00, 0x00, 0x00, 0x00, 0x00,
    0x00, 0x00, 0x00, 0x00, 0x00, 0x00, 0x00, 0x00, 0x00, 0x00, 0x00, 0x00, 0x00, 0x00, 0x00, 0x00,
    0x00, 0x00, 0x00, 0x00, 0x00, 0x00, 0x00, 0x00, 0x00, 0x00, 0x00, 0x00, 0x00, 0x00, 0x00, 0x00,
    0x00, 0x00, 0x00, 0x00, 0x00, 0x00, 0x00, 0x00, 0x00, 0x00, 0x00, 0x00, 0x00, 0x00, 0x00, 0x00,
    0x00, 0x00, 0x00, 0x00, 0x00, 0x00, 0x00, 0x00, 0x00, 0x00, 0x00, 0x00, 0x00, 0x00, 0x00, 0x00,
    0x00, 0x00, 0x00, 0x00, 0x00, 0x00, 0x00, 0x00, 0x00, 0x00, 0x00, 0x00, 0x00, 0x00, 0x00, 0x00,
    0x00, 0x00, 0x00, 0x00, 0x00, 0x00, 0x00, 0x00, 0x00, 0x00, 0x00, 0x00, 0x00, 0x00, 0x00, 0x00,
    0x00, 0x00, 0x00, 0x00, 0x00, 0x00, 0x00, 0x00, 0x00, 0x00, 0x00, 0x00, 0x00, 0x00, 0x00, 0x00,
    0x00, 0x00, 0x00, 0x00, 0x00, 0x00, 0x00, 0x00, 0x00, 0x00, 0x00, 0x00, 0x00, 0x00, 0x00, 0x00,
    0x00, 0x00, 0x00, 0x00, 0x00, 0x00, 0x00, 0x00, 0x00, 0x00, 0x00, 0x00, 0x00, 0x00, 0x00, 0x00,
    0x00, 0x00, 0x00, 0x00, 0x00, 0x00, 0x00, 0x00, 0x00, 0x00, 0x00, 0x00, 0x00, 0x00, 0x00, 0x00,
    0x09, 0x09, 0x33, 0x50, 0x0C, 0x09, 0x3D, 0xEF, 0x0F, 0x0C, 0x49, 0xFF, 0x10, 0x0C, 0x4C, 0xFF,
    0x10, 0x0D, 0x4E, 0xFF, 0x11, 0x0D, 0x51, 0xFF, 0x11, 0x0D, 0x53, 0xFF, 0x12, 0x0E, 0x54, 0xFF,
    0x12, 0x0E, 0x57, 0xFF, 0x13, 0x0E, 0x59, 0xFF, 0x13, 0x0F, 0x5C, 0xFF, 0x14, 0x10, 0x61, 0xFF,
    0x15, 0x10, 0x64, 0xFF, 0x16, 0x11, 0x67, 0xFF, 0x16, 0x11, 0x6B, 0xFF, 0x17, 0x12, 0x6F, 0xFF,
    0x18, 0x13, 0x72, 0xFF, 0x18, 0x13, 0x73, 0xFF, 0x18, 0x13, 0x73, 0xFF, 0x18, 0x13, 0x73, 0xFF,
    0x18, 0x13, 0x74, 0xFF, 0x18, 0x13, 0x74, 0xFF, 0x18, 0x13, 0x74, 0xFF, 0x18, 0x13, 0x73, 0xFF,
    0x18, 0x13, 0x73, 0xFF, 0x18, 0x12, 0x72, 0xFF, 0x18, 0x12, 0x72, 0xFF, 0x18, 0x12, 0x71, 0xFF,
    0x17, 0x12, 0x71, 0xFF, 0x17, 0x12, 0x71, 0xFF, 0x17, 0x12, 0x71, 0xFF, 0x17, 0x12, 0x71, 0xFF,
    0x17, 0x12, 0x71, 0xFF, 0x17, 0x12, 0x71, 0xFF, 0x17, 0x12, 0x71, 0xFF, 0x17, 0x12, 0x71, 0xFF,
    0x18, 0x12, 0x71, 0xFF, 0x18, 0x12, 0x71, 0xFF, 0x18, 0x12, 0x72, 0xFF, 0x18, 0x12, 0x72, 0xFF,
    0x18, 0x12, 0x72, 0xFF, 0x18, 0x13, 0x72, 0xFF, 0x18, 0x13, 0x73, 0xFF, 0x18, 0x13, 0x73, 0xFF,
    0x18, 0x13, 0x73, 0xFF, 0x18, 0x13, 0x74, 0xFF, 0x18, 0x13, 0x74, 0xFF, 0x18, 0x13, 0x74, 0xFF,
    0x18, 0x13, 0x74, 0xFF, 0x18, 0x13, 0x74, 0xFF, 0x18, 0x13, 0x74, 0xFF, 0x18, 0x13, 0x74, 0xFF,
    0x18, 0x13, 0x74, 0xFF, 0x18, 0x13, 0x74, 0xFF, 0x18, 0x13, 0x73, 0xFF, 0x18, 0x13, 0x73, 0xFF,
    0x18, 0x13, 0x73, 0xFF, 0x18, 0x13, 0x73, 0xFF, 0x18, 0x13, 0x71, 0xFF, 0x17, 0x12, 0x6E, 0xFF,
    0x16, 0x11, 0x6A, 0xFF, 0x15, 0x11, 0x66, 0xFF, 0x14, 0x10, 0x61, 0xFF, 0x13, 0x0F, 0x5C, 0xFF,
    0x12, 0x0E, 0x57, 0xFF, 0x11, 0x0D, 0x52, 0xFF, 0x10, 0x0C, 0x4C, 0xFF, 0x0E, 0x0B, 0x46, 0xFF,
    0x0D, 0x0A, 0x41, 0xFF, 0x0D, 0x0A, 0x3E, 0xFF, 0x0D, 0x0A, 0x3E, 0xFF, 0x0D, 0x0A, 0x3E, 0xFF,
    0x0D, 0x0A, 0x3E, 0xFF, 0x0C, 0x0A, 0x3C, 0xFF, 0x0A, 0x08, 0x35, 0xEF, 0x09, 0x06, 0x2C, 0x50,
    0x00, 0x00, 0x00, 0x00, 0x00, 0x00, 0x00, 0x00, 0x00, 0x00, 0x00, 0x00, 0x00, 0x00, 0x00, 0x00,
    0x00, 0x00, 0x00, 0x00, 0x00, 0x00, 0x00, 0x00, 0x00, 0x00, 0x00, 0x00, 0x00, 0x00, 0x00, 0x00,
    0x00, 0x00, 0x00, 0x00, 0x00, 0x00, 0x00, 0x00, 0x00, 0x00, 0x00, 0x00, 0x00, 0x00, 0x00, 0x00,
    0x00, 0x00, 0x00, 0x00, 0x00, 0x00, 0x00, 0x00, 0x00, 0x00, 0x00, 0x00, 0x00, 0x00, 0x00, 0x00,
    0x00, 0x00, 0x00, 0x00, 0x00, 0x00, 0x00, 0x00, 0x00, 0x00, 0x00, 0x00, 0x00, 0x00, 0x00, 0x00,
    0x00, 0x00, 0x00, 0x00, 0x00, 0x00, 0x00, 0x00, 0x00, 0x00, 0x00, 0x00, 0x00, 0x00, 0x00, 0x00,
    0x00, 0x00, 0x00, 0x00, 0x00, 0x00, 0x00, 0x00, 0x00, 0x00, 0x00, 0x00, 0x00, 0x00, 0x00, 0x00,
    0x00, 0x00, 0x00, 0x00, 0x00, 0x00, 0x00, 0x00, 0x00, 0x00, 0x00, 0x00, 0x00, 0x00, 0x00, 0x00,
    0x00, 0x00, 0x00, 0x00, 0x00, 0x00, 0x00, 0x00, 0x00, 0x00, 0x00, 0x00, 0x00, 0x00, 0x00, 0x00,
    0x00, 0x00, 0x00, 0x00, 0x00, 0x00, 0x00, 0x00, 0x00, 0x00, 0x00, 0x00, 0x00, 0x00, 0x00, 0x00,
    0x00, 0x00, 0x00, 0x00, 0x00, 0x00, 0x00, 0x00, 0x00, 0x00, 0x00, 0x00, 0x00, 0x00, 0x00, 0x00,
    0x00, 0x00, 0x00, 0x00, 0x00, 0x00, 0x00, 0x00, 0x00, 0x00, 0x00, 0x00, 0x00, 0x00, 0x00, 0x00,
    0x00, 0x00, 0x00, 0x00, 0x00, 0x00, 0x00, 0x00, 0x00, 0x00, 0x00, 0x00, 0x00, 0x00, 0x00, 0x00,
    0x00, 0x00, 0x00, 0x00, 0x00, 0x00, 0x00, 0x00, 0x00, 0x00, 0x00, 0x00, 0x00, 0x00, 0x00, 0x00,
    0x00, 0x00, 0x00, 0x00, 0x0F, 0x0F, 0x2F, 0x10, 0x0B, 0x08, 0x35, 0xB0, 0x0E, 0x0B, 0x44, 0xFF,
    0x0F, 0x0C, 0x4A, 0xFF, 0x10, 0x0C, 0x4B, 0xFF, 0x10, 0x0D, 0x4E, 0xFF, 0x10, 0x0D, 0x4F, 0xFF,
    0x11, 0x0D, 0x50, 0xFF, 0x11, 0x0E, 0x53, 0xFF, 0x12, 0x0E, 0x55, 0xFF, 0x12, 0x0E, 0x57, 0xFF,
    0x13, 0x0F, 0x5C, 0xFF, 0x14, 0x10, 0x5F, 0xFF, 0x15, 0x10, 0x62, 0xFF, 0x15, 0x10, 0x65, 0xFF,
    0x16, 0x11, 0x69, 0xFF, 0x17, 0x12, 0x6D, 0xFF, 0x17, 0x12, 0x6F, 0xFF, 0x17, 0x12, 0x70, 0xFF,
    0x18, 0x12, 0x71, 0xFF, 0x18, 0x13, 0x72, 0xFF, 0x18, 0x13, 0x73, 0xFF, 0x18, 0x13, 0x74, 0xFF,
    0x18, 0x13, 0x74, 0xFF, 0x18, 0x13, 0x74, 0xFF, 0x18, 0x13, 0x74, 0xFF, 0x18, 0x13, 0x74, 0xFF,
    0x18, 0x13, 0x73, 0xFF, 0x18, 0x13, 0x73, 0xFF, 0x18, 0x13, 0x73, 0xFF, 0x18, 0x13, 0x73, 0xFF,
    0x18, 0x13, 0x73, 0xFF, 0x18, 0x13, 0x73, 0xFF, 0x18, 0x13, 0x73, 0xFF, 0x18, 0x13, 0x73, 0xFF,
    0x18, 0x13, 0x74, 0xFF, 0x18, 0x13, 0x74, 0xFF, 0x18, 0x13, 0x74, 0xFF, 0x18, 0x13, 0x74, 0xFF,
    0x18, 0x13, 0x74, 0xFF, 0x18, 0x13, 0x74, 0xFF, 0x18, 0x13, 0x74, 0xFF, 0x18, 0x13, 0x74, 0xFF,
    0x18, 0x13, 0x74, 0xFF, 0x18, 0x13, 0x74, 0xFF, 0x18, 0x13, 0x73, 0xFF, 0x18, 0x13, 0x73, 0xFF,
    0x18, 0x13, 0x73, 0xFF, 0x18, 0x13, 0x73, 0xFF, 0x18, 0x13, 0x73, 0xFF, 0x18, 0x13, 0x73, 0xFF,
    0x18, 0x13, 0x74, 0xFF, 0x18, 0x13, 0x74, 0xFF, 0x18, 0x13, 0x73, 0xFF, 0x18, 0x13, 0x71, 0xFF,
    0x17, 0x12, 0x6F, 0xFF, 0x17, 0x11, 0x6B, 0xFF, 0x16, 0x11, 0x68, 0xFF, 0x15, 0x10, 0x64, 0xFF,
    0x14, 0x10, 0x60, 0xFF, 0x13, 0x0F, 0x5B, 0xFF, 0x12, 0x0E, 0x55, 0xFF, 0x11, 0x0D, 0x50, 0xFF,
    0x10, 0x0C, 0x4B, 0xFF, 0x0E, 0x0B, 0x45, 0xFF, 0x0D, 0x0A, 0x41, 0xFF, 0x0D, 0x0A, 0x3E, 0xFF,
    0x0D, 0x0A, 0x3E, 0xFF, 0x0D, 0x0A, 0x3E, 0xFF, 0x0D, 0x0A, 0x3E, 0xFF, 0x0D, 0x0A, 0x3D, 0xFF,
    0x0C, 0x09, 0x39, 0xFF, 0x0A, 0x07, 0x2F, 0xB0, 0x0F, 0x0F, 0x2F, 0x10, 0x00, 0x00, 0x00, 0x00,
    0x00, 0x00, 0x00, 0x00, 0x00, 0x00, 0x00, 0x00, 0x00, 0x00, 0x00, 0x00, 0x00, 0x00, 0x00, 0x00,
    0x00, 0x00, 0x00, 0x00, 0x00, 0x00, 0x00, 0x00, 0x00, 0x00, 0x00, 0x00, 0x00, 0x00, 0x00, 0x00,
    0x00, 0x00, 0x00, 0x00, 0x00, 0x00, 0x00, 0x00, 0x00, 0x00, 0x00, 0x00, 0x00, 0x00, 0x00, 0x00,
    0x00, 0x00, 0x00, 0x00, 0x00, 0x00, 0x00, 0x00, 0x00, 0x00, 0x00, 0x00, 0x00, 0x00, 0x00, 0x00,
    0x00, 0x00, 0x00, 0x00, 0x00, 0x00, 0x00, 0x00, 0x00, 0x00, 0x00, 0x00, 0x00, 0x00, 0x00, 0x00,
    0x00, 0x00, 0x00, 0x00, 0x00, 0x00, 0x00, 0x00, 0x00, 0x00, 0x00, 0x00, 0x00, 0x00, 0x00, 0x00,
    0x00, 0x00, 0x00, 0x00, 0x00, 0x00, 0x00, 0x00, 0x00, 0x00, 0x00, 0x00, 0x00, 0x00, 0x00, 0x00,
    0x00, 0x00, 0x00, 0x00, 0x00, 0x00, 0x00, 0x00, 0x00, 0x00, 0x00, 0x00, 0x00, 0x00, 0x00, 0x00,
    0x00, 0x00, 0x00, 0x00, 0x00, 0x00, 0x00, 0x00, 0x00, 0x00, 0x00, 0x00, 0x00, 0x00, 0x00, 0x00,
    0x00, 0x00, 0x00, 0x00, 0x00, 0x00, 0x00, 0x00, 0x00, 0x00, 0x00, 0x00, 0x00, 0x00, 0x00, 0x00,
    0x00, 0x00, 0x00, 0x00, 0x00, 0x00, 0x00, 0x00, 0x00, 0x00, 0x00, 0x00, 0x00, 0x00, 0x00, 0x00,
    0x00, 0x00, 0x00, 0x00, 0x00, 0x00, 0x00, 0x00, 0x00, 0x00, 0x00, 0x00, 0x00, 0x00, 0x00, 0x00,
    0x00, 0x00, 0x00, 0x00, 0x00, 0x00, 0x00, 0x00, 0x00, 0x00, 0x00, 0x00, 0x00, 0x00, 0x00, 0x00,
    0x00, 0x00, 0x00, 0x00, 0x00, 0x00, 0x00, 0x00, 0x00, 0x00, 0x00, 0x00, 0x00, 0x00, 0x00, 0x00,
    0x00, 0x00, 0x00, 0x00, 0x00, 0x00, 0x00, 0x00, 0x00, 0x00, 0x00, 0x00, 0x0B, 0x07, 0x2F, 0x40,
    0x0C, 0x09, 0x3A, 0xDF, 0x0E, 0x0B, 0x45, 0xFF, 0x0F, 0x0C, 0x48, 0xFF, 0x10, 0x0C, 0x4A, 0xFF,
    0x10, 0x0C, 0x4B, 0xFF, 0x10, 0x0C, 0x4C, 0xFF, 0x11, 0x0D, 0x4F, 0xFF, 0x11, 0x0D, 0x51, 0xFF,
    0x11, 0x0D, 0x53, 0xFF, 0x12, 0x0E, 0x56, 0xFF, 0x13, 0x0F, 0x5A, 0xFF, 0x13, 0x0F, 0x5D, 0xFF,
    0x14, 0x0F, 0x5F, 0xFF, 0x15, 0x10, 0x62, 0xFF, 0x15, 0x11, 0x66, 0xFF, 0x16, 0x11, 0x69, 0xFF,
    0x16, 0x11, 0x6B, 0xFF, 0x17, 0x12, 0x6D, 0xFF, 0x17, 0x12, 0x6E, 0xFF, 0x17, 0x12, 0x6F, 0xFF,
    0x18, 0x12, 0x71, 0xFF, 0x18, 0x13, 0x72, 0xFF, 0x18, 0x13, 0x73, 0xFF, 0x18, 0x13, 0x73, 0xFF,
    0x18, 0x13, 0x74, 0xFF, 0x18, 0x13, 0x74, 0xFF, 0x18, 0x13, 0x74, 0xFF, 0x18, 0x13, 0x74, 0xFF,
    0x18, 0x13, 0x74, 0xFF, 0x18, 0x13, 0x74, 0xFF, 0x18, 0x13, 0x74, 0xFF, 0x18, 0x13, 0x74, 0xFF,
    0x18, 0x13, 0x74, 0xFF, 0x18, 0x13, 0x73, 0xFF, 0x18, 0x13, 0x73, 0xFF, 0x18, 0x13, 0x73, 0xFF,
    0x18, 0x13, 0x73, 0xFF, 0x18, 0x13, 0x73, 0xFF, 0x18, 0x13, 0x73, 0xFF, 0x18, 0x13, 0x73, 0xFF,
    0x18, 0x13, 0x74, 0xFF, 0x18, 0x13, 0x74, 0xFF, 0x18, 0x13, 0x74, 0xFF, 0x18, 0x13, 0x74, 0xFF,
    0x18, 0x13, 0x75, 0xFF, 0x18, 0x13, 0x74, 0xFF, 0x18, 0x13, 0x74, 0xFF, 0x18, 0x13, 0x73, 0xFF,
    0x18, 0x12, 0x70, 0xFF, 0x17, 0x12, 0x6D, 0xFF, 0x16, 0x11, 0x6B, 0xFF, 0x15, 0x11, 0x68, 0xFF,
    0x15, 0x10, 0x64, 0xFF, 0x14, 0x10, 0x60, 0xFF, 0x13, 0x0F, 0x5C, 0xFF, 0x12, 0x0E, 0x57, 0xFF,
    0x11, 0x0D, 0x52, 0xFF, 0x10, 0x0D, 0x4E, 0xFF, 0x0F, 0x0C, 0x49, 0xFF, 0x0E, 0x0B, 0x44, 0xFF,
    0x0D, 0x0A, 0x40, 0xFF, 0x0D, 0x0A, 0x3E, 0xFF, 0x0D, 0x0A, 0x3E, 0xFF, 0x0D, 0x0A, 0x3E, 0xFF,
    0x0D, 0x0A, 0x3E, 0xFF, 0x0D, 0x0A, 0x3D, 0xFF, 0x0C, 0x0A, 0x3C, 0xFF, 0x0A, 0x08, 0x33, 0xDF,
    0x07, 0x07, 0x2B, 0x40, 0x00, 0x00, 0x00, 0x00, 0x00, 0x00, 0x00, 0x00, 0x00, 0x00, 0x00, 0x00,
    0x00, 0x00, 0x00, 0x00, 0x00, 0x00, 0x00, 0x00, 0x00, 0x00, 0x00, 0x00, 0x00, 0x00, 0x00, 0x00,
    0x00, 0x00, 0x00, 0x00, 0x00, 0x00, 0x00, 0x00, 0x00, 0x00, 0x00, 0x00, 0x00, 0x00, 0x00, 0x00,
    0x00, 0x00, 0x00, 0x00, 0x00, 0x00, 0x00, 0x00, 0x00, 0x00, 0x00, 0x00, 0x00, 0x00, 0x00, 0x00,
    0x00, 0x00, 0x00, 0x00, 0x00, 0x00, 0x00, 0x00, 0x00, 0x00, 0x00, 0x00, 0x00, 0x00, 0x00, 0x00,
    0x00, 0x00, 0x00, 0x00, 0x00, 0x00, 0x00, 0x00, 0x00, 0x00, 0x00, 0x00, 0x00, 0x00, 0x00, 0x00,
    0x00, 0x00, 0x00, 0x00, 0x00, 0x00, 0x00, 0x00, 0x00, 0x00, 0x00, 0x00, 0x00, 0x00, 0x00, 0x00,
    0x00, 0x00, 0x00, 0x00, 0x00, 0x00, 0x00, 0x00, 0x00, 0x00, 0x00, 0x00, 0x00, 0x00, 0x00, 0x00,
    0x00, 0x00, 0x00, 0x00, 0x00, 0x00, 0x00, 0x00, 0x00, 0x00, 0x00, 0x00, 0x00, 0x00, 0x00, 0x00,
    0x00, 0x00, 0x00, 0x00, 0x00, 0x00, 0x00, 0x00, 0x00, 0x00, 0x00, 0x00, 0x00, 0x00, 0x00, 0x00,
    0x00, 0x00, 0x00, 0x00, 0x00, 0x00, 0x00, 0x00, 0x00, 0x00, 0x00, 0x00, 0x00, 0x00, 0x00, 0x00,
    0x00, 0x00, 0x00, 0x00, 0x00, 0x00, 0x00, 0x00, 0x00, 0x00, 0x00, 0x00, 0x00, 0x00, 0x00, 0x00,
    0x00, 0x00, 0x00, 0x00, 0x00, 0x00, 0x00, 0x00, 0x00, 0x00, 0x00, 0x00, 0x00, 0x00, 0x00, 0x00,
    0x00, 0x00, 0x00, 0x00, 0x00, 0x00, 0x00, 0x00, 0x00, 0x00, 0x00, 0x00, 0x00, 0x00, 0x00, 0x00,
    0x00, 0x00, 0x00, 0x00, 0x00, 0x00, 0x00, 0x00, 0x00, 0x00, 0x00, 0x00, 0x00, 0x00, 0x00, 0x00,
    0x00, 0x00, 0x00, 0x00, 0x00, 0x00, 0x00, 0x00, 0x00, 0x00, 0x00, 0x00, 0x00, 0x00, 0x00, 0x00,
    0x00, 0x00, 0x00, 0x00, 0x09, 0x07, 0x31, 0x80, 0x0B, 0x09, 0x3B, 0xEF, 0x0E, 0x0B, 0x44, 0xFF,
    0x0F, 0x0B, 0x47, 0xFF, 0x0F, 0x0B, 0x48, 0xFF, 0x0F, 0x0C, 0x49, 0xFF, 0x10, 0x0C, 0x4B, 0xFF,
    0x10, 0x0C, 0x4D, 0xFF, 0x10, 0x0D, 0x4E, 0xFF, 0x11, 0x0D, 0x51, 0xFF, 0x12, 0x0E, 0x55, 0xFF,
    0x12, 0x0E, 0x57, 0xFF, 0x13, 0x0E, 0x59, 0xFF, 0x13, 0x0F, 0x5B, 0xFF, 0x14, 0x0F, 0x5E, 0xFF,
    0x14, 0x10, 0x61, 0xFF, 0x15, 0x10, 0x64, 0xFF, 0x16, 0x11, 0x67, 0xFF, 0x16, 0x11, 0x68, 0xFF,
    0x16, 0x11, 0x6A, 0xFF, 0x16, 0x11, 0x6B, 0xFF, 0x17, 0x12, 0x6C, 0xFF, 0x17, 0x12, 0x6D, 0xFF,
    0x17, 0x12, 0x6E, 0xFF, 0x17, 0x12, 0x70, 0xFF, 0x18, 0x12, 0x71, 0xFF, 0x18, 0x12, 0x72, 0xFF,
    0x18, 0x13, 0x72, 0xFF, 0x18, 0x13, 0x72, 0xFF, 0x18, 0x13, 0x73, 0xFF, 0x18, 0x13, 0x73, 0xFF,
    0x18, 0x13, 0x73, 0xFF, 0x18, 0x13, 0x73, 0xFF, 0x18, 0x13, 0x74, 0xFF, 0x18, 0x13, 0x74, 0xFF,
    0x18, 0x13, 0x74, 0xFF, 0x18, 0x13, 0x74, 0xFF, 0x18, 0x13, 0x74, 0xFF, 0x18, 0x13, 0x74, 0xFF,
    0x18, 0x13, 0x73, 0xFF, 0x18, 0x13, 0x73, 0xFF, 0x18, 0x13, 0x72, 0xFF, 0x17, 0x12, 0x70, 0xFF,
    0x17, 0x12, 0x6E, 0xFF, 0x16, 0x12, 0x6C, 0xFF, 0x16, 0x11, 0x69, 0xFF, 0x15, 0x11, 0x67, 0xFF,
    0x15, 0x10, 0x64, 0xFF, 0x14, 0x10, 0x61, 0xFF, 0x13, 0x0F, 0x5D, 0xFF, 0x13, 0x0F, 0x5A, 0xFF,
    0x12, 0x0E, 0x56, 0xFF, 0x11, 0x0D, 0x53, 0xFF, 0x10, 0x0D, 0x4F, 0xFF, 0x0F, 0x0C, 0x4B, 0xFF,
    0x0F, 0x0B, 0x47, 0xFF, 0x0E, 0x0B, 0x43, 0xFF, 0x0D, 0x0A, 0x40, 0xFF, 0x0D, 0x0A, 0x3E, 0xFF,
    0x0D, 0x0A, 0x3E, 0xFF, 0x0D, 0x0A, 0x3E, 0xFF, 0x0D, 0x0A, 0x3E, 0xFF, 0x0D, 0x0A, 0x3D, 0xFF,
    0x0C, 0x0A, 0x3C, 0xFF, 0x0B, 0x08, 0x35, 0xEF, 0x09, 0x07, 0x2B, 0x80, 0x00, 0x00, 0x00, 0x00,
    0x00, 0x00, 0x00, 0x00, 0x00, 0x00, 0x00, 0x00, 0x00, 0x00, 0x00, 0x00, 0x00, 0x00, 0x00, 0x00,
    0x00, 0x00, 0x00, 0x00, 0x00, 0x00, 0x00, 0x00, 0x00, 0x00, 0x00, 0x00, 0x00, 0x00, 0x00, 0x00,
    0x00, 0x00, 0x00, 0x00, 0x00, 0x00, 0x00, 0x00, 0x00, 0x00, 0x00, 0x00, 0x00, 0x00, 0x00, 0x00,
    0x00, 0x00, 0x00, 0x00, 0x00, 0x00, 0x00, 0x00, 0x00, 0x00, 0x00, 0x00, 0x00, 0x00, 0x00, 0x00,
    0x00, 0x00, 0x00, 0x00, 0x00, 0x00, 0x00, 0x00, 0x00, 0x00, 0x00, 0x00, 0x00, 0x00, 0x00, 0x00,
    0x00, 0x00, 0x00, 0x00, 0x00, 0x00, 0x00, 0x00, 0x00, 0x00, 0x00, 0x00, 0x00, 0x00, 0x00, 0x00,
    0x00, 0x00, 0x00, 0x00, 0x00, 0x00, 0x00, 0x00, 0x00, 0x00, 0x00, 0x00, 0x00, 0x00, 0x00, 0x00,
    0x00, 0x00, 0x00, 0x00, 0x00, 0x00, 0x00, 0x00, 0x00, 0x00, 0x00, 0x00, 0x00, 0x00, 0x00, 0x00,
    0x00, 0x00, 0x00, 0x00, 0x00, 0x00, 0x00, 0x00, 0x00, 0x00, 0x00, 0x00, 0x00, 0x00, 0x00, 0x00,
    0x00, 0x00, 0x00, 0x00, 0x00, 0x00, 0x00, 0x00, 0x00, 0x00, 0x00, 0x00, 0x00, 0x00, 0x00, 0x00,
    0x00, 0x00, 0x00, 0x00, 0x00, 0x00, 0x00, 0x00, 0x00, 0x00, 0x00, 0x00, 0x00, 0x00, 0x00, 0x00,
    0x00, 0x00, 0x00, 0x00, 0x00, 0x00, 0x00, 0x00, 0x00, 0x00, 0x00, 0x00, 0x00, 0x00, 0x00, 0x00,
    0x00, 0x00, 0x00, 0x00, 0x00, 0x00, 0x00, 0x00, 0x00, 0x00, 0x00, 0x00, 0x00, 0x00, 0x00, 0x00,
    0x00, 0x00, 0x00, 0x00, 0x00, 0x00, 0x00, 0x00, 0x00, 0x00, 0x00, 0x00, 0x00, 0x00, 0x00, 0x00,
    0x00, 0x00, 0x00, 0x00, 0x00, 0x00, 0x00, 0x00, 0x00, 0x00, 0x00, 0x00, 0x00, 0x00, 0x00, 0x00,
    0x00, 0x00, 0x00, 0x00, 0x00, 0x00, 0x00, 0x00, 0x00, 0x00, 0x00, 0x00, 0x00, 0x00, 0x00, 0x00,
    0x00, 0x00, 0x00, 0x00, 0x00, 0x00, 0x00, 0x00, 0x0F, 0x0F, 0x2F, 0x10, 0x09, 0x07, 0x33, 0x80,
    0x0C, 0x09, 0x3B, 0xEF, 0x0E, 0x0B, 0x43, 0xFF, 0x0E, 0x0B, 0x44, 0xFF, 0x0E, 0x0B, 0x45, 0xFF,
    0x0F, 0x0B, 0x47, 0xFF, 0x0F, 0x0C, 0x48, 0xFF, 0x0F, 0x0C, 0x4A, 0xFF, 0x10, 0x0C, 0x4B, 0xFF,
    0x10, 0x0D, 0x4E, 0xFF, 0x11, 0x0D, 0x51, 0xFF, 0x11, 0x0E, 0x53, 0xFF, 0x12, 0x0E, 0x55, 0xFF,
    0x12, 0x0E, 0x57, 0xFF, 0x13, 0x0F, 0x59, 0xFF, 0x13, 0x0F, 0x5C, 0xFF, 0x14, 0x0F, 0x5F, 0xFF,
    0x14, 0x10, 0x61, 0xFF, 0x15, 0x10, 0x63, 0xFF, 0x15, 0x10, 0x64, 0xFF, 0x15, 0x11, 0x66, 0xFF,
    0x16, 0x11, 0x67, 0xFF, 0x16, 0x11, 0x68, 0xFF, 0x16, 0x11, 0x69, 0xFF, 0x16, 0x11, 0x6A, 0xFF,
    0x16, 0x11, 0x6B, 0xFF, 0x17, 0x11, 0x6B, 0xFF, 0x17, 0x12, 0x6C, 0xFF, 0x17, 0x12, 0x6D, 0xFF,
    0x17, 0x12, 0x6D, 0xFF, 0x17, 0x12, 0x6D, 0xFF, 0x17, 0x12, 0x6D, 0xFF, 0x17, 0x12, 0x6D, 0xFF,
    0x17, 0x12, 0x6D, 0xFF, 0x16, 0x12, 0x6C, 0xFF, 0x16, 0x11, 0x6B, 0xFF, 0x16, 0x11, 0x6A, 0xFF,
    0x16, 0x11, 0x68, 0xFF, 0x15, 0x11, 0x67, 0xFF, 0x15, 0x10, 0x65, 0xFF, 0x15, 0x10, 0x63, 0xFF,
    0x14, 0x10, 0x61, 0xFF, 0x14, 0x0F, 0x5E, 0xFF, 0x13, 0x0F, 0x5C, 0xFF, 0x13, 0x0F, 0x59, 0xFF,
    0x12, 0x0E, 0x57, 0xFF, 0x11, 0x0E, 0x54, 0xFF, 0x11, 0x0D, 0x51, 0xFF, 0x10, 0x0D, 0x4E, 0xFF,
    0x10, 0x0C, 0x4B, 0xFF, 0x0F, 0x0C, 0x47, 0xFF, 0x0E, 0x0B, 0x44, 0xFF, 0x0D, 0x0A, 0x41, 0xFF,
    0x0D, 0x0A, 0x3F, 0xFF, 0x0D, 0x0A, 0x3E, 0xFF, 0x0D, 0x0A, 0x3E, 0xFF, 0x0D, 0x0A, 0x3E, 0xFF,
    0x0D, 0x0A, 0x3D, 0xFF, 0x0C, 0x0A, 0x3D, 0xFF, 0x0C, 0x0A, 0x3C, 0xFF, 0x0B, 0x08, 0x37, 0xEF,
    0x09, 0x07, 0x2F, 0x80, 0x0F, 0x0F, 0x2F, 0x10, 0x00, 0x00, 0x00, 0x00, 0x00, 0x00, 0x00, 0x00,
    0x00, 0x00, 0x00, 0x00, 0x00, 0x00, 0x00, 0x00, 0x00, 0x00, 0x00, 0x00, 0x00, 0x00, 0x00, 0x00,
    0x00, 0x00, 0x00, 0x00, 0x00, 0x00, 0x00, 0x00, 0x00, 0x00, 0x00, 0x00, 0x00, 0x00, 0x00, 0x00,
    0x00, 0x00, 0x00, 0x00, 0x00, 0x00, 0x00, 0x00, 0x00, 0x00, 0x00, 0x00, 0x00, 0x00, 0x00, 0x00,
    0x00, 0x00, 0x00, 0x00, 0x00, 0x00, 0x00, 0x00, 0x00, 0x00, 0x00, 0x00, 0x00, 0x00, 0x00, 0x00,
    0x00, 0x00, 0x00, 0x00, 0x00, 0x00, 0x00, 0x00, 0x00, 0x00, 0x00, 0x00, 0x00, 0x00, 0x00, 0x00,
    0x00, 0x00, 0x00, 0x00, 0x00, 0x00, 0x00, 0x00, 0x00, 0x00, 0x00, 0x00, 0x00, 0x00, 0x00, 0x00,
    0x00, 0x00, 0x00, 0x00, 0x00, 0x00, 0x00, 0x00, 0x00, 0x00, 0x00, 0x00, 0x00, 0x00, 0x00, 0x00,
    0x00, 0x00, 0x00, 0x00, 0x00, 0x00, 0x00, 0x00, 0x00, 0x00, 0x00, 0x00, 0x00, 0x00, 0x00, 0x00,
    0x00, 0x00, 0x00, 0x00, 0x00, 0x00, 0x00, 0x00, 0x00, 0x00, 0x00, 0x00, 0x00, 0x00, 0x00, 0x00,
    0x00, 0x00, 0x00, 0x00, 0x00, 0x00, 0x00, 0x00, 0x00, 0x00, 0x00, 0x00, 0x00, 0x00, 0x00, 0x00,
    0x00, 0x00, 0x00, 0x00, 0x00, 0x00, 0x00, 0x00, 0x00, 0x00, 0x00, 0x00, 0x00, 0x00, 0x00, 0x00,
    0x00, 0x00, 0x00, 0x00, 0x00, 0x00, 0x00, 0x00, 0x00, 0x00, 0x00, 0x00, 0x00, 0x00, 0x00, 0x00,
    0x00, 0x00, 0x00, 0x00, 0x00, 0x00, 0x00, 0x00, 0x00, 0x00, 0x00, 0x00, 0x00, 0x00, 0x00, 0x00,
    0x00, 0x00, 0x00, 0x00, 0x00, 0x00, 0x00, 0x00, 0x00, 0x00, 0x00, 0x00, 0x00, 0x00, 0x00, 0x00,
    0x00, 0x00, 0x00, 0x00, 0x00, 0x00, 0x00, 0x00, 0x00, 0x00, 0x00, 0x00, 0x00, 0x00, 0x00, 0x00,
    0x00, 0x00, 0x00, 0x00, 0x00, 0x00, 0x00, 0x00, 0x00, 0x00, 0x00, 0x00, 0x00, 0x00, 0x00, 0x00,
    0x00, 0x00, 0x00, 0x00, 0x00, 0x00, 0x00, 0x00, 0x00, 0x00, 0x00, 0x00, 0x00, 0x00, 0x00, 0x00,
    0x0F, 0x0F, 0x2F, 0x10, 0x09, 0x07, 0x31, 0x80, 0x0B, 0x09, 0x39, 0xEF, 0x0D, 0x0A, 0x40, 0xFF,
    0x0D, 0x0A, 0x41, 0xFF, 0x0E, 0x0B, 0x43, 0xFF, 0x0E, 0x0B, 0x44, 0xFF, 0x0E, 0x0B, 0x45, 0xFF,
    0x0F, 0x0B, 0x46, 0xFF, 0x0F, 0x0C, 0x48, 0xFF, 0x10, 0x0C, 0x4B, 0xFF, 0x10, 0x0D, 0x4D, 0xFF,
    0x11, 0x0D, 0x4F, 0xFF, 0x11, 0x0D, 0x51, 0xFF, 0x11, 0x0D, 0x52, 0xFF, 0x12, 0x0E, 0x54, 0xFF,
    0x12, 0x0E, 0x56, 0xFF, 0x12, 0x0E, 0x58, 0xFF, 0x13, 0x0F, 0x5A, 0xFF, 0x13, 0x0F, 0x5B, 0xFF,
    0x13, 0x0F, 0x5D, 0xFF, 0x13, 0x0F, 0x5E, 0xFF, 0x14, 0x0F, 0x5F, 0xFF, 0x14, 0x10, 0x60, 0xFF,
    0x14, 0x10, 0x60, 0xFF, 0x14, 0x10, 0x61, 0xFF, 0x14, 0x10, 0x61, 0xFF, 0x14, 0x10, 0x61, 0xFF,
    0x14, 0x10, 0x61, 0xFF, 0x14, 0x10, 0x61, 0xFF, 0x14, 0x10, 0x61, 0xFF, 0x14, 0x10, 0x60, 0xFF,
    0x14, 0x10, 0x60, 0xFF, 0x14, 0x0F, 0x5F, 0xFF, 0x13, 0x0F, 0x5E, 0xFF, 0x13, 0x0F, 0x5D, 0xFF,
    0x13, 0x0F, 0x5C, 0xFF, 0x13, 0x0F, 0x5A, 0xFF, 0x12, 0x0E, 0x58, 0xFF, 0x12, 0x0E, 0x57, 0xFF,
    0x12, 0x0E, 0x55, 0xFF, 0x11, 0x0D, 0x53, 0xFF, 0x11, 0x0D, 0x51, 0xFF, 0x10, 0x0D, 0x4E, 0xFF,
    0x10, 0x0C, 0x4C, 0xFF, 0x0F, 0x0C, 0x49, 0xFF, 0x0F, 0x0B, 0x46, 0xFF, 0x0E, 0x0B, 0x43, 0xFF,
    0x0D, 0x0A, 0x41, 0xFF, 0x0D, 0x0A, 0x3F, 0xFF, 0x0D, 0x0A, 0x3E, 0xFF, 0x0D, 0x0A, 0x3E, 0xFF,
    0x0D, 0x0A, 0x3D, 0xFF, 0x0C, 0x0A, 0x3D, 0xFF, 0x0C, 0x0A, 0x3D, 0xFF, 0x0C, 0x0A, 0x3C, 0xFF,
    0x0C, 0x0A, 0x3C, 0xFF, 0x0B, 0x08, 0x36, 0xEF, 0x09, 0x07, 0x2F, 0x80, 0x0F, 0x0F, 0x2F, 0x10,
    0x00, 0x00, 0x00, 0x00, 0x00, 0x00, 0x00, 0x00, 0x00, 0x00, 0x00, 0x00, 0x00, 0x00, 0x00, 0x00,
    0x00, 0x00, 0x00, 0x00, 0x00, 0x00, 0x00, 0x00, 0x00, 0x00, 0x00, 0x00, 0x00, 0x00, 0x00, 0x00,
    0x00, 0x00, 0x00, 0x00, 0x00, 0x00, 0x00, 0x00, 0x00, 0x00, 0x00, 0x00, 0x00, 0x00, 0x00, 0x00,
    0x00, 0x00, 0x00, 0x00, 0x00, 0x00, 0x00, 0x00, 0x00, 0x00, 0x00, 0x00, 0x00, 0x00, 0x00, 0x00,
    0x00, 0x00, 0x00, 0x00, 0x00, 0x00, 0x00, 0x00, 0x00, 0x00, 0x00, 0x00, 0x00, 0x00, 0x00, 0x00,
    0x00, 0x00, 0x00, 0x00, 0x00, 0x00, 0x00, 0x00, 0x00, 0x00, 0x00, 0x00, 0x00, 0x00, 0x00, 0x00,
    0x00, 0x00, 0x00, 0x00, 0x00, 0x00, 0x00, 0x00, 0x00, 0x00, 0x00, 0x00, 0x00, 0x00, 0x00, 0x00,
    0x00, 0x00, 0x00, 0x00, 0x00, 0x00, 0x00, 0x00, 0x00, 0x00, 0x00, 0x00, 0x00, 0x00, 0x00, 0x00,
    0x00, 0x00, 0x00, 0x00, 0x00, 0x00, 0x00, 0x00, 0x00, 0x00, 0x00, 0x00, 0x00, 0x00, 0x00, 0x00,
    0x00, 0x00, 0x00, 0x00, 0x00, 0x00, 0x00, 0x00, 0x00, 0x00, 0x00, 0x00, 0x00, 0x00, 0x00, 0x00,
    0x00, 0x00, 0x00, 0x00, 0x00, 0x00, 0x00, 0x00, 0x00, 0x00, 0x00, 0x00, 0x00, 0x00, 0x00, 0x00,
    0x00, 0x00, 0x00, 0x00, 0x00, 0x00, 0x00, 0x00, 0x00, 0x00, 0x00, 0x00, 0x00, 0x00, 0x00, 0x00,
    0x00, 0x00, 0x00, 0x00, 0x00, 0x00, 0x00, 0x00, 0x00, 0x00, 0x00, 0x00, 0x00, 0x00, 0x00, 0x00,
    0x00, 0x00, 0x00, 0x00, 0x00, 0x00, 0x00, 0x00, 0x00, 0x00, 0x00, 0x00, 0x00, 0x00, 0x00, 0x00,
    0x00, 0x00, 0x00, 0x00, 0x00, 0x00, 0x00, 0x00, 0x00, 0x00, 0x00, 0x00, 0x00, 0x00, 0x00, 0x00,
    0x00, 0x00, 0x00, 0x00, 0x00, 0x00, 0x00, 0x00, 0x00, 0x00, 0x00, 0x00, 0x00, 0x00, 0x00, 0x00,
    0x00, 0x00, 0x00, 0x00, 0x00, 0x00, 0x00, 0x00, 0x00, 0x00, 0x00, 0x00, 0x00, 0x00, 0x00, 0x00,
    0x00, 0x00, 0x00, 0x00, 0x00, 0x00, 0x00, 0x00, 0x00, 0x00, 0x00, 0x00, 0x00, 0x00, 0x00, 0x00,
    0x00, 0x00, 0x00, 0x00, 0x00, 0x00, 0x00, 0x00, 0x0F, 0x0F, 0x2F, 0x10, 0x0B, 0x06, 0x2F, 0x70,
    0x0B, 0x09, 0x35, 0xDF, 0x0C, 0x0A, 0x3C, 0xFF, 0x0D, 0x0A, 0x3F, 0xFF, 0x0D, 0x0A, 0x40, 0xFF,
    0x0D, 0x0A, 0x41, 0xFF, 0x0E, 0x0A, 0x42, 0xFF, 0x0E, 0x0B, 0x43, 0xFF, 0x0E, 0x0B, 0x45, 0xFF,
    0x0F, 0x0B, 0x47, 0xFF, 0x0F, 0x0C, 0x49, 0xFF, 0x10, 0x0C, 0x4A, 0xFF, 0x10, 0x0C, 0x4C, 0xFF,
    0x10, 0x0C, 0x4D, 0xFF, 0x10, 0x0D, 0x4E, 0xFF, 0x11, 0x0D, 0x4F, 0xFF, 0x11, 0x0D, 0x50, 0xFF,
    0x11, 0x0D, 0x51, 0xFF, 0x11, 0x0D, 0x52, 0xFF, 0x11, 0x0D, 0x53, 0xFF, 0x11, 0x0E, 0x54, 0xFF,
    0x12, 0x0E, 0x54, 0xFF, 0x12, 0x0E, 0x55, 0xFF, 0x12, 0x0E, 0x55, 0xFF, 0x12, 0x0E, 0x55, 0xFF,
    0x12, 0x0E, 0x55, 0xFF, 0x12, 0x0E, 0x55, 0xFF, 0x12, 0x0E, 0x55, 0xFF, 0x12, 0x0E, 0x55, 0xFF,
    0x12, 0x0E, 0x54, 0xFF, 0x11, 0x0E, 0x54, 0xFF, 0x11, 0x0D, 0x53, 0xFF, 0x11, 0x0D, 0x52, 0xFF,
    0x11, 0x0D, 0x51, 0xFF, 0x11, 0x0D, 0x4F, 0xFF, 0x10, 0x0D, 0x4E, 0xFF, 0x10, 0x0C, 0x4C, 0xFF,
    0x0F, 0x0C, 0x4A, 0xFF, 0x0F, 0x0C, 0x48, 0xFF, 0x0E, 0x0B, 0x46, 0xFF, 0x0E, 0x0B, 0x43, 0xFF,
    0x0D, 0x0B, 0x41, 0xFF, 0x0D, 0x0A, 0x3F, 0xFF, 0x0D, 0x0A, 0x3D, 0xFF, 0x0C, 0x0A, 0x3D, 0xFF,
    0x0C, 0x0A, 0x3D, 0xFF, 0x0C, 0x0A, 0x3C, 0xFF, 0x0C, 0x0A, 0x3C, 0xFF, 0x0C, 0x0A, 0x3C, 0xFF,
    0x0C, 0x0A, 0x3C, 0xFF, 0x0C, 0x0A, 0x3C, 0xFF, 0x0C, 0x0A, 0x3B, 0xFF, 0x0A, 0x08, 0x34, 0xDF,
    0x09, 0x06, 0x2D, 0x70, 0x0F, 0x0F, 0x1F, 0x10, 0x00, 0x00, 0x00, 0x00, 0x00, 0x00, 0x00, 0x00,
    0x00, 0x00, 0x00, 0x00, 0x00, 0x00, 0x00, 0x00, 0x00, 0x00, 0x00, 0x00, 0x00, 0x00, 0x00, 0x00,
    0x00, 0x00, 0x00, 0x00, 0x00, 0x00, 0x00, 0x00, 0x00, 0x00, 0x00, 0x00, 0x00, 0x00, 0x00, 0x00,
    0x00, 0x00, 0x00, 0x00, 0x00, 0x00, 0x00, 0x00, 0x00, 0x00, 0x00, 0x00, 0x00, 0x00, 0x00, 0x00,
    0x00, 0x00, 0x00, 0x00, 0x00, 0x00, 0x00, 0x00, 0x00, 0x00, 0x00, 0x00, 0x00, 0x00, 0x00, 0x00,
    0x00, 0x00, 0x00, 0x00, 0x00, 0x00, 0x00, 0x00, 0x00, 0x00, 0x00, 0x00, 0x00, 0x00, 0x00, 0x00,
    0x00, 0x00, 0x00, 0x00, 0x00, 0x00, 0x00, 0x00, 0x00, 0x00, 0x00, 0x00, 0x00, 0x00, 0x00, 0x00,
    0x00, 0x00, 0x00, 0x00, 0x00, 0x00, 0x00, 0x00, 0x00, 0x00, 0x00, 0x00, 0x00, 0x00, 0x00, 0x00,
    0x00, 0x00, 0x00, 0x00, 0x00, 0x00, 0x00, 0x00, 0x00, 0x00, 0x00, 0x00, 0x00, 0x00, 0x00, 0x00,
    0x00, 0x00, 0x00, 0x00, 0x00, 0x00, 0x00, 0x00, 0x00, 0x00, 0x00, 0x00, 0x00, 0x00, 0x00, 0x00,
    0x00, 0x00, 0x00, 0x00, 0x00, 0x00, 0x00, 0x00, 0x00, 0x00, 0x00, 0x00, 0x00, 0x00, 0x00, 0x00,
    0x00, 0x00, 0x00, 0x00, 0x00, 0x00, 0x00, 0x00, 0x00, 0x00, 0x00, 0x00, 0x00, 0x00, 0x00, 0x00,
    0x00, 0x00, 0x00, 0x00, 0x00, 0x00, 0x00, 0x00, 0x00, 0x00, 0x00, 0x00, 0x00, 0x00, 0x00, 0x00,
    0x00, 0x00, 0x00, 0x00, 0x00, 0x00, 0x00, 0x00, 0x00, 0x00, 0x00, 0x00, 0x00, 0x00, 0x00, 0x00,
    0x00, 0x00, 0x00, 0x00, 0x00, 0x00, 0x00, 0x00, 0x00, 0x00, 0x00, 0x00, 0x00, 0x00, 0x00, 0x00,
    0x00, 0x00, 0x00, 0x00, 0x00, 0x00, 0x00, 0x00, 0x00, 0x00, 0x00, 0x00, 0x00, 0x00, 0x00, 0x00,
    0x00, 0x00, 0x00, 0x00, 0x00, 0x00, 0x00, 0x00, 0x00, 0x00, 0x00, 0x00, 0x00, 0x00, 0x00, 0x00,
    0x00, 0x00, 0x00, 0x00, 0x00, 0x00, 0x00, 0x00, 0x00, 0x00, 0x00, 0x00, 0x00, 0x00, 0x00, 0x00,
    0x00, 0x00, 0x00, 0x00, 0x00, 0x00, 0x00, 0x00, 0x00, 0x00, 0x00, 0x00, 0x00, 0x00, 0x00, 0x00,
    0x00, 0x00, 0x00, 0x00, 0x00, 0x00, 0x00, 0x00, 0x00, 0x00, 0x00, 0x00, 0x00, 0x00, 0x00, 0x00,
    0x00, 0x00, 0x00, 0x00, 0x09, 0x06, 0x29, 0x50, 0x0A, 0x08, 0x33, 0xAF, 0x0B, 0x09, 0x37, 0xFF,
    0x0D, 0x0A, 0x3D, 0xFF, 0x0D, 0x0A, 0x3E, 0xFF, 0x0D, 0x0A, 0x3E, 0xFF, 0x0D, 0x0A, 0x3E, 0xFF,
    0x0D, 0x0A, 0x3F, 0xFF, 0x0D, 0x0A, 0x40, 0xFF, 0x0E, 0x0B, 0x42, 0xFF, 0x0E, 0x0B, 0x44, 0xFF,
    0x0E, 0x0B, 0x45, 0xFF, 0x0F, 0x0B, 0x46, 0xFF, 0x0F, 0x0B, 0x47, 0xFF, 0x0F, 0x0C, 0x48, 0xFF,
    0x0F, 0x0C, 0x49, 0xFF, 0x0F, 0x0C, 0x49, 0xFF, 0x0F, 0x0C, 0x4A, 0xFF, 0x10, 0x0C, 0x4B, 0xFF,
    0x10, 0x0C, 0x4B, 0xFF, 0x10, 0x0C, 0x4C, 0xFF, 0x10, 0x0C, 0x4C, 0xFF, 0x10, 0x0C, 0x4C, 0xFF,
    0x10, 0x0C, 0x4C, 0xFF, 0x10, 0x0C, 0x4C, 0xFF, 0x10, 0x0C, 0x4B, 0xFF, 0x10, 0x0C, 0x4B, 0xFF,
    0x0F, 0x0C, 0x4A, 0xFF, 0x0F, 0x0C, 0x49, 0xFF, 0x0F, 0x0C, 0x48, 0xFF, 0x0F, 0x0C, 0x47, 0xFF,
    0x0E, 0x0B, 0x46, 0xFF, 0x0E, 0x0B, 0x44, 0xFF, 0x0E, 0x0B, 0x43, 0xFF, 0x0D, 0x0A, 0x41, 0xFF,
    0x0D, 0x0A, 0x3F, 0xFF, 0x0D, 0x0A, 0x3E, 0xFF, 0x0C, 0x0A, 0x3D, 0xFF, 0x0C, 0x0A, 0x3C, 0xFF,
    0x0C, 0x0A, 0x3C, 0xFF, 0x0C, 0x0A, 0x3C, 0xFF, 0x0C, 0x0A, 0x3C, 0xFF, 0x0C, 0x0A, 0x3C, 0xFF,
    0x0C, 0x0A, 0x3D, 0xFF, 0x0C, 0x0A, 0x3D, 0xFF, 0x0C, 0x0A, 0x3D, 0xFF, 0x0C, 0x0A, 0x3D, 0xFF,
    0x0C, 0x09, 0x37, 0xFF, 0x0A, 0x08, 0x33, 0xAF, 0x09, 0x06, 0x29, 0x50, 0x00, 0x00, 0x00, 0x00,
    0x00, 0x00, 0x00, 0x00, 0x00, 0x00, 0x00, 0x00, 0x00, 0x00, 0x00, 0x00, 0x00, 0x00, 0x00, 0x00,
    0x00, 0x00, 0x00, 0x00, 0x00, 0x00, 0x00, 0x00, 0x00, 0x00, 0x00, 0x00, 0x00, 0x00, 0x00, 0x00,
    0x00, 0x00, 0x00, 0x00, 0x00, 0x00, 0x00, 0x00, 0x00, 0x00, 0x00, 0x00, 0x00, 0x00, 0x00, 0x00,
    0x00, 0x00, 0x00, 0x00, 0x00, 0x00, 0x00, 0x00, 0x00, 0x00, 0x00, 0x00, 0x00, 0x00, 0x00, 0x00,
    0x00, 0x00, 0x00, 0x00, 0x00, 0x00, 0x00, 0x00, 0x00, 0x00, 0x00, 0x00, 0x00, 0x00, 0x00, 0x00,
    0x00, 0x00, 0x00, 0x00, 0x00, 0x00, 0x00, 0x00, 0x00, 0x00, 0x00, 0x00, 0x00, 0x00, 0x00, 0x00,
    0x00, 0x00, 0x00, 0x00, 0x00, 0x00, 0x00, 0x00, 0x00, 0x00, 0x00, 0x00, 0x00, 0x00, 0x00, 0x00,
    0x00, 0x00, 0x00, 0x00, 0x00, 0x00, 0x00, 0x00, 0x00, 0x00, 0x00, 0x00, 0x00, 0x00, 0x00, 0x00,
    0x00, 0x00, 0x00, 0x00, 0x00, 0x00, 0x00, 0x00, 0x00, 0x00, 0x00, 0x00, 0x00, 0x00, 0x00, 0x00,
    0x00, 0x00, 0x00, 0x00, 0x00, 0x00, 0x00, 0x00, 0x00, 0x00, 0x00, 0x00, 0x00, 0x00, 0x00, 0x00,
    0x00, 0x00, 0x00, 0x00, 0x00, 0x00, 0x00, 0x00, 0x00, 0x00, 0x00, 0x00, 0x00, 0x00, 0x00, 0x00,
    0x00, 0x00, 0x00, 0x00, 0x00, 0x00, 0x00, 0x00, 0x00, 0x00, 0x00, 0x00, 0x00, 0x00, 0x00, 0x00,
    0x00, 0x00, 0x00, 0x00, 0x00, 0x00, 0x00, 0x00, 0x00, 0x00, 0x00, 0x00, 0x00, 0x00, 0x00, 0x00,
    0x00, 0x00, 0x00, 0x00, 0x00, 0x00, 0x00, 0x00, 0x00, 0x00, 0x00, 0x00, 0x00, 0x00, 0x00, 0x00,
    0x00, 0x00, 0x00, 0x00, 0x00, 0x00, 0x00, 0x00, 0x00, 0x00, 0x00, 0x00, 0x00, 0x00, 0x00, 0x00,
    0x00, 0x00, 0x00, 0x00, 0x00, 0x00, 0x00, 0x00, 0x00, 0x00, 0x00, 0x00, 0x00, 0x00, 0x00, 0x00,
    0x00, 0x00, 0x00, 0x00, 0x00, 0x00, 0x00, 0x00, 0x00, 0x00, 0x00, 0x00, 0x00, 0x00, 0x00, 0x00,
    0x00, 0x00, 0x00, 0x00, 0x00, 0x00, 0x00, 0x00, 0x00, 0x00, 0x00, 0x00, 0x00, 0x00, 0x00, 0x00,
    0x00, 0x00, 0x00, 0x00, 0x00, 0x00, 0x00, 0x00, 0x00, 0x00, 0x00, 0x00, 0x00, 0x00, 0x00, 0x00,
    0x00, 0x00, 0x00, 0x00, 0x00, 0x00, 0x00, 0x00, 0x00, 0x00, 0x00, 0x00, 0x00, 0x00, 0x00, 0x00,
    0x00, 0x00, 0x00, 0x00, 0x00, 0x00, 0x00, 0x00, 0x00, 0x00, 0x00, 0x00, 0x0F, 0x0F, 0x2F, 0x10,
    0x0A, 0x07, 0x2D, 0x60, 0x0B, 0x08, 0x34, 0xAF, 0x0C, 0x09, 0x38, 0xFF, 0x0D, 0x0A, 0x3C, 0xFF,
    0x0D, 0x0A, 0x3D, 0xFF, 0x0C, 0x0A, 0x3D, 0xFF, 0x0C, 0x0A, 0x3D, 0xFF, 0x0C, 0x0A, 0x3D, 0xFF,
    0x0D, 0x0A, 0x3D, 0xFF, 0x0D, 0x0A, 0x3E, 0xFF, 0x0D, 0x0A, 0x3F, 0xFF, 0x0D, 0x0A, 0x40, 0xFF,
    0x0D, 0x0A, 0x40, 0xFF, 0x0E, 0x0A, 0x41, 0xFF, 0x0E, 0x0B, 0x41, 0xFF, 0x0E, 0x0B, 0x42, 0xFF,
    0x0E, 0x0B, 0x42, 0xFF, 0x0E, 0x0B, 0x42, 0xFF, 0x0E, 0x0B, 0x42, 0xFF, 0x0E, 0x0B, 0x42, 0xFF,
    0x0E, 0x0B, 0x42, 0xFF, 0x0E, 0x0B, 0x42, 0xFF, 0x0E, 0x0A, 0x41, 0xFF, 0x0D, 0x0A, 0x40, 0xFF,
    0x0D, 0x0A, 0x40, 0xFF, 0x0D, 0x0A, 0x3F, 0xFF, 0x0D, 0x0A, 0x3E, 0xFF, 0x0D, 0x0A, 0x3E, 0xFF,
    0x0C, 0x0A, 0x3D, 0xFF, 0x0C, 0x0A, 0x3C, 0xFF, 0x0C, 0x0A, 0x3C, 0xFF, 0x0C, 0x0A, 0x3C, 0xFF,
    0x0C, 0x0A, 0x3D, 0xFF, 0x0C, 0x0A, 0x3D, 0xFF, 0x0C, 0x0A, 0x3D, 0xFF, 0x0D, 0x0A, 0x3D, 0xFF,
    0x0D, 0x0A, 0x3D, 0xFF, 0x0D, 0x0A, 0x3D, 0xFF, 0x0D, 0x0A, 0x3D, 0xFF, 0x0D, 0x0A, 0x3D, 0xFF,
    0x0D, 0x0A, 0x3C, 0xFF, 0x0C, 0x09, 0x38, 0xFF, 0x0B, 0x08, 0x34, 0xAF, 0x0A, 0x07, 0x2D, 0x60,
    0x0F, 0x0F, 0x2F, 0x10, 0x00, 0x00, 0x00, 0x00, 0x00, 0x00, 0x00, 0x00, 0x00, 0x00, 0x00, 0x00,
    0x00, 0x00, 0x00, 0x00, 0x00, 0x00, 0x00, 0x00, 0x00, 0x00, 0x00, 0x00, 0x00, 0x00, 0x00, 0x00,
    0x00, 0x00, 0x00, 0x00, 0x00, 0x00, 0x00, 0x00, 0x00, 0x00, 0x00, 0x00, 0x00, 0x00, 0x00, 0x00,
    0x00, 0x00, 0x00, 0x00, 0x00, 0x00, 0x00, 0x00, 0x00, 0x00, 0x00, 0x00, 0x00, 0x00, 0x00, 0x00,
    0x00, 0x00, 0x00, 0x00, 0x00, 0x00, 0x00, 0x00, 0x00, 0x00, 0x00, 0x00, 0x00, 0x00, 0x00, 0x00,
    0x00, 0x00, 0x00, 0x00, 0x00, 0x00, 0x00, 0x00, 0x00, 0x00, 0x00, 0x00, 0x00, 0x00, 0x00, 0x00,
    0x00, 0x00, 0x00, 0x00, 0x00, 0x00, 0x00, 0x00, 0x00, 0x00, 0x00, 0x00, 0x00, 0x00, 0x00, 0x00,
    0x00, 0x00, 0x00, 0x00, 0x00, 0x00, 0x00, 0x00, 0x00, 0x00, 0x00, 0x00, 0x00, 0x00, 0x00, 0x00,
    0x00, 0x00, 0x00, 0x00, 0x00, 0x00, 0x00, 0x00, 0x00, 0x00, 0x00, 0x00, 0x00, 0x00, 0x00, 0x00,
    0x00, 0x00, 0x00, 0x00, 0x00, 0x00, 0x00, 0x00, 0x00, 0x00, 0x00, 0x00, 0x00, 0x00, 0x00, 0x00,
    0x00, 0x00, 0x00, 0x00, 0x00, 0x00, 0x00, 0x00, 0x00, 0x00, 0x00, 0x00, 0x00, 0x00, 0x00, 0x00,
    0x00, 0x00, 0x00, 0x00, 0x00, 0x00, 0x00, 0x00, 0x00, 0x00, 0x00, 0x00, 0x00, 0x00, 0x00, 0x00,
    0x00, 0x00, 0x00, 0x00, 0x00, 0x00, 0x00, 0x00, 0x00, 0x00, 0x00, 0x00, 0x00, 0x00, 0x00, 0x00,
    0x00, 0x00, 0x00, 0x00, 0x00, 0x00, 0x00, 0x00, 0x00, 0x00, 0x00, 0x00, 0x00, 0x00, 0x00, 0x00,
    0x00, 0x00, 0x00, 0x00, 0x00, 0x00, 0x00, 0x00, 0x00, 0x00, 0x00, 0x00, 0x00, 0x00, 0x00, 0x00,
    0x00, 0x00, 0x00, 0x00, 0x00, 0x00, 0x00, 0x00, 0x00, 0x00, 0x00, 0x00, 0x00, 0x00, 0x00, 0x00,
    0x00, 0x00, 0x00, 0x00, 0x00, 0x00, 0x00, 0x00, 0x00, 0x00, 0x00, 0x00, 0x00, 0x00, 0x00, 0x00,
    0x00, 0x00, 0x00, 0x00, 0x00, 0x00, 0x00, 0x00, 0x00, 0x00, 0x00, 0x00, 0x00, 0x00, 0x00, 0x00,
    0x00, 0x00, 0x00, 0x00, 0x00, 0x00, 0x00, 0x00, 0x00, 0x00, 0x00, 0x00, 0x00, 0x00, 0x00, 0x00,
    0x00, 0x00, 0x00, 0x00, 0x00, 0x00, 0x00, 0x00, 0x00, 0x00, 0x00, 0x00, 0x00, 0x00, 0x00, 0x00,
    0x00, 0x00, 0x00, 0x00, 0x00, 0x00, 0x00, 0x00, 0x00, 0x00, 0x00, 0x00, 0x00, 0x00, 0x00, 0x00,
    0x00, 0x00, 0x00, 0x00, 0x00, 0x00, 0x00, 0x00, 0x00, 0x00, 0x00, 0x00, 0x00, 0x00, 0x00, 0x00,
    0x00, 0x00, 0x00, 0x00, 0x00, 0x00, 0x00, 0x00, 0x0F, 0x0F, 0x1F, 0x10, 0x07, 0x07, 0x2A, 0x60,
    0x0B, 0x07, 0x33, 0xA0, 0x0B, 0x09, 0x35, 0xDF, 0x0C, 0x0A, 0x3A, 0xFF, 0x0C, 0x0A, 0x3C, 0xFF,
    0x0C, 0x0A, 0x3D, 0xFF, 0x0C, 0x0A, 0x3C, 0xFF, 0x0C, 0x0A, 0x3C, 0xFF, 0x0C, 0x0A, 0x3C, 0xFF,
    0x0C, 0x0A, 0x3C, 0xFF, 0x0C, 0x0A, 0x3C, 0xFF, 0x0C, 0x0A, 0x3C, 0xFF, 0x0C, 0x0A, 0x3C, 0xFF,
    0x0C, 0x0A, 0x3C, 0xFF, 0x0C, 0x0A, 0x3C, 0xFF, 0x0C, 0x0A, 0x3C, 0xFF, 0x0C, 0x0A, 0x3C, 0xFF,
    0x0C, 0x0A, 0x3C, 0xFF, 0x0C, 0x0A, 0x3C, 0xFF, 0x0C, 0x0A, 0x3C, 0xFF, 0x0C, 0x0A, 0x3C, 0xFF,
    0x0C, 0x0A, 0x3D, 0xFF, 0x0C, 0x0A, 0x3D, 0xFF, 0x0C, 0x0A, 0x3D, 0xFF, 0x0D, 0x0A, 0x3D, 0xFF,
    0x0D, 0x0A, 0x3D, 0xFF, 0x0D, 0x0A, 0x3D, 0xFF, 0x0D, 0x0A, 0x3D, 0xFF, 0x0D, 0x0A, 0x3D, 0xFF,
    0x0D, 0x0A, 0x3D, 0xFF, 0x0D, 0x0A, 0x3D, 0xFF, 0x0D, 0x0A, 0x3D, 0xFF, 0x0D, 0x0A, 0x3D, 0xFF,
    0x0D, 0x0A, 0x3D, 0xFF, 0x0C, 0x0A, 0x3A, 0xFF, 0x0B, 0x09, 0x35, 0xDF, 0x0B, 0x07, 0x33, 0xA0,
    0x07, 0x07, 0x2A, 0x60, 0x0F, 0x0F, 0x1F, 0x10, 0x00, 0x00, 0x00, 0x00, 0x00, 0x00, 0x00, 0x00,
    0x00, 0x00, 0x00, 0x00, 0x00, 0x00, 0x00, 0x00, 0x00, 0x00, 0x00, 0x00, 0x00, 0x00, 0x00, 0x00,
    0x00, 0x00, 0x00, 0x00, 0x00, 0x00, 0x00, 0x00, 0x00, 0x00, 0x00, 0x00, 0x00, 0x00, 0x00, 0x00,
    0x00, 0x00, 0x00, 0x00, 0x00, 0x00, 0x00, 0x00, 0x00, 0x00, 0x00, 0x00, 0x00, 0x00, 0x00, 0x00,
    0x00, 0x00, 0x00, 0x00, 0x00, 0x00, 0x00, 0x00, 0x00, 0x00, 0x00, 0x00, 0x00, 0x00, 0x00, 0x00,
    0x00, 0x00, 0x00, 0x00, 0x00, 0x00, 0x00, 0x00, 0x00, 0x00, 0x00, 0x00, 0x00, 0x00, 0x00, 0x00,
    0x00, 0x00, 0x00, 0x00, 0x00, 0x00, 0x00, 0x00, 0x00, 0x00, 0x00, 0x00, 0x00, 0x00, 0x00, 0x00,
    0x00, 0x00, 0x00, 0x00, 0x00, 0x00, 0x00, 0x00, 0x00, 0x00, 0x00, 0x00, 0x00, 0x00, 0x00, 0x00,
    0x00, 0x00, 0x00, 0x00, 0x00, 0x00, 0x00, 0x00, 0x00, 0x00, 0x00, 0x00, 0x00, 0x00, 0x00, 0x00,
    0x00, 0x00, 0x00, 0x00, 0x00, 0x00, 0x00, 0x00, 0x00, 0x00, 0x00, 0x00, 0x00, 0x00, 0x00, 0x00,
    0x00, 0x00, 0x00, 0x00, 0x00, 0x00, 0x00, 0x00, 0x00, 0x00, 0x00, 0x00, 0x00, 0x00, 0x00, 0x00,
    0x00, 0x00, 0x00, 0x00, 0x00, 0x00, 0x00, 0x00, 0x00, 0x00, 0x00, 0x00, 0x00, 0x00, 0x00, 0x00,
    0x00, 0x00, 0x00, 0x00, 0x00, 0x00, 0x00, 0x00, 0x00, 0x00, 0x00, 0x00, 0x00, 0x00, 0x00, 0x00,
    0x00, 0x00, 0x00, 0x00, 0x00, 0x00, 0x00, 0x00, 0x00, 0x00, 0x00, 0x00, 0x00, 0x00, 0x00, 0x00,
    0x00, 0x00, 0x00, 0x00, 0x00, 0x00, 0x00, 0x00, 0x00, 0x00, 0x00, 0x00, 0x00, 0x00, 0x00, 0x00,
    0x00, 0x00, 0x00, 0x00, 0x00, 0x00, 0x00, 0x00, 0x00, 0x00, 0x00, 0x00, 0x00, 0x00, 0x00, 0x00,
    0x00, 0x00, 0x00, 0x00, 0x00, 0x00, 0x00, 0x00, 0x00, 0x00, 0x00, 0x00, 0x00, 0x00, 0x00, 0x00,
    0x00, 0x00, 0x00, 0x00, 0x00, 0x00, 0x00, 0x00, 0x00, 0x00, 0x00, 0x00, 0x00, 0x00, 0x00, 0x00,
    0x00, 0x00, 0x00, 0x00, 0x00, 0x00, 0x00, 0x00, 0x00, 0x00, 0x00, 0x00, 0x00, 0x00, 0x00, 0x00,
    0x00, 0x00, 0x00, 0x00, 0x00, 0x00, 0x00, 0x00, 0x00, 0x00, 0x00, 0x00, 0x00, 0x00, 0x00, 0x00,
    0x00, 0x00, 0x00, 0x00, 0x00, 0x00, 0x00, 0x00, 0x00, 0x00, 0x00, 0x00, 0x00, 0x00, 0x00, 0x00,
    0x00, 0x00, 0x00, 0x00, 0x00, 0x00, 0x00, 0x00, 0x00, 0x00, 0x00, 0x00, 0x00, 0x00, 0x00, 0x00,
    0x00, 0x00, 0x00, 0x00, 0x00, 0x00, 0x00, 0x00, 0x00, 0x00, 0x00, 0x00, 0x00, 0x00, 0x00, 0x00,
    0x00, 0x00, 0x00, 0x00, 0x00, 0x00, 0x00, 0x00, 0x00, 0x00, 0x00, 0x00, 0x00, 0x00, 0x00, 0x00,
    0x00, 0x00, 0x00, 0x00, 0x00, 0x00, 0x00, 0x00, 0x07, 0x07, 0x27, 0x20, 0x0A, 0x07, 0x2D, 0x60,
    0x0B, 0x07, 0x31, 0xA0, 0x0B, 0x08, 0x34, 0xCF, 0x0B, 0x09, 0x36, 0xFF, 0x0C, 0x0A, 0x3A, 0xFF,
    0x0C, 0x0A, 0x3C, 0xFF, 0x0D, 0x0A, 0x3D, 0xFF, 0x0D, 0x0A, 0x3D, 0xFF, 0x0C, 0x0A, 0x3D, 0xFF,
    0x0D, 0x0A, 0x3D, 0xFF, 0x0D, 0x0A, 0x3D, 0xFF, 0x0D, 0x0A, 0x3D, 0xFF, 0x0D, 0x0A, 0x3D, 0xFF,
    0x0D, 0x0A, 0x3D, 0xFF, 0x0D, 0x0A, 0x3D, 0xFF, 0x0D, 0x0A, 0x3D, 0xFF, 0x0D, 0x0A, 0x3D, 0xFF,
    0x0D, 0x0A, 0x3D, 0xFF, 0x0D, 0x0A, 0x3D, 0xFF, 0x0D, 0x0A, 0x3D, 0xFF, 0x0D, 0x0A, 0x3D, 0xFF,
    0x0D, 0x0A, 0x3D, 0xFF, 0x0D, 0x0A, 0x3D, 0xFF, 0x0D, 0x0A, 0x3D, 0xFF, 0x0D, 0x0A, 0x3C, 0xFF,
    0x0C, 0x0A, 0x3A, 0xFF, 0x0B, 0x09, 0x36, 0xFF, 0x0B, 0x08, 0x34, 0xCF, 0x0B, 0x07, 0x31, 0xA0,
    0x0A, 0x07, 0x2D, 0x60, 0x07, 0x07, 0x27, 0x20, 0x00, 0x00, 0x00, 0x00, 0x00, 0x00, 0x00, 0x00,
    0x00, 0x00, 0x00, 0x00, 0x00, 0x00, 0x00, 0x00, 0x00, 0x00, 0x00, 0x00, 0x00, 0x00, 0x00, 0x00,
    0x00, 0x00, 0x00, 0x00, 0x00, 0x00, 0x00, 0x00, 0x00, 0x00, 0x00, 0x00, 0x00, 0x00, 0x00, 0x00,
    0x00, 0x00, 0x00, 0x00, 0x00, 0x00, 0x00, 0x00, 0x00, 0x00, 0x00, 0x00, 0x00, 0x00, 0x00, 0x00,
    0x00, 0x00, 0x00, 0x00, 0x00, 0x00, 0x00, 0x00, 0x00, 0x00, 0x00, 0x00, 0x00, 0x00, 0x00, 0x00,
    0x00, 0x00, 0x00, 0x00, 0x00, 0x00, 0x00, 0x00, 0x00, 0x00, 0x00, 0x00, 0x00, 0x00, 0x00, 0x00,
    0x00, 0x00, 0x00, 0x00, 0x00, 0x00, 0x00, 0x00, 0x00, 0x00, 0x00, 0x00, 0x00, 0x00, 0x00, 0x00,
    0x00, 0x00, 0x00, 0x00, 0x00, 0x00, 0x00, 0x00, 0x00, 0x00, 0x00, 0x00, 0x00, 0x00, 0x00, 0x00,
    0x00, 0x00, 0x00, 0x00, 0x00, 0x00, 0x00, 0x00, 0x00, 0x00, 0x00, 0x00, 0x00, 0x00, 0x00, 0x00,
    0x00, 0x00, 0x00, 0x00, 0x00, 0x00, 0x00, 0x00, 0x00, 0x00, 0x00, 0x00, 0x00, 0x00, 0x00, 0x00,
    0x00, 0x00, 0x00, 0x00, 0x00, 0x00, 0x00, 0x00, 0x00, 0x00, 0x00, 0x00, 0x00, 0x00, 0x00, 0x00,
    0x00, 0x00, 0x00, 0x00, 0x00, 0x00, 0x00, 0x00, 0x00, 0x00, 0x00, 0x00, 0x00, 0x00, 0x00, 0x00,
    0x00, 0x00, 0x00, 0x00, 0x00, 0x00, 0x00, 0x00, 0x00, 0x00, 0x00, 0x00, 0x00, 0x00, 0x00, 0x00,
    0x00, 0x00, 0x00, 0x00, 0x00, 0x00, 0x00, 0x00, 0x00, 0x00, 0x00, 0x00, 0x00, 0x00, 0x00, 0x00,
    0x00, 0x00, 0x00, 0x00, 0x00, 0x00, 0x00, 0x00, 0x00, 0x00, 0x00, 0x00, 0x00, 0x00, 0x00, 0x00,
    0x00, 0x00, 0x00, 0x00, 0x00, 0x00, 0x00, 0x00, 0x00, 0x00, 0x00, 0x00, 0x00, 0x00, 0x00, 0x00,
    0x00, 0x00, 0x00, 0x00, 0x00, 0x00, 0x00, 0x00, 0x00, 0x00, 0x00, 0x00, 0x00, 0x00, 0x00, 0x00,
    0x00, 0x00, 0x00, 0x00, 0x00, 0x00, 0x00, 0x00, 0x00, 0x00, 0x00, 0x00, 0x00, 0x00, 0x00, 0x00,
    0x00, 0x00, 0x00, 0x00, 0x00, 0x00, 0x00, 0x00, 0x00, 0x00, 0x00, 0x00, 0x00, 0x00, 0x00, 0x00,
    0x00, 0x00, 0x00, 0x00, 0x00, 0x00, 0x00, 0x00, 0x00, 0x00, 0x00, 0x00, 0x00, 0x00, 0x00, 0x00,
    0x00, 0x00, 0x00, 0x00, 0x00, 0x00, 0x00, 0x00, 0x00, 0x00, 0x00, 0x00, 0x00, 0x00, 0x00, 0x00,
    0x00, 0x00, 0x00, 0x00, 0x00, 0x00, 0x00, 0x00, 0x00, 0x00, 0x00, 0x00, 0x00, 0x00, 0x00, 0x00,
    0x00, 0x00, 0x00, 0x00, 0x00, 0x00, 0x00, 0x00, 0x00, 0x00, 0x00, 0x00, 0x00, 0x00, 0x00, 0x00,
    0x00, 0x00, 0x00, 0x00, 0x00, 0x00, 0x00, 0x00, 0x00, 0x00, 0x00, 0x00, 0x00, 0x00, 0x00, 0x00,
    0x00, 0x00, 0x00, 0x00, 0x00, 0x00, 0x00, 0x00, 0x00, 0x00, 0x00, 0x00, 0x00, 0x00, 0x00, 0x00,
    0x00, 0x00, 0x00, 0x00, 0x00, 0x00, 0x00, 0x00, 0x00, 0x00, 0x00, 0x00, 0x00, 0x00, 0x00, 0x00,
    0x00, 0x00, 0x00, 0x00, 0x00, 0x00, 0x00, 0x00, 0x00, 0x00, 0x00, 0x00, 0x0A, 0x05, 0x25, 0x30,
    0x07, 0x07, 0x2B, 0x40, 0x09, 0x07, 0x2D, 0x80, 0x09, 0x07, 0x33, 0x80, 0x0A, 0x08, 0x31, 0xBF,
    0x0A, 0x09, 0x35, 0xBF, 0x0C, 0x09, 0x38, 0xBF, 0x0B, 0x09, 0x34, 0xFF, 0x0B, 0x09, 0x35, 0xFF,
    0x0B, 0x09, 0x36, 0xFF, 0x0B, 0x09, 0x36, 0xFF, 0x0B, 0x09, 0x36, 0xFF, 0x0B, 0x09, 0x36, 0xFF,
    0x0B, 0x09, 0x35, 0xFF, 0x0B, 0x09, 0x34, 0xFF, 0x0A, 0x09, 0x36, 0xBF, 0x0A, 0x09, 0x35, 0xBF,
    0x0A, 0x08, 0x31, 0xBF, 0x09, 0x07, 0x33, 0x80, 0x09, 0x07, 0x2D, 0x80, 0x07, 0x07, 0x2B, 0x40,
    0x0A, 0x05, 0x25, 0x30, 0x00, 0x00, 0x00, 0x00, 0x00, 0x00, 0x00, 0x00, 0x00, 0x00, 0x00, 0x00,
    0x00, 0x00, 0x00, 0x00, 0x00, 0x00, 0x00, 0x00, 0x00, 0x00, 0x00, 0x00, 0x00, 0x00, 0x00, 0x00,
    0x00, 0x00, 0x00, 0x00, 0x00, 0x00, 0x00, 0x00, 0x00, 0x00, 0x00, 0x00, 0x00, 0x00, 0x00, 0x00,
    0x00, 0x00, 0x00, 0x00, 0x00, 0x00, 0x00, 0x00, 0x00, 0x00, 0x00, 0x00, 0x00, 0x00, 0x00, 0x00,
    0x00, 0x00, 0x00, 0x00, 0x00, 0x00, 0x00, 0x00, 0x00, 0x00, 0x00, 0x00, 0x00, 0x00, 0x00, 0x00,
    0x00, 0x00, 0x00, 0x00, 0x00, 0x00, 0x00, 0x00, 0x00, 0x00, 0x00, 0x00, 0x00, 0x00, 0x00, 0x00,
    0x00, 0x00, 0x00, 0x00, 0x00, 0x00, 0x00, 0x00, 0x00, 0x00, 0x00, 0x00, 0x00, 0x00, 0x00, 0x00,
    0x00, 0x00, 0x00, 0x00, 0x00, 0x00, 0x00, 0x00, 0x00, 0x00, 0x00, 0x00, 0x00, 0x00, 0x00, 0x00,
    0x00, 0x00, 0x00, 0x00, 0x00, 0x00, 0x00, 0x00, 0x00, 0x00, 0x00, 0x00, 0x00, 0x00, 0x00, 0x00,
    0x00, 0x00, 0x00, 0x00, 0x00, 0x00, 0x00, 0x00, 0x00, 0x00, 0x00, 0x00, 0x00, 0x00, 0x00, 0x00,
    0x00, 0x00, 0x00, 0x00, 0x00, 0x00, 0x00, 0x00, 0x00, 0x00, 0x00, 0x00, 0x00, 0x00, 0x00, 0x00,
    0x00, 0x00, 0x00, 0x00, 0x00, 0x00, 0x00, 0x00, 0x00, 0x00, 0x00, 0x00, 0x00, 0x00, 0x00, 0x00,
    0x00, 0x00, 0x00, 0x00, 0x00, 0x00, 0x00, 0x00, 0x00, 0x00, 0x00, 0x00, 0x00, 0x00, 0x00, 0x00,
    0x00, 0x00, 0x00, 0x00, 0x00, 0x00, 0x00, 0x00, 0x00, 0x00, 0x00, 0x00, 0x00, 0x00, 0x00, 0x00,
};

const lv_image_dsc_t blk_flat = {
    .header = {
        .magic = LV_IMAGE_HEADER_MAGIC,
        .cf = LV_COLOR_FORMAT_ARGB8888,
        .flags = 0,
        .w = 132,
        .h = 70,
        .stride = 528,
        .reserved_2 = 0,
    },
    .data_size = sizeof(blk_flat_map),
    .data = blk_flat_map,
};
